user,day,anomaly_score,primary_reason,logon_count,logoff_count,unique_pcs,after_hours_ratio,device_connects,file_count,unique_files
MPM0220,2010-09-15,-0.1274197976740563,logon_count (z=1.83),8,7,6,1.625,13.0,34.0,34.0
MPM0220,2010-08-05,-0.1232374434267769,logoff_count (z=1.80),7,7,6,1.5714285714285714,13.0,28.0,28.0
AJF0370,2010-01-29,-0.12295937368010468,device_connects (z=1.69),7,6,6,1.4285714285714286,14.0,37.0,37.0
AJF0370,2010-09-13,-0.12295937368010468,file_count (z=2.59),7,6,6,1.4285714285714286,14.0,49.0,49.0
AJF0370,2011-04-11,-0.12295937368010468,device_connects (z=1.69),7,6,6,1.4285714285714286,14.0,37.0,37.0
MPM0220,2010-06-09,-0.12295937368010468,device_connects (z=1.39),7,6,6,1.4285714285714286,14.0,36.0,36.0
MPM0220,2010-10-11,-0.12295937368010468,file_count (z=1.48),7,6,6,1.4285714285714286,14.0,41.0,41.0
AJF0370,2010-11-15,-0.12295937368010468,device_connects (z=1.69),7,6,6,1.4285714285714286,14.0,41.0,41.0
MPM0220,2010-11-02,-0.12240351631449675,unique_pcs (z=1.33),7,6,6,1.4285714285714286,13.0,39.0,39.0
AJF0370,2010-05-24,-0.12240351631449675,logon_count (z=1.54),7,6,6,1.4285714285714286,13.0,39.0,39.0
AJF0370,2011-03-24,-0.12240351631449675,logon_count (z=1.54),7,6,6,1.4285714285714286,13.0,35.0,35.0
AJF0370,2010-09-14,-0.12240351631449675,logon_count (z=1.54),7,6,6,1.4285714285714286,13.0,37.0,37.0
MPM0220,2010-05-17,-0.12240351631449675,unique_pcs (z=1.33),7,6,6,1.4285714285714286,13.0,36.0,36.0
AJF0370,2011-01-05,-0.12206812935430511,file_count (z=2.59),6,6,6,1.6666666666666667,14.0,49.0,49.0
AJF0370,2011-02-11,-0.12206812935430511,after_hours_ratio (z=2.04),6,6,6,1.6666666666666667,14.0,42.0,42.0
MPM0220,2010-08-24,-0.1218480349071771,logon_count (z=1.83),8,7,6,1.25,14.0,39.0,39.0
MPM0220,2010-07-30,-0.1218480349071771,file_count (z=1.91),7,7,6,1.2857142857142858,14.0,44.0,44.0
AJF0370,2010-07-08,-0.1218480349071771,device_connects (z=1.69),7,6,6,1.2857142857142858,14.0,35.0,35.0
MPM0220,2010-06-15,-0.1218480349071771,file_count (z=2.05),8,7,6,1.25,14.0,45.0,45.0
IBB0359,2011-04-29,-0.12157043510840548,file_count (z=3.34),7,6,6,1.4285714285714286,13.0,30.0,30.0
AJF0370,2010-09-20,-0.1215128747884654,after_hours_ratio (z=2.04),6,6,6,1.6666666666666667,13.0,35.0,35.0
MPM0220,2010-09-02,-0.1215128747884654,after_hours_ratio (z=1.85),6,6,6,1.6666666666666667,13.0,32.0,32.0
MPM0220,2010-08-13,-0.12129292920386348,logon_count (z=1.83),8,7,6,1.25,13.0,36.0,36.0
MPM0220,2010-03-05,-0.12129292920386348,logon_count (z=1.83),8,7,6,1.25,13.0,40.0,40.0
MPM0220,2010-08-10,-0.12046097453808535,unique_pcs (z=1.33),7,6,6,1.2857142857142858,13.0,30.0,30.0
AJF0370,2011-03-04,-0.12040349205451994,after_hours_ratio (z=2.04),6,6,6,1.6666666666666667,13.0,29.0,29.0
AJF0370,2010-07-07,-0.11984936337857299,logon_count (z=1.54),7,6,6,1.4285714285714286,12.0,40.0,40.0
MPM0220,2010-11-03,-0.11984936337857299,unique_pcs (z=1.33),7,6,6,1.4285714285714286,12.0,35.0,35.0
AJF0370,2011-03-01,-0.11984936337857299,logon_count (z=1.54),7,6,6,1.4285714285714286,12.0,36.0,36.0
AJF0370,2011-03-07,-0.119629863777716,device_connects (z=1.69),7,6,6,1.0,14.0,32.0,32.0
MPM0220,2010-06-28,-0.119629863777716,device_connects (z=1.39),7,6,6,1.1428571428571428,14.0,34.0,34.0
AJF0370,2010-12-08,-0.119629863777716,file_count (z=1.78),7,6,6,1.1428571428571428,14.0,43.0,43.0
MPM0220,2010-08-20,-0.119629863777716,file_count (z=2.19),7,6,6,1.1428571428571428,14.0,46.0,46.0
AJF0370,2010-10-12,-0.119629863777716,device_connects (z=1.69),7,6,6,1.1428571428571428,14.0,32.0,32.0
MPM0220,2010-04-28,-0.119629863777716,file_count (z=1.91),7,6,6,1.1428571428571428,14.0,44.0,44.0
MPM0220,2010-10-04,-0.119629863777716,file_count (z=2.19),7,6,6,1.1428571428571428,14.0,46.0,46.0
AJF0370,2010-07-02,-0.119629863777716,file_count (z=2.19),7,6,6,1.1428571428571428,14.0,46.0,46.0
AJF0370,2011-05-11,-0.119629863777716,device_connects (z=1.69),7,6,6,1.1428571428571428,14.0,41.0,41.0
AJF0370,2011-05-16,-0.119629863777716,file_count (z=2.05),7,6,6,1.1428571428571428,14.0,45.0,45.0
MPM0220,2010-09-28,-0.11935301424414779,logon_count (z=1.83),8,6,6,0.875,14.0,31.0,31.0
MPM0220,2010-04-05,-0.11929560949170215,file_count (z=1.91),8,6,6,1.375,12.0,44.0,44.0
MPM0220,2010-07-02,-0.11907625835104252,file_count (z=1.62),7,6,6,1.1428571428571428,13.0,42.0,42.0
MPM0220,2010-07-15,-0.11907625835104252,unique_pcs (z=1.33),7,6,6,1.1428571428571428,13.0,35.0,35.0
MPM0220,2010-01-07,-0.11907625835104252,unique_pcs (z=1.33),7,6,6,1.1428571428571428,13.0,33.0,33.0
AJF0370,2011-02-28,-0.11907625835104252,logon_count (z=1.54),7,6,6,1.1428571428571428,13.0,38.0,38.0
MPM0220,2010-05-03,-0.11907625835104252,unique_pcs (z=1.33),7,6,6,1.1428571428571428,13.0,35.0,35.0
AJF0370,2011-01-07,-0.11896149170483283,file_count (z=2.19),6,6,6,1.6666666666666667,12.0,46.0,46.0
MPM0220,2010-03-18,-0.11879959606672774,logon_count (z=1.83),8,6,6,0.875,14.0,28.0,28.0
MPM0220,2010-03-11,-0.11879959606672774,logoff_count (z=1.80),7,7,6,1.0,14.0,31.0,31.0
AJF0370,2010-02-10,-0.11852302735954157,device_connects (z=1.69),7,6,6,1.1428571428571428,14.0,29.0,29.0
AJF0370,2011-04-12,-0.11852302735954157,device_connects (z=1.69),6,6,6,1.5,14.0,35.0,35.0
AJF0370,2011-03-11,-0.11852302735954157,logon_count (z=1.54),7,6,6,1.4285714285714286,13.0,27.0,27.0
AJF0370,2011-05-10,-0.11824655219783287,file_count (z=2.59),7,6,6,0.8571428571428571,14.0,49.0,49.0
AJF0370,2010-06-15,-0.11824655219783287,file_count (z=3.25),7,6,6,0.8571428571428571,14.0,54.0,54.0
MPM0220,2010-08-09,-0.11824655219783287,unique_pcs (z=1.33),7,6,6,1.1428571428571428,13.0,31.0,31.0
AJF0370,2010-02-25,-0.11824655219783287,logon_count (z=1.54),7,6,6,1.1428571428571428,13.0,31.0,31.0
MPM0220,2010-01-18,-0.11824655219783287,device_connects (z=1.39),7,6,6,0.8571428571428571,14.0,35.0,35.0
AJF0370,2010-12-13,-0.11824655219783287,device_connects (z=1.69),7,6,6,0.8571428571428571,14.0,32.0,32.0
MPM0220,2010-03-16,-0.11824655219783287,device_connects (z=1.39),7,6,6,0.8571428571428571,14.0,32.0,32.0
AJF0370,2010-06-24,-0.11824655219783287,device_connects (z=1.69),7,6,6,0.8571428571428571,14.0,37.0,37.0
MPM0220,2010-04-12,-0.11785555909780998,after_hours_ratio (z=1.85),6,6,6,1.6666666666666667,11.0,35.0,35.0
AJF0370,2010-01-27,-0.11769388238429657,logon_count (z=1.54),7,6,6,0.8571428571428571,13.0,35.0,35.0
MPM0220,2010-02-10,-0.11769388238429657,unique_pcs (z=1.33),7,6,6,0.8571428571428571,13.0,34.0,34.0
AJF0370,2010-11-25,-0.11769388238429657,logon_count (z=1.54),7,6,6,0.8571428571428571,13.0,32.0,32.0
AJF0370,2010-08-05,-0.11769388238429657,device_connects (z=1.69),6,6,6,1.5,14.0,30.0,30.0
AJF0370,2011-02-21,-0.11769388238429657,file_count (z=2.85),7,6,6,0.8571428571428571,13.0,51.0,51.0
AJF0370,2010-03-11,-0.11769388238429657,device_connects (z=1.69),7,6,6,1.4285714285714286,14.0,26.0,26.0
AJF0370,2010-03-30,-0.11769388238429657,logon_count (z=1.54),7,6,6,0.8571428571428571,13.0,36.0,36.0
MPM0220,2010-02-12,-0.11741768766922023,logoff_count (z=1.80),7,7,6,0.7142857142857143,14.0,33.0,33.0
MPM0220,2010-06-04,-0.11741768766922023,device_connects (z=1.39),7,6,6,0.8571428571428571,14.0,30.0,30.0
AJF0370,2010-06-29,-0.11741768766922023,device_connects (z=1.69),7,6,6,0.8571428571428571,14.0,30.0,30.0
AJF0370,2010-01-13,-0.11714158637312388,file_count (z=2.72),6,6,6,1.3333333333333333,14.0,50.0,50.0
AJF0370,2010-07-29,-0.11714158637312388,file_count (z=2.59),6,6,6,1.3333333333333333,14.0,49.0,49.0
AJF0370,2010-07-22,-0.11714158637312388,device_connects (z=1.69),6,6,6,1.3333333333333333,14.0,35.0,35.0
AJF0370,2011-03-21,-0.11714158637312388,logon_count (z=1.54),7,6,6,1.4285714285714286,13.0,26.0,26.0
MPM0220,2010-07-28,-0.11714158637312388,device_connects (z=1.39),7,6,6,0.5714285714285714,14.0,39.0,39.0
AJF0370,2010-05-03,-0.11714158637312388,device_connects (z=1.69),6,6,6,1.3333333333333333,14.0,41.0,41.0
AJF0370,2011-04-07,-0.11714158637312388,logon_count (z=1.54),7,6,6,1.4285714285714286,13.0,26.0,26.0
MPM0220,2010-06-14,-0.11714158637312388,device_connects (z=1.39),6,6,6,1.3333333333333333,14.0,37.0,37.0
MPM0220,2010-05-26,-0.11686557846440959,unique_pcs (z=1.33),7,6,6,0.8571428571428571,13.0,31.0,31.0
MPM0220,2010-09-07,-0.11680834822288244,after_hours_ratio (z=1.61),7,6,6,1.5714285714285714,12.0,26.0,26.0
AJF0370,2010-10-21,-0.11658966391149062,file_count (z=1.65),6,6,6,1.3333333333333333,13.0,42.0,42.0
AJF0370,2010-04-26,-0.11658966391149062,logon_count (z=1.54),7,6,6,0.5714285714285714,13.0,33.0,33.0
MPM0220,2010-10-19,-0.11658966391149062,unique_pcs (z=1.33),6,6,6,1.3333333333333333,13.0,37.0,37.0
MPM0220,2010-09-24,-0.11658966391149062,unique_pcs (z=1.33),7,6,6,0.5714285714285714,13.0,32.0,32.0
AJF0370,2010-03-05,-0.11658966391149062,logon_count (z=1.54),7,6,6,0.5714285714285714,13.0,38.0,38.0
AJF0370,2010-01-06,-0.11658966391149062,logoff_count (z=1.45),6,6,6,1.3333333333333333,13.0,32.0,32.0
IBB0359,2010-11-12,-0.11658966391149062,file_count (z=3.82),6,6,6,1.3333333333333333,13.0,33.0,33.0
BSS0369,2010-09-30,-0.11653245302728821,logon_count (z=2.05),7,7,6,1.7142857142857142,14.0,15.0,15.0
AJF0370,2010-08-03,-0.11631384268279066,device_connects (z=1.69),7,6,6,0.8571428571428571,14.0,28.0,28.0
MPM0220,2010-10-28,-0.11625665114936556,after_hours_ratio (z=1.85),6,6,5,1.6666666666666667,13.0,38.0,38.0
AJF0370,2010-01-21,-0.11576248007179568,logoff_count (z=1.45),6,6,6,1.3333333333333333,13.0,30.0,30.0
MPM0220,2010-02-03,-0.11576248007179568,device_connects (z=1.39),7,6,6,1.1428571428571428,14.0,27.0,27.0
AJF0370,2011-01-17,-0.11548693862640169,device_connects (z=1.69),6,6,6,1.1666666666666667,14.0,38.0,38.0
IBB0359,2010-05-28,-0.11548693862640169,logon_count (z=2.05),8,7,6,1.5,14.0,18.0,18.0
MPM0220,2010-10-06,-0.11542980510604672,unique_pcs (z=1.33),7,6,6,1.1428571428571428,12.0,37.0,37.0
AJF0370,2010-01-26,-0.11542980510604672,after_hours_ratio (z=1.59),6,6,6,1.5,12.0,37.0,37.0
AJF0370,2011-04-06,-0.11521149037902811,file_count (z=2.72),6,6,6,1.0,14.0,50.0,50.0
IBB0359,2010-11-05,-0.11438570450985519,file_count (z=2.53),8,7,7,1.0,14.0,25.0,25.0
AJF0370,2010-01-14,-0.11438570450985519,device_connects (z=1.69),7,6,6,1.1428571428571428,14.0,26.0,26.0
BSS0369,2010-01-25,-0.11432864824873201,after_hours_ratio (z=1.53),6,6,6,1.6666666666666667,14.0,19.0,19.0
AJF0370,2011-02-14,-0.1143286482487319,logon_count (z=1.54),7,6,6,1.1428571428571428,11.0,34.0,34.0
AJF0370,2010-07-06,-0.1143286482487319,file_count (z=2.19),7,6,6,1.1428571428571428,11.0,46.0,46.0
AJF0370,2010-11-01,-0.1143286482487319,logon_count (z=1.54),7,6,6,1.0,12.0,29.0,29.0
MPM0220,2010-10-12,-0.11405359177679641,file_count (z=1.33),7,6,6,0.8571428571428571,12.0,40.0,40.0
AJF0370,2010-03-15,-0.11405359177679641,logon_count (z=1.54),7,6,6,0.8571428571428571,12.0,33.0,33.0
MPM0220,2010-07-16,-0.11405359177679641,unique_pcs (z=1.33),7,6,6,0.8571428571428571,12.0,32.0,32.0
AJF0370,2011-03-02,-0.11405359177679641,file_count (z=2.32),7,6,6,0.8571428571428571,12.0,47.0,47.0
MPM0220,2010-09-13,-0.11383564600954021,device_connects (z=1.39),7,6,6,0.8571428571428571,14.0,27.0,27.0
IBB0359,2010-06-22,-0.11383564600954021,file_count (z=2.86),7,6,6,0.8571428571428571,14.0,27.0,27.0
IBB0359,2011-02-22,-0.1135607562886819,unique_pcs (z=2.08),8,7,7,1.0,14.0,19.0,19.0
IBB0359,2011-01-07,-0.11328595954540754,file_count (z=2.86),6,6,6,1.3333333333333333,14.0,27.0,27.0
MPM0220,2010-02-25,-0.11328595954540754,device_connects (z=1.39),7,6,6,1.4285714285714286,14.0,23.0,23.0
IBB0359,2010-07-30,-0.11273664486582768,logon_count (z=2.05),8,7,6,1.25,14.0,18.0,18.0
IBB0359,2010-03-19,-0.11218770171934145,file_count (z=1.57),7,6,6,1.1428571428571428,14.0,19.0,19.0
IBB0359,2010-10-12,-0.11218770171934145,file_count (z=2.53),7,6,6,1.1428571428571428,13.0,25.0,25.0
AJF0370,2010-04-22,-0.11213079966339967,logon_count (z=1.54),7,6,6,0.5714285714285714,11.0,39.0,39.0
EIS0041,2011-03-23,-0.11213079966339967,file_count (z=2.33),7,6,6,1.4285714285714286,6.0,28.0,28.0
BAL0044,2010-04-30,-0.11213079966339967,file_count (z=2.87),7,6,6,1.4285714285714286,6.0,28.0,28.0
MOS0047,2010-08-19,-0.11191336939247387,device_connects (z=2.31),7,7,7,1.4285714285714286,10.0,20.0,20.0
AJF0370,2011-02-15,-0.11191336939247387,logon_count (z=1.54),7,6,6,1.2857142857142858,13.0,24.0,24.0
MPM0220,2010-03-10,-0.11191336939247387,unique_pcs (z=1.33),7,6,6,1.2857142857142858,13.0,24.0,24.0
EIS0041,2010-01-25,-0.11179960776395625,file_count (z=3.54),6,6,6,1.6666666666666667,7.0,37.0,37.0
AJF0370,2010-10-29,-0.11136498307451392,device_connects (z=1.69),7,6,6,0.5714285714285714,14.0,26.0,26.0
IBB0359,2010-08-10,-0.11109092902066298,device_connects (z=1.48),7,6,6,1.1428571428571428,14.0,18.0,18.0
BSS0369,2010-01-18,-0.11109092902066298,file_count (z=1.68),6,6,6,1.5,14.0,20.0,20.0
BAL0044,2011-02-18,-0.11103410391095336,file_count (z=3.31),7,6,6,1.4285714285714286,5.0,31.0,31.0
MPM0220,2010-06-10,-0.11103410391095336,unique_pcs (z=1.33),6,6,6,1.0,12.0,33.0,33.0
HDS0367,2010-09-15,-0.11070335986824154,file_count (z=3.02),6,6,6,1.6666666666666667,6.0,30.0,30.0
IBB0359,2010-04-29,-0.11054309896640213,device_connects (z=1.48),7,6,6,1.0,14.0,16.0,16.0
IBB0359,2010-07-21,-0.11054309896640213,logon_count (z=1.41),7,6,6,1.1428571428571428,13.0,17.0,17.0
IBB0359,2010-10-14,-0.11054309896640213,logon_count (z=1.41),7,6,6,1.1428571428571428,13.0,17.0,17.0
EIS0041,2011-03-30,-0.11042952959913954,file_count (z=2.33),6,6,6,1.6666666666666667,7.0,28.0,28.0
MOS0047,2010-06-02,-0.11021255543497066,file_count (z=2.84),8,7,7,1.25,7.0,28.0,28.0
IBB0359,2011-05-11,-0.10999563944109736,file_count (z=1.89),7,6,6,0.8571428571428571,14.0,21.0,21.0
BSS0369,2010-01-07,-0.10999563944109736,file_count (z=2.65),6,6,6,1.0,14.0,26.0,26.0
AJF0370,2011-04-15,-0.10993889117356892,logoff_count (z=1.45),6,6,6,1.0,11.0,33.0,33.0
IBB0359,2010-02-22,-0.10972204854848133,file_count (z=1.89),7,6,6,0.8571428571428571,13.0,21.0,21.0
IBB0359,2010-03-26,-0.10972204854848133,file_count (z=2.21),7,6,6,1.1428571428571428,14.0,23.0,23.0
IBB0359,2010-07-16,-0.10972204854848133,file_count (z=1.57),7,6,6,0.8571428571428571,14.0,19.0,19.0
BSS0369,2010-06-08,-0.1096653194752567,after_hours_ratio (z=1.53),6,6,6,1.6666666666666667,13.0,14.0,14.0
BAL0044,2010-02-12,-0.1096653194752566,file_count (z=2.87),7,7,6,1.2857142857142858,6.0,28.0,28.0
MPM0220,2010-10-05,-0.1094485501941388,file_count (z=-1.53),7,6,6,0.8571428571428571,14.0,20.0,20.0
AJF0370,2010-08-02,-0.1094485501941388,logoff_count (z=1.45),6,6,6,1.3333333333333333,13.0,20.0,20.0
IBB0359,2011-04-08,-0.1094485501941388,file_count (z=1.73),7,6,6,0.8571428571428571,14.0,20.0,20.0
MPM0220,2010-06-22,-0.10917514434677,logon_count (z=1.23),7,6,5,1.1428571428571428,13.0,27.0,27.0
IBB0359,2010-08-18,-0.10890183097508588,unique_pcs (z=2.08),7,7,7,1.4285714285714286,13.0,11.0,11.0
MPM0220,2010-04-16,-0.10884515944582795,after_hours_ratio (z=1.68),5,5,5,1.6,13.0,40.0,40.0
AJF0370,2010-04-07,-0.10862861004780755,device_connects (z=1.69),6,6,6,1.1666666666666667,14.0,25.0,25.0
MPM0220,2010-02-02,-0.10862861004780755,logoff_count (z=1.15),6,6,5,1.1666666666666667,13.0,32.0,32.0
MPM0220,2010-03-19,-0.10862861004780755,file_count (z=1.62),6,6,5,1.1666666666666667,13.0,42.0,42.0
AJF0370,2010-05-14,-0.10835548153366725,file_count (z=-1.69),7,6,6,0.8571428571428571,14.0,17.0,17.0
MPM0220,2010-02-01,-0.10829884833462233,logon_count (z=1.23),7,5,5,1.2857142857142858,12.0,39.0,39.0
AJF0370,2010-03-13,-0.10824221910879017,after_hours_ratio (z=-1.70),7,6,6,0.2857142857142857,12.0,37.0,37.0
AJF0370,2011-03-23,-0.10808244540140755,device_connects (z=1.69),6,5,5,1.3333333333333333,14.0,34.0,34.0
AJF0370,2010-02-03,-0.10808244540140755,device_connects (z=1.69),6,5,5,1.3333333333333333,14.0,42.0,42.0
EIS0041,2010-09-09,-0.10802583135774602,file_count (z=2.06),7,6,6,1.4285714285714286,7.0,26.0,26.0
IBB0359,2010-01-13,-0.10780950161978131,file_count (z=1.41),7,6,6,1.1428571428571428,12.0,18.0,18.0
AJF0370,2010-07-26,-0.10753665015755254,after_hours_ratio (z=1.14),6,5,5,1.3333333333333333,13.0,38.0,38.0
AJF0370,2010-09-02,-0.10753665015755254,file_count (z=1.52),6,5,5,1.3333333333333333,13.0,41.0,41.0
MPM0220,2010-08-04,-0.10753665015755254,logon_count (z=1.23),7,5,5,0.5714285714285714,13.0,38.0,38.0
AJF0370,2010-12-27,-0.10753665015755254,file_count (z=2.19),6,5,5,1.3333333333333333,13.0,46.0,46.0
AJF0370,2011-02-10,-0.10753665015755254,file_count (z=3.12),6,5,5,1.3333333333333333,13.0,53.0,53.0
AJF0370,2010-03-31,-0.10753665015755254,file_count (z=-1.95),7,6,6,1.1428571428571428,13.0,15.0,15.0
AJF0370,2010-01-12,-0.10753665015755254,after_hours_ratio (z=1.14),6,5,5,1.3333333333333333,13.0,36.0,36.0
AJF0370,2010-11-17,-0.10753665015755254,logon_count (z=1.54),7,6,6,0.8571428571428571,13.0,24.0,24.0
IBB0359,2010-11-02,-0.10753665015755254,logon_count (z=1.41),7,6,6,1.1428571428571428,12.0,17.0,17.0
IBB0359,2010-09-30,-0.10753665015755254,device_connects (z=1.48),7,6,6,1.4285714285714286,14.0,11.0,11.0
AJF0370,2011-04-20,-0.1072638909834952,logoff_count (z=1.45),6,6,6,1.3333333333333333,13.0,24.0,24.0
MOS0047,2010-09-03,-0.1072638909834952,device_connects (z=2.77),7,6,6,1.4285714285714286,11.0,14.0,14.0
MPM0220,2010-07-09,-0.10720733436711871,after_hours_ratio (z=1.43),6,6,5,1.5,11.0,29.0,29.0
MOS0047,2010-07-08,-0.10720733436711871,file_count (z=2.99),8,7,7,1.0,5.0,29.0,29.0
EIS0041,2010-05-25,-0.10720733436711871,file_count (z=2.46),7,6,6,1.0,6.0,29.0,29.0
EIS0041,2011-04-25,-0.10720733436711871,file_count (z=2.33),7,6,6,1.1428571428571428,7.0,28.0,28.0
IBB0359,2011-02-10,-0.10699122406639439,device_connects (z=1.48),7,6,6,1.2857142857142858,14.0,13.0,13.0
EIS0041,2011-02-04,-0.10693468657949834,file_count (z=2.33),7,6,6,1.1428571428571428,6.0,28.0,28.0
MPM0220,2010-03-09,-0.10693468657949834,file_count (z=1.19),6,6,5,1.3333333333333333,12.0,39.0,39.0
IBB0359,2010-10-28,-0.10671864937504538,file_count (z=2.53),6,6,6,0.8333333333333334,14.0,25.0,25.0
IBB0359,2010-12-29,-0.10671864937504538,logoff_count (z=1.98),7,7,6,1.4285714285714286,12.0,11.0,11.0
AJF0370,2010-08-27,-0.1063331723473816,after_hours_ratio (z=1.86),5,5,5,1.6,12.0,36.0,36.0
BSS0369,2010-10-02,-0.10617377654483695,device_connects (z=1.49),6,6,6,1.0,14.0,17.0,17.0
BSS0369,2010-04-03,-0.10617377654483695,file_count (z=2.00),6,6,6,1.0,14.0,22.0,22.0
BSS0369,2010-02-14,-0.10617377654483695,unique_pcs (z=2.06),7,7,7,0.5714285714285714,13.0,18.0,18.0
HDS0367,2010-01-15,-0.10611729640756928,file_count (z=3.77),7,6,6,0.8571428571428571,8.0,35.0,35.0
EIS0041,2010-06-21,-0.10606082023277619,file_count (z=2.06),6,6,6,1.6666666666666667,6.0,26.0,26.0
IBB0359,2010-12-09,-0.10590147834362107,logon_count (z=1.41),7,6,6,0.5714285714285714,13.0,16.0,16.0
IBB0359,2010-04-07,-0.10590147834362107,device_connects (z=1.48),7,6,6,1.1428571428571428,14.0,14.0,14.0
AJF0370,2010-02-08,-0.10584501730996598,after_hours_ratio (z=1.86),5,5,5,1.6,13.0,31.0,31.0
AJF0370,2010-06-08,-0.10584501730996598,after_hours_ratio (z=1.86),5,5,5,1.6,13.0,30.0,30.0
MPM0220,2010-05-28,-0.1056292722434441,file_count (z=1.91),6,5,5,1.0,13.0,44.0,44.0
MPM0220,2010-07-19,-0.1056292722434441,file_count (z=0.90),6,5,5,1.0,13.0,37.0,37.0
AJF0370,2010-12-16,-0.1056292722434441,device_connects (z=1.03),6,5,5,1.0,13.0,34.0,34.0
AJF0370,2011-04-18,-0.1056292722434441,file_count (z=2.05),6,5,5,1.0,13.0,45.0,45.0
AJF0370,2010-05-07,-0.1056292722434441,file_count (z=2.45),6,5,5,1.0,13.0,48.0,48.0
AJF0370,2010-08-12,-0.1056292722434441,device_connects (z=1.03),6,5,5,1.0,13.0,37.0,37.0
IBB0359,2010-12-16,-0.1056292722434441,logon_count (z=1.41),7,6,6,1.0,13.0,14.0,14.0
MPM0220,2010-01-12,-0.1056292722434441,device_connects (z=0.84),6,5,5,1.0,13.0,35.0,35.0
EIS0041,2011-01-14,-0.1056292722434441,device_connects (z=1.89),7,6,6,1.4285714285714286,7.0,22.0,22.0
AJF0370,2010-12-01,-0.1056292722434441,file_count (z=2.85),6,5,5,1.0,13.0,51.0,51.0
MOS0047,2010-08-16,-0.10535715821315395,device_connects (z=2.31),8,7,7,1.125,10.0,15.0,15.0
MPM0220,2010-10-25,-0.10535715821315395,device_connects (z=1.39),7,6,6,0.5714285714285714,14.0,23.0,23.0
MOS0047,2010-03-17,-0.10535715821315395,after_hours_ratio (z=1.55),7,6,6,1.4285714285714286,8.0,19.0,19.0
BSS0369,2010-09-21,-0.10508513622160942,device_connects (z=1.49),6,6,6,1.3333333333333333,14.0,15.0,15.0
BSS0369,2010-02-26,-0.10508513622160942,file_count (z=1.84),6,6,6,0.8333333333333334,14.0,21.0,21.0
IBB0359,2011-02-15,-0.10508513622160942,device_connects (z=1.48),7,6,6,1.4285714285714286,14.0,10.0,10.0
MPM0220,2010-10-27,-0.1050287324600313,after_hours_ratio (z=1.68),5,5,5,1.6,13.0,28.0,28.0
AJF0370,2011-02-08,-0.10481320623767976,device_connects (z=1.03),6,5,5,1.1666666666666667,13.0,32.0,32.0
BSS0369,2010-01-14,-0.10481320623767976,unique_pcs (z=1.37),6,6,6,1.3333333333333333,12.0,17.0,17.0
AJF0370,2010-12-21,-0.10481320623767976,device_connects (z=1.03),6,5,5,1.0,13.0,32.0,32.0
IBB0359,2010-01-06,-0.10481320623767976,logon_count (z=2.05),8,7,6,1.0,13.0,12.0,12.0
MOS0047,2010-03-16,-0.10481320623767976,after_hours_ratio (z=1.55),7,6,6,1.4285714285714286,8.0,16.0,16.0
IBB0359,2010-09-21,-0.10481320623767976,device_connects (z=1.48),7,6,6,0.5714285714285714,14.0,15.0,15.0
EIS0041,2010-08-17,-0.10481320623767976,file_count (z=1.93),7,6,6,1.4285714285714286,5.0,25.0,25.0
AJF0370,2010-08-16,-0.10454136823024462,after_hours_ratio (z=1.14),6,5,5,1.3333333333333333,13.0,30.0,30.0
AJF0370,2010-03-10,-0.10454136823024462,after_hours_ratio (z=1.14),6,5,5,1.3333333333333333,13.0,31.0,31.0
MPM0220,2010-04-01,-0.10454136823024462,after_hours_ratio (z=1.01),6,5,5,1.3333333333333333,13.0,30.0,30.0
AJF0370,2011-02-09,-0.10454136823024462,after_hours_ratio (z=1.14),6,5,5,1.3333333333333333,13.0,31.0,31.0
IBB0359,2010-12-03,-0.10426962216819413,device_connects (z=1.48),7,6,6,1.1428571428571428,14.0,12.0,12.0
MPM0220,2010-05-24,-0.10426962216819413,file_count (z=0.90),6,5,5,0.6666666666666666,13.0,37.0,37.0
AJF0370,2011-03-20,-0.10426962216819413,device_connects (z=1.03),6,5,5,0.6666666666666666,13.0,37.0,37.0
AJF0370,2010-08-25,-0.10426962216819413,device_connects (z=1.03),6,5,5,0.6666666666666666,13.0,35.0,35.0
HDS0367,2010-03-24,-0.10426962216819413,file_count (z=1.67),7,6,6,1.4285714285714286,6.0,21.0,21.0
AJF0370,2010-01-04,-0.10426962216819413,device_connects (z=1.03),6,5,5,0.6666666666666666,13.0,37.0,37.0
IBB0359,2011-04-15,-0.10426962216819413,device_connects (z=1.48),7,6,6,1.1428571428571428,14.0,12.0,12.0
AJF0370,2010-05-28,-0.10426962216819413,file_count (z=1.25),6,5,5,0.6666666666666666,13.0,39.0,39.0
BSS0369,2010-08-03,-0.10421327562059834,after_hours_ratio (z=1.53),6,6,6,1.6666666666666667,12.0,11.0,11.0
HDS0367,2010-07-08,-0.10421327562059823,file_count (z=3.02),6,6,6,1.3333333333333333,7.0,30.0,30.0
MOS0047,2010-05-03,-0.10399796802042915,after_hours_ratio (z=1.55),7,6,6,1.4285714285714286,7.0,19.0,19.0
BSS0369,2010-02-15,-0.10399796802042915,file_count (z=1.84),6,6,6,1.0,11.0,21.0,21.0
IBB0359,2010-05-25,-0.10399796802042915,logon_count (z=1.41),7,6,6,1.1428571428571428,11.0,15.0,15.0
AJF0370,2010-09-29,-0.10394164053126098,file_count (z=2.72),6,5,5,1.3333333333333333,12.0,50.0,50.0
AJF0370,2010-06-21,-0.10394164053126098,file_count (z=1.25),6,5,5,1.3333333333333333,12.0,39.0,39.0
AJF0370,2010-10-22,-0.10394164053126098,after_hours_ratio (z=1.14),6,5,5,1.3333333333333333,12.0,37.0,37.0
MPM0220,2010-07-23,-0.103726405755861,logon_count (z=1.23),7,6,5,0.5714285714285714,13.0,26.0,26.0
MPM0220,2010-08-12,-0.10345493534341155,device_connects (z=0.84),5,5,5,1.2,13.0,35.0,35.0
AJF0370,2010-04-13,-0.10345493534341155,device_connects (z=1.03),6,5,5,0.6666666666666666,13.0,33.0,33.0
MPM0220,2010-03-12,-0.10345493534341155,file_count (z=1.05),5,5,5,1.2,13.0,38.0,38.0
AJF0370,2011-02-16,-0.10345493534341155,device_connects (z=1.03),6,5,5,0.6666666666666666,13.0,32.0,32.0
BSS0369,2010-06-11,-0.10345493534341155,file_count (z=1.84),6,6,6,0.6666666666666666,14.0,21.0,21.0
CCA0046,2010-07-06,-0.10339864595176207,file_count (z=2.90),6,6,6,1.3333333333333333,6.0,28.0,28.0
MPM0220,2010-01-11,-0.10334236050920498,after_hours_ratio (z=1.68),5,5,5,1.6,12.0,31.0,31.0
HDS0367,2011-01-26,-0.10318355675201296,device_connects (z=1.75),7,6,6,1.4285714285714286,7.0,16.0,16.0
MOS0047,2010-02-04,-0.10318355675201296,file_count (z=1.94),7,6,6,1.2857142857142858,7.0,22.0,22.0
IBB0359,2010-10-25,-0.10318355675201296,logon_count (z=1.41),7,6,6,1.1428571428571428,13.0,11.0,11.0
MOS0047,2010-08-31,-0.10318355675201296,device_connects (z=2.31),7,6,6,0.8571428571428571,10.0,18.0,18.0
AJF0370,2010-03-18,-0.1031272863994589,after_hours_ratio (z=1.14),6,5,5,1.3333333333333333,12.0,32.0,32.0
BSS0369,2010-01-06,-0.10291226995060798,unique_pcs (z=1.37),6,6,6,1.3333333333333333,13.0,14.0,14.0
HDS0367,2011-04-11,-0.10291226995060798,device_connects (z=1.75),7,6,6,1.4285714285714286,7.0,18.0,18.0
MPM0220,2010-01-14,-0.10291226995060798,device_connects (z=0.84),5,5,5,1.0,13.0,32.0,32.0
EIS0041,2010-09-22,-0.10291226995060798,device_connects (z=1.89),7,6,6,1.4285714285714286,7.0,18.0,18.0
HDS0367,2010-01-13,-0.10291226995060798,device_connects (z=1.75),7,6,6,1.4285714285714286,7.0,18.0,18.0
BSS0369,2010-04-14,-0.10291226995060798,unique_pcs (z=1.37),6,6,6,1.3333333333333333,13.0,14.0,14.0
CCA0046,2010-10-08,-0.10285601863070981,file_count (z=1.72),6,6,6,1.6666666666666667,6.0,20.0,20.0
MPM0220,2010-04-13,-0.10285601863070981,file_count (z=1.05),6,5,4,1.3333333333333333,13.0,38.0,38.0
AJF0370,2010-04-08,-0.10285601863070981,after_hours_ratio (z=1.14),6,5,5,1.3333333333333333,11.0,37.0,37.0
MPM0220,2010-09-17,-0.10285601863070981,file_count (z=1.05),6,5,5,1.3333333333333333,11.0,38.0,38.0
GTD0219,2010-05-04,-0.10285601863070981,file_count (z=3.17),6,6,6,0.6666666666666666,6.0,33.0,33.0
EIS0041,2010-03-02,-0.10285601863070981,file_count (z=2.06),7,6,6,1.1428571428571428,7.0,26.0,26.0
CCA0046,2010-05-19,-0.10285601863070981,file_count (z=2.02),6,6,6,1.6666666666666667,6.0,22.0,22.0
MPM0220,2010-09-10,-0.10285601863070981,file_count (z=1.48),6,5,5,1.3333333333333333,11.0,41.0,41.0
MPM0220,2010-03-26,-0.10264107490815022,device_connects (z=0.84),6,5,5,1.0,13.0,31.0,31.0
AJF0370,2011-02-17,-0.10264107490815022,device_connects (z=1.03),6,5,5,1.0,13.0,30.0,30.0
AJF0370,2010-09-03,-0.10264107490815022,device_connects (z=1.03),6,5,5,1.0,13.0,31.0,31.0
MPM0220,2010-01-06,-0.10264107490815022,device_connects (z=0.84),5,5,5,0.8,13.0,34.0,34.0
AJF0370,2011-01-04,-0.10236997159360328,device_connects (z=1.03),6,5,5,1.0,13.0,29.0,29.0
MPM0220,2010-05-04,-0.10236997159360328,device_connects (z=0.84),6,5,5,1.1666666666666667,13.0,29.0,29.0
BSS0369,2010-03-15,-0.10225754898956108,after_hours_ratio (z=1.53),6,6,6,1.6666666666666667,14.0,9.0,9.0
MPM0220,2010-03-04,-0.10225754898956108,after_hours_ratio (z=1.68),5,5,5,1.6,11.0,31.0,31.0
AJF0370,2011-01-10,-0.10204276571539406,file_count (z=1.12),6,5,5,1.0,12.0,38.0,38.0
MPM0220,2010-02-19,-0.10204276571539406,file_count (z=0.76),6,5,5,1.0,12.0,36.0,36.0
MPM0220,2010-09-09,-0.10204276571539406,file_count (z=0.76),6,5,5,1.0,12.0,36.0,36.0
AJF0370,2010-09-22,-0.10204276571539406,logon_count (z=0.85),6,5,5,1.0,12.0,34.0,34.0
MPM0220,2010-10-15,-0.10204276571539406,file_count (z=1.33),6,5,5,1.0,12.0,40.0,40.0
IBB0359,2010-12-08,-0.10198657539726486,after_hours_ratio (z=2.03),6,6,6,1.6666666666666667,13.0,9.0,9.0
BSS0369,2010-01-12,-0.1018280400241498,device_connects (z=1.49),6,6,6,1.3333333333333333,14.0,13.0,13.0
AJF0370,2011-04-14,-0.1018280400241498,device_connects (z=1.03),6,5,5,1.0,13.0,28.0,28.0
AJF0370,2010-04-21,-0.1018280400241498,after_hours_ratio (z=-1.12),6,5,5,0.5,13.0,36.0,36.0
BAL0044,2010-02-02,-0.1018280400241498,file_count (z=1.85),7,6,6,1.4285714285714286,5.0,21.0,21.0
AJF0370,2011-04-25,-0.1018280400241498,file_count (z=1.25),6,5,5,0.5,13.0,39.0,39.0
IBB0359,2011-04-27,-0.1018280400241498,device_connects (z=1.48),7,6,6,0.8571428571428571,14.0,13.0,13.0
CCA0046,2010-05-06,-0.10177186477052114,device_connects (z=1.89),6,6,6,1.6666666666666667,7.0,16.0,16.0
CCA0046,2010-03-03,-0.10177186477052114,file_count (z=2.31),6,6,6,1.6666666666666667,6.0,24.0,24.0
HDS0367,2010-11-15,-0.10155721170722343,file_count (z=1.97),7,6,6,1.2857142857142858,6.0,23.0,23.0
BSS0369,2010-07-13,-0.10144490314069743,file_count (z=2.98),5,5,5,1.6,11.0,28.0,28.0
MOS0047,2010-03-05,-0.10128647499416821,after_hours_ratio (z=1.55),7,6,6,1.4285714285714286,6.0,18.0,18.0
IBB0359,2011-02-04,-0.10128647499416821,device_connects (z=1.48),7,6,6,1.1428571428571428,14.0,10.0,10.0
BSS0369,2010-05-10,-0.10128647499416821,device_connects (z=1.49),6,6,6,1.0,14.0,14.0,14.0
CCA0046,2010-10-15,-0.10128647499416821,logon_count (z=2.72),8,8,7,1.5,5.0,16.0,16.0
AJF0370,2010-07-16,-0.10128647499416821,device_connects (z=1.03),6,5,5,0.6666666666666666,13.0,30.0,30.0
MPM0220,2010-09-20,-0.1012303377350926,unique_pcs (z=0.64),6,5,5,1.0,12.0,33.0,33.0
MPM0220,2010-05-05,-0.1012303377350926,file_count (z=1.76),6,5,5,0.8333333333333334,12.0,43.0,43.0
HDS0367,2011-01-07,-0.1012303377350926,file_count (z=2.57),6,6,6,1.3333333333333333,7.0,27.0,27.0
IBB0359,2010-04-28,-0.10101582985400037,logon_count (z=1.41),7,6,6,1.1428571428571428,13.0,10.0,10.0
BSS0369,2010-09-20,-0.10101582985400037,device_connects (z=1.49),6,6,6,0.6666666666666666,14.0,18.0,18.0
HDS0367,2010-01-06,-0.10101582985400037,logon_count (z=1.48),7,6,6,1.4285714285714286,6.0,16.0,16.0
IBB0359,2010-06-02,-0.10101582985400037,unique_pcs (z=1.40),6,6,6,1.0,13.0,14.0,14.0
IBB0359,2011-01-14,-0.10101582985400037,file_count (z=1.73),7,5,5,1.0,13.0,20.0,20.0
GTD0219,2010-02-24,-0.10095971158256345,device_connects (z=1.80),6,6,6,1.6666666666666667,7.0,18.0,18.0
AJF0370,2010-03-19,-0.10095971158256345,file_count (z=1.92),6,5,5,1.0,11.0,44.0,44.0
AJF0370,2010-09-21,-0.10095971158256345,file_count (z=1.92),6,5,5,0.6666666666666666,12.0,44.0,44.0
MOS0047,2010-07-06,-0.10095971158256345,after_hours_ratio (z=2.23),6,6,6,1.6666666666666667,6.0,19.0,19.0
AJF0370,2010-07-21,-0.10068917696552626,after_hours_ratio (z=1.14),6,5,5,1.3333333333333333,12.0,29.0,29.0
AJF0370,2010-05-26,-0.10047481416844439,device_connects (z=1.03),6,5,5,0.6666666666666666,13.0,29.0,29.0
AJF0370,2011-04-27,-0.10047481416844439,device_connects (z=1.03),5,5,5,1.2,13.0,30.0,30.0
AJF0370,2011-05-05,-0.10047481416844439,device_connects (z=1.03),6,5,5,0.6666666666666666,13.0,29.0,29.0
HDS0367,2010-01-20,-0.10020444356114122,device_connects (z=1.75),7,6,6,1.1428571428571428,7.0,21.0,21.0
MOS0047,2010-05-25,-0.10020444356114122,file_count (z=1.49),7,6,6,1.1428571428571428,8.0,19.0,19.0
BSS0369,2010-04-08,-0.10020444356114122,device_connects (z=1.49),6,6,6,0.6666666666666666,14.0,16.0,16.0
IBB0359,2011-02-07,-0.10020444356114122,device_connects (z=1.48),6,6,6,1.3333333333333333,14.0,12.0,12.0
IBB0359,2010-09-22,-0.10020444356114122,device_connects (z=1.48),6,6,6,1.3333333333333333,14.0,12.0,12.0
IBB0359,2010-02-12,-0.10020444356114122,logon_count (z=1.41),7,6,5,1.2857142857142858,13.0,13.0,13.0
MPM0220,2010-03-03,-0.1001483822140955,after_hours_ratio (z=-0.65),6,5,5,0.6666666666666666,12.0,32.0,32.0
AJF0370,2011-03-15,-0.1001483822140955,after_hours_ratio (z=1.14),6,5,5,1.3333333333333333,12.0,28.0,28.0
EIS0041,2010-07-30,-0.1001483822140955,file_count (z=2.20),7,6,6,0.42857142857142855,7.0,27.0,27.0
AJF0370,2010-01-17,-0.09993416440289538,device_connects (z=1.03),6,5,5,0.6666666666666666,13.0,28.0,28.0
CCA0046,2010-08-09,-0.09987812201781221,after_hours_ratio (z=1.47),6,6,6,1.6666666666666667,6.0,16.0,16.0
CCA0046,2010-02-25,-0.09987812201781221,file_count (z=3.34),6,6,6,0.6666666666666666,5.0,31.0,31.0
EIS0041,2010-10-19,-0.09987812201781221,after_hours_ratio (z=2.04),6,6,6,1.6666666666666667,6.0,16.0,16.0
IBB0359,2011-04-12,-0.09987812201781221,device_connects (z=1.48),7,6,6,1.4285714285714286,14.0,8.0,8.0
HDS0367,2010-07-21,-0.09966397666277538,logon_count (z=1.48),7,6,6,1.4285714285714286,5.0,19.0,19.0
BAL0044,2010-06-25,-0.09966397666277538,file_count (z=2.44),7,6,6,1.1428571428571428,5.0,25.0,25.0
BSS0369,2010-08-22,-0.09966397666277538,file_count (z=1.52),6,6,6,0.3333333333333333,14.0,19.0,19.0
BAL0044,2011-03-25,-0.09966397666277538,file_count (z=1.56),7,6,6,1.4285714285714286,5.0,19.0,19.0
HDS0367,2010-12-01,-0.09939388030986052,file_count (z=1.82),7,6,6,1.1428571428571428,6.0,22.0,22.0
MPM0220,2010-10-22,-0.09939388030986052,device_connects (z=0.84),6,5,5,1.0,13.0,27.0,27.0
EIS0041,2010-01-19,-0.09939388030986052,file_count (z=1.53),7,6,6,1.1428571428571428,6.0,22.0,22.0
HDS0367,2010-03-30,-0.09939388030986052,file_count (z=1.52),7,6,6,1.1428571428571428,6.0,20.0,20.0
IBB0359,2011-01-21,-0.09933787582946385,logon_count (z=1.41),7,6,6,1.1428571428571428,13.0,9.0,9.0
BSS0369,2010-09-10,-0.09933787582946374,file_count (z=2.49),5,5,5,1.6,13.0,25.0,25.0
AJF0370,2010-05-06,-0.09933787582946374,logoff_count (z=0.72),5,5,5,1.0,12.0,33.0,33.0
AJF0370,2010-09-08,-0.09933787582946374,file_count (z=1.12),5,5,5,0.8,12.0,38.0,38.0
MPM0220,2010-04-07,-0.0992818752781709,after_hours_ratio (z=1.01),6,5,4,1.3333333333333333,12.0,34.0,34.0
BAL0044,2010-07-08,-0.09912387531324018,after_hours_ratio (z=1.39),7,6,6,1.4285714285714286,5.0,17.0,17.0
EIS0041,2010-02-23,-0.09912387531324018,after_hours_ratio (z=1.59),6,6,6,1.5,6.0,22.0,22.0
BAL0044,2011-03-24,-0.09912387531324018,logoff_count (z=1.99),7,7,6,1.2857142857142858,5.0,20.0,20.0
HDS0367,2010-04-01,-0.09912387531324018,device_connects (z=2.32),7,6,6,1.4285714285714286,8.0,12.0,12.0
BAL0044,2010-03-16,-0.09912387531324018,after_hours_ratio (z=1.39),7,6,6,1.4285714285714286,5.0,17.0,17.0
HDS0367,2010-03-12,-0.09906788977557168,file_count (z=1.97),6,6,6,1.6666666666666667,5.0,23.0,23.0
AJF0370,2010-08-06,-0.09906788977557168,logon_count (z=0.85),6,5,5,1.0,12.0,30.0,30.0
MPM0220,2010-03-24,-0.09901190816567806,after_hours_ratio (z=-1.48),6,6,6,0.3333333333333333,11.0,27.0,27.0
MOS0047,2010-05-24,-0.09885396164201443,file_count (z=1.64),7,6,6,0.8571428571428571,7.0,20.0,20.0
MOS0047,2010-01-25,-0.09885396164201443,logon_count (z=1.78),8,7,7,1.25,6.0,18.0,18.0
IBB0359,2011-01-18,-0.09885396164201443,file_count (z=2.37),6,6,5,1.1666666666666667,13.0,24.0,24.0
HDS0367,2010-06-28,-0.09885396164201443,device_connects (z=2.32),7,6,6,1.1428571428571428,8.0,23.0,23.0
EIS0041,2010-01-21,-0.09885396164201443,device_connects (z=2.48),7,6,6,1.1428571428571428,8.0,17.0,17.0
BSS0369,2010-06-19,-0.09858413926529375,unique_pcs (z=1.37),6,6,6,1.0,13.0,13.0,13.0
IBB0359,2011-05-13,-0.09858413926529375,unique_pcs (z=2.08),8,7,7,1.0,12.0,10.0,10.0
BAL0044,2011-04-29,-0.09858413926529375,file_count (z=1.41),7,6,6,1.4285714285714286,5.0,18.0,18.0
MOS0047,2010-06-01,-0.09858413926529375,device_connects (z=1.38),7,6,6,1.1428571428571428,8.0,18.0,18.0
AJF0370,2010-04-28,-0.0985281915938625,after_hours_ratio (z=1.14),6,5,5,1.3333333333333333,10.0,31.0,31.0
AJF0370,2010-06-04,-0.0985281915938625,logoff_count (z=0.72),5,5,5,0.8,12.0,32.0,32.0
MOS0047,2010-03-08,-0.0985281915938625,file_count (z=2.84),6,6,6,1.0,5.0,28.0,28.0
EIS0041,2010-03-31,-0.09831440815219905,logon_count (z=1.48),7,6,6,0.8571428571428571,6.0,21.0,21.0
IBB0359,2010-05-27,-0.09831440815219905,unique_pcs (z=1.40),6,6,6,1.3333333333333333,13.0,11.0,11.0
MOS0047,2010-09-09,-0.09831440815219905,after_hours_ratio (z=1.55),7,6,6,1.4285714285714286,7.0,14.0,14.0
MOS0047,2010-02-01,-0.09831440815219905,after_hours_ratio (z=1.55),7,6,6,1.4285714285714286,7.0,14.0,14.0
EIS0041,2010-11-17,-0.09831440815219905,logon_count (z=2.16),8,7,7,1.0,6.0,19.0,19.0
EIS0041,2010-06-04,-0.09831440815219905,file_count (z=1.66),7,6,6,0.8571428571428571,6.0,23.0,23.0
AJF0370,2010-11-05,-0.09825847940428123,logon_count (z=0.85),6,5,5,1.0,12.0,28.0,28.0
BSS0369,2010-05-18,-0.09825847940428123,file_count (z=1.52),5,5,5,1.6,13.0,19.0,19.0
HDS0367,2011-03-14,-0.0980447682718617,device_connects (z=2.32),7,6,6,0.8571428571428571,8.0,19.0,19.0
MOS0047,2010-06-30,-0.0980447682718617,after_hours_ratio (z=1.55),7,6,6,1.4285714285714286,8.0,11.0,11.0
CCA0046,2010-04-14,-0.0980447682718617,file_count (z=2.46),6,6,6,1.3333333333333333,6.0,25.0,25.0
IBB0359,2010-06-15,-0.0980447682718617,file_count (z=1.41),7,6,5,0.7142857142857143,13.0,18.0,18.0
AJF0370,2010-10-20,-0.09798885844105676,logon_count (z=0.85),6,5,5,0.6666666666666666,12.0,30.0,30.0
AJF0370,2010-03-12,-0.09798885844105676,logon_count (z=0.85),6,5,5,1.0,11.0,31.0,31.0
BSS0369,2010-08-19,-0.09798885844105676,file_count (z=2.00),5,5,5,1.6,13.0,22.0,22.0
BSS0369,2010-03-12,-0.09787705054656193,after_hours_ratio (z=1.53),6,6,6,1.6666666666666667,13.0,8.0,8.0
IBB0359,2010-09-01,-0.09777521959342361,logon_count (z=1.41),7,6,6,1.1428571428571428,12.0,10.0,10.0
MPM0220,2010-02-11,-0.09777521959342361,device_connects (z=0.84),6,5,5,1.1666666666666667,13.0,26.0,26.0
MPM0220,2010-02-18,-0.09771932867333288,logon_count (z=0.62),6,5,4,1.0,12.0,34.0,34.0
MPM0220,2010-07-27,-0.09771932867333288,after_hours_ratio (z=1.01),6,5,5,1.3333333333333333,12.0,27.0,27.0
HDS0367,2010-06-22,-0.0975057620860369,device_connects (z=1.75),7,6,6,1.1428571428571428,7.0,17.0,17.0
MOS0047,2010-03-24,-0.0975057620860369,logoff_count (z=1.69),7,7,7,0.8571428571428571,7.0,19.0,19.0
IBB0359,2010-07-09,-0.0975057620860369,file_count (z=1.57),6,5,5,1.3333333333333333,13.0,19.0,19.0
BSS0369,2010-03-18,-0.0975057620860369,device_connects (z=1.49),6,6,6,1.0,14.0,12.0,12.0
EIS0041,2010-07-15,-0.0975057620860369,logoff_count (z=2.06),7,7,7,1.4285714285714286,6.0,14.0,14.0
IBB0359,2010-04-23,-0.09744989007026428,logon_count (z=1.41),7,6,6,1.4285714285714286,12.0,8.0,8.0
BSS0369,2010-08-20,-0.09723639571886422,unique_pcs (z=1.37),6,6,6,0.8333333333333334,12.0,15.0,15.0
MPM0220,2010-04-27,-0.0971805426010155,after_hours_ratio (z=-0.65),6,5,5,0.6666666666666666,12.0,29.0,29.0
EIS0041,2010-03-30,-0.09696712046107869,file_count (z=1.53),7,6,6,1.0,5.0,22.0,22.0
AJF0370,2010-02-09,-0.09696712046107869,device_connects (z=1.03),6,5,5,1.0,13.0,25.0,25.0
HDS0367,2010-11-02,-0.09696712046107869,logon_count (z=1.48),7,6,6,1.1428571428571428,6.0,19.0,19.0
HDS0367,2011-05-02,-0.09696712046107869,logon_count (z=1.48),7,6,6,1.1428571428571428,6.0,19.0,19.0
BSS0369,2010-01-05,-0.09696712046107869,file_count (z=2.81),5,5,5,1.2,13.0,27.0,27.0
EIS0041,2011-02-09,-0.09696712046107869,logon_count (z=1.48),7,6,6,1.1428571428571428,6.0,19.0,19.0
MOS0047,2010-06-07,-0.09696712046107869,file_count (z=2.09),7,7,7,1.1428571428571428,5.0,23.0,23.0
AJF0370,2010-03-03,-0.09691128623476197,after_hours_ratio (z=0.78),5,5,5,1.2,12.0,31.0,31.0
BAL0044,2010-01-12,-0.09669793628186385,file_count (z=1.71),7,6,6,1.1428571428571428,5.0,20.0,20.0
HDS0367,2011-04-21,-0.09669793628186385,file_count (z=1.52),7,6,6,1.1428571428571428,5.0,20.0,20.0
EIS0041,2010-10-12,-0.09669793628186385,file_count (z=1.66),7,6,6,1.1428571428571428,5.0,23.0,23.0
BAL0044,2011-01-12,-0.09669793628186385,file_count (z=1.71),7,6,6,1.1428571428571428,5.0,20.0,20.0
CCA0046,2010-08-23,-0.09664212094068936,device_connects (z=1.89),6,6,6,1.6666666666666667,7.0,13.0,13.0
GTD0219,2010-04-09,-0.09664212094068936,file_count (z=2.17),6,6,6,1.3333333333333333,5.0,26.0,26.0
AJF0370,2010-02-16,-0.09653050200556867,file_count (z=1.78),4,4,4,1.5,12.0,43.0,43.0
GTD0219,2010-05-25,-0.09642884315041367,device_connects (z=1.80),6,6,6,1.3333333333333333,7.0,23.0,23.0
MOS0047,2010-04-14,-0.09642884315041367,device_connects (z=1.38),7,6,6,0.8571428571428571,8.0,17.0,17.0
AJF0370,2010-03-02,-0.09642884315041367,device_connects (z=1.03),5,4,4,0.8,13.0,32.0,32.0
HDS0367,2010-06-03,-0.09642884315041367,device_connects (z=2.32),7,6,6,0.8571428571428571,8.0,17.0,17.0
BSS0369,2010-07-20,-0.09637304668799374,after_hours_ratio (z=1.38),5,5,5,1.6,13.0,18.0,18.0
BSS0369,2010-07-03,-0.09615984103593256,file_count (z=2.49),5,5,5,1.4,13.0,25.0,25.0
BSS0369,2010-04-20,-0.09615984103593256,device_connects (z=1.49),6,6,6,1.3333333333333333,14.0,10.0,10.0
IBB0359,2011-05-09,-0.09615984103593256,file_count (z=1.25),6,5,5,1.3333333333333333,13.0,17.0,17.0
BSS0369,2010-02-12,-0.09615984103593256,device_connects (z=1.49),6,6,6,1.3333333333333333,14.0,10.0,10.0
IBB0359,2010-02-25,-0.09615984103593256,file_count (z=1.25),6,5,5,1.3333333333333333,13.0,17.0,17.0
EIS0041,2010-10-14,-0.09615984103593256,file_count (z=1.66),7,6,6,0.8571428571428571,5.0,23.0,23.0
MPM0220,2010-04-15,-0.09604828976901669,after_hours_ratio (z=-1.48),6,5,5,0.3333333333333333,12.0,37.0,37.0
CCA0046,2010-03-29,-0.09589092990763537,device_connects (z=2.48),6,6,6,1.3333333333333333,8.0,17.0,17.0
EIS0041,2010-04-22,-0.09589092990763537,file_count (z=1.79),7,6,6,0.8571428571428571,5.0,24.0,24.0
IBB0359,2011-05-16,-0.09589092990763537,file_count (z=2.53),6,5,5,1.3333333333333333,12.0,25.0,25.0
EIS0041,2011-01-07,-0.09589092990763537,logon_count (z=1.48),7,6,6,0.7142857142857143,6.0,21.0,21.0
EIS0041,2010-03-22,-0.09589092990763537,logon_count (z=1.48),7,6,6,0.8571428571428571,6.0,19.0,19.0
AJF0370,2010-06-22,-0.09589092990763537,device_connects (z=1.03),6,5,5,0.6666666666666666,13.0,26.0,26.0
MPM0220,2010-03-29,-0.09583517118357021,unique_pcs (z=0.64),6,5,5,1.1666666666666667,12.0,27.0,27.0
AJF0370,2011-02-03,-0.09572366547075228,after_hours_ratio (z=1.59),4,4,4,1.5,12.0,33.0,33.0
BAL0044,2011-02-25,-0.09562210973474705,logon_count (z=2.05),8,7,6,1.375,6.0,14.0,14.0
BSS0369,2010-05-28,-0.09562210973474705,file_count (z=2.17),6,6,6,0.3333333333333333,13.0,23.0,23.0
EIS0041,2010-01-28,-0.09562210973474705,logon_count (z=1.48),7,6,6,0.8571428571428571,5.0,20.0,20.0
AJF0370,2010-04-17,-0.09562210973474705,after_hours_ratio (z=-1.12),6,5,5,0.5,13.0,27.0,27.0
EIS0041,2010-10-21,-0.09562210973474705,logon_count (z=1.48),7,6,6,0.8571428571428571,5.0,20.0,20.0
EIS0041,2010-07-21,-0.09562210973474705,logon_count (z=1.48),7,6,6,1.1428571428571428,6.0,18.0,18.0
CCA0046,2010-08-03,-0.09562210973474705,file_count (z=2.46),6,6,6,0.8333333333333334,6.0,25.0,25.0
HDS0367,2011-04-08,-0.09562210973474705,logon_count (z=1.48),7,6,6,1.1428571428571428,6.0,18.0,18.0
HDS0367,2011-05-05,-0.09556636987028655,after_hours_ratio (z=1.95),6,6,6,1.6666666666666667,7.0,12.0,12.0
GTD0219,2010-03-30,-0.09556636987028655,device_connects (z=1.80),6,6,6,1.6666666666666667,7.0,12.0,12.0
AJF0370,2010-04-01,-0.09545490187270855,after_hours_ratio (z=1.59),4,4,4,1.5,11.0,36.0,36.0
HDS0367,2010-02-01,-0.09535338048650344,logon_count (z=1.48),7,6,6,1.2857142857142858,6.0,15.0,15.0
BAL0044,2010-07-07,-0.09535338048650344,logoff_count (z=1.99),7,7,6,1.2857142857142858,4.0,16.0,16.0
BAL0044,2010-01-07,-0.09535338048650344,after_hours_ratio (z=1.39),7,6,6,1.4285714285714286,5.0,15.0,15.0
HDS0367,2010-07-22,-0.09535338048650344,file_count (z=1.67),7,6,6,0.8571428571428571,4.0,21.0,21.0
AJF0370,2010-01-18,-0.09535338048650344,device_connects (z=1.03),6,5,5,0.6666666666666666,13.0,25.0,25.0
MPM0220,2010-08-03,-0.09529765947526847,after_hours_ratio (z=1.01),6,5,5,1.3333333333333333,10.0,27.0,27.0
GTD0219,2010-06-04,-0.09529765947526847,after_hours_ratio (z=1.46),6,6,6,1.6666666666666667,6.0,14.0,14.0
CCA0046,2010-08-24,-0.09529765947526847,after_hours_ratio (z=1.47),6,6,6,1.6666666666666667,6.0,14.0,14.0
BSS0369,2010-02-19,-0.09508474213215046,unique_pcs (z=1.37),6,6,6,0.6666666666666666,13.0,13.0,13.0
AJF0370,2010-11-12,-0.09508474213215046,file_count (z=-1.15),6,5,5,1.3333333333333333,11.0,21.0,21.0
MOS0047,2010-01-04,-0.09502903996776435,logon_count (z=1.78),8,7,7,1.25,7.0,13.0,13.0
MPM0220,2010-03-02,-0.09502903996776424,logoff_count (z=0.51),5,5,4,1.0,12.0,33.0,33.0
EIS0041,2010-03-04,-0.0948161946409446,logon_count (z=2.16),8,7,7,1.125,5.0,17.0,17.0
HDS0367,2011-02-10,-0.0948161946409446,logon_count (z=1.48),7,6,6,1.4285714285714286,6.0,12.0,12.0
GTD0219,2010-04-07,-0.09476051131703245,after_hours_ratio (z=1.46),6,6,6,1.6666666666666667,6.0,13.0,13.0
GTD0219,2010-02-23,-0.09454773798215255,unique_pcs (z=1.97),7,7,7,1.1428571428571428,5.0,19.0,19.0
AJF0370,2011-05-04,-0.09454773798215255,device_connects (z=1.03),5,4,4,1.2,13.0,30.0,30.0
GTD0219,2010-05-07,-0.09449207349234201,file_count (z=2.17),6,6,6,1.0,5.0,26.0,26.0
AJF0370,2010-03-22,-0.09449207349234201,file_count (z=0.98),5,4,4,1.0,12.0,37.0,37.0
IBB0359,2010-11-17,-0.09427937212505166,after_hours_ratio (z=1.59),6,6,5,1.5,12.0,11.0,11.0
BAL0044,2010-10-19,-0.09427937212505166,logoff_count (z=1.99),7,7,6,1.1428571428571428,5.0,19.0,19.0
HDS0367,2011-03-01,-0.09427937212505166,file_count (z=1.97),6,6,6,1.1666666666666667,7.0,23.0,23.0
BSS0369,2010-09-14,-0.09422372646297239,unique_pcs (z=1.37),6,6,6,1.3333333333333333,13.0,9.0,9.0
BSS0369,2010-02-11,-0.09422372646297239,unique_pcs (z=1.37),6,6,6,1.3333333333333333,13.0,9.0,9.0
MPM0220,2010-10-07,-0.09422372646297228,file_count (z=1.33),5,4,4,1.2,12.0,40.0,40.0
AJF0370,2011-05-03,-0.09422372646297228,after_hours_ratio (z=0.78),5,4,4,1.2,12.0,34.0,34.0
AJF0370,2011-05-06,-0.09422372646297228,file_count (z=1.52),5,4,4,0.8,12.0,41.0,41.0
MPM0220,2010-02-16,-0.09422372646297228,file_count (z=1.05),5,4,4,1.2,12.0,38.0,38.0
MPM0220,2010-05-10,-0.09422372646297228,file_count (z=-0.67),6,5,5,1.0,12.0,26.0,26.0
AJF0370,2010-06-09,-0.09422372646297228,file_count (z=0.98),5,4,4,1.2,12.0,37.0,37.0
AJF0370,2010-12-28,-0.09422372646297228,file_count (z=0.58),5,4,4,0.8,12.0,34.0,34.0
AJF0370,2010-09-07,-0.09422372646297228,after_hours_ratio (z=0.78),5,4,4,1.2,12.0,34.0,34.0
AJF0370,2011-01-14,-0.09422372646297228,file_count (z=0.58),5,4,4,0.8,12.0,34.0,34.0
AJF0370,2010-05-04,-0.09422372646297228,file_count (z=0.85),5,4,4,1.2,12.0,36.0,36.0
AJF0370,2010-09-17,-0.09422372646297228,logon_count (z=0.85),6,5,5,0.6666666666666666,12.0,27.0,27.0
MPM0220,2010-04-22,-0.09422372646297228,after_hours_ratio (z=0.68),5,4,4,1.2,12.0,35.0,35.0
AJF0370,2010-05-10,-0.09422372646297228,after_hours_ratio (z=0.78),5,4,4,1.2,12.0,34.0,34.0
AJF0370,2010-11-18,-0.09411244685033049,after_hours_ratio (z=1.59),4,4,4,1.5,10.0,41.0,41.0
AJF0370,2011-01-13,-0.0940110970389294,device_connects (z=1.03),6,5,5,1.1666666666666667,13.0,23.0,23.0
GTD0219,2010-04-26,-0.0940110970389294,unique_pcs (z=1.28),6,6,6,1.3333333333333333,6.0,19.0,19.0
IBB0359,2010-01-12,-0.09374291269308388,after_hours_ratio (z=1.59),6,6,5,1.5,13.0,10.0,10.0
MPM0220,2010-05-21,-0.09374291269308388,file_count (z=-0.81),6,5,5,1.0,12.0,25.0,25.0
IBB0359,2011-01-11,-0.09374291269308388,file_count (z=1.89),6,5,5,1.0,12.0,21.0,21.0
AJF0370,2010-07-14,-0.09374291269308388,device_connects (z=1.03),6,5,5,1.0,13.0,24.0,24.0
IBB0359,2010-03-04,-0.09374291269308388,file_count (z=2.53),5,5,5,1.2,13.0,25.0,25.0
MOS0047,2010-03-26,-0.09368730466736452,after_hours_ratio (z=1.55),7,6,6,1.4285714285714286,8.0,9.0,9.0
MPM0220,2010-06-24,-0.09368730466736452,device_connects (z=0.30),5,4,4,1.0,12.0,32.0,32.0
AJF0370,2010-02-23,-0.09357610031952124,after_hours_ratio (z=1.59),4,4,4,1.5,12.0,30.0,30.0
BAL0044,2010-05-19,-0.09347481905682353,after_hours_ratio (z=1.39),7,6,6,1.4285714285714286,5.0,14.0,14.0
IBB0359,2010-06-03,-0.09347481905682353,file_count (z=1.09),6,5,5,1.0,13.0,16.0,16.0
EIS0041,2010-09-21,-0.09347481905682353,logon_count (z=1.48),7,6,6,1.4285714285714286,5.0,14.0,14.0
BSS0369,2010-02-03,-0.09347481905682353,device_connects (z=1.49),6,6,6,0.8333333333333334,14.0,11.0,11.0
AJF0370,2011-02-04,-0.09341922983973705,after_hours_ratio (z=0.78),5,4,4,1.2,12.0,32.0,32.0
MPM0220,2010-09-23,-0.09341922983973705,after_hours_ratio (z=0.68),5,4,4,1.2,12.0,33.0,33.0
AJF0370,2011-02-24,-0.09341922983973705,file_count (z=0.45),5,4,4,0.8,12.0,33.0,33.0
MPM0220,2010-07-07,-0.09341922983973705,after_hours_ratio (z=0.68),5,4,4,1.2,12.0,33.0,33.0
AJF0370,2010-10-15,-0.09341922983973705,after_hours_ratio (z=0.78),5,4,4,1.2,12.0,33.0,33.0
AJF0370,2010-10-27,-0.09341922983973705,after_hours_ratio (z=0.78),5,4,4,1.2,12.0,32.0,32.0
AJF0370,2010-05-27,-0.09341922983973705,after_hours_ratio (z=0.78),5,5,5,1.2,12.0,27.0,27.0
MPM0220,2010-06-02,-0.09341922983973705,after_hours_ratio (z=-0.32),5,4,4,0.8,12.0,32.0,32.0
MPM0220,2010-11-05,-0.09341922983973705,logon_count (z=0.62),6,5,4,1.0,11.0,29.0,29.0
AJF0370,2010-06-07,-0.09341922983973705,after_hours_ratio (z=0.78),5,4,4,1.2,12.0,32.0,32.0
BSS0369,2010-08-17,-0.09330806310520123,after_hours_ratio (z=1.53),6,6,6,1.6666666666666667,13.0,5.0,5.0
IBB0359,2010-07-12,-0.0932068160994669,file_count (z=1.25),6,5,5,1.3333333333333333,12.0,17.0,17.0
BSS0369,2010-08-13,-0.0932068160994669,unique_pcs (z=1.37),6,6,6,1.0,13.0,10.0,10.0
BAL0044,2010-10-01,-0.0932068160994669,unique_pcs (z=2.08),7,7,7,1.1428571428571428,5.0,18.0,18.0
EIS0041,2010-06-24,-0.0932068160994669,logon_count (z=1.48),7,6,6,0.8571428571428571,5.0,19.0,19.0
IBB0359,2010-01-19,-0.0932068160994669,after_hours_ratio (z=1.15),6,5,5,1.3333333333333333,13.0,15.0,15.0
AJF0370,2011-03-26,-0.09315124568465183,after_hours_ratio (z=-1.57),6,5,5,0.3333333333333333,13.0,27.0,27.0
AJF0370,2011-03-10,-0.09315124568465172,file_count (z=0.98),5,4,4,0.8,11.0,37.0,37.0
AJF0370,2010-10-25,-0.09315124568465172,file_count (z=0.72),5,4,4,0.8,11.0,35.0,35.0
AJF0370,2010-05-25,-0.09315124568465172,file_count (z=0.58),5,4,4,0.8,11.0,34.0,34.0
AJF0370,2010-09-15,-0.09315124568465172,file_count (z=1.12),5,4,4,0.8,11.0,38.0,38.0
MPM0220,2010-08-11,-0.09315124568465172,after_hours_ratio (z=0.68),5,4,4,1.2,11.0,35.0,35.0
EIS0041,2010-04-16,-0.09315124568465172,after_hours_ratio (z=2.04),6,6,6,1.6666666666666667,5.0,15.0,15.0
AJF0370,2011-01-27,-0.09315124568465172,after_hours_ratio (z=0.78),5,4,4,1.2,11.0,34.0,34.0
BAL0044,2010-04-26,-0.09293890379034331,file_count (z=1.41),7,6,6,1.0,5.0,18.0,18.0
BSS0369,2010-04-30,-0.09293890379034331,file_count (z=1.52),5,5,5,1.0,13.0,19.0,19.0
MOS0047,2010-06-09,-0.09293890379034331,logon_count (z=1.78),8,7,7,1.0,8.0,11.0,11.0
BAL0044,2011-02-21,-0.09293890379034331,file_count (z=1.41),7,6,6,1.1428571428571428,5.0,18.0,18.0
MPM0220,2010-01-28,-0.09288335217143984,unique_pcs (z=-0.72),6,4,3,0.8333333333333334,11.0,32.0,32.0
BAL0044,2011-02-01,-0.09267108209879216,logoff_count (z=1.99),7,7,6,1.4285714285714286,6.0,10.0,10.0
IBB0359,2011-04-21,-0.09261554926944282,device_connects (z=1.48),7,6,6,1.1428571428571428,14.0,6.0,6.0
MPM0220,2010-08-23,-0.09261554926944282,file_count (z=1.19),4,4,4,1.0,12.0,39.0,39.0
IBB0359,2010-03-25,-0.09261554926944282,device_connects (z=1.48),7,6,6,1.1428571428571428,14.0,6.0,6.0
AJF0370,2010-10-04,-0.09261554926944282,logon_count (z=0.85),6,5,5,0.6666666666666666,12.0,26.0,26.0
BSS0369,2010-03-20,-0.09240335099416341,device_connects (z=1.49),6,6,6,0.6666666666666666,14.0,11.0,11.0
MPM0220,2010-03-31,-0.09234783694801296,after_hours_ratio (z=0.68),5,4,4,1.2,11.0,32.0,32.0
MPM0220,2010-04-09,-0.09234783694801296,file_count (z=0.33),5,4,4,0.8,11.0,33.0,33.0
AJF0370,2010-02-05,-0.09234783694801296,file_count (z=0.32),5,4,4,0.8,11.0,32.0,32.0
AJF0370,2010-02-26,-0.0922368205395282,after_hours_ratio (z=1.59),4,4,4,1.5,11.0,29.0,29.0
IBB0359,2010-02-11,-0.09213571044581714,file_count (z=2.05),5,5,5,1.2,13.0,22.0,22.0
CCA0046,2010-02-08,-0.09213571044581714,file_count (z=1.87),6,6,6,1.3333333333333333,5.0,21.0,21.0
BAL0044,2010-02-25,-0.09213571044581714,after_hours_ratio (z=1.39),7,6,6,1.4285714285714286,5.0,12.0,12.0
BAL0044,2010-10-29,-0.09213571044581714,after_hours_ratio (z=1.39),7,6,6,1.4285714285714286,5.0,12.0,12.0
MOS0047,2010-06-23,-0.09213571044581714,logon_count (z=1.78),8,7,7,0.75,5.0,16.0,16.0
AJF0370,2010-02-06,-0.09213571044581714,file_count (z=-1.15),6,5,5,0.6666666666666666,13.0,21.0,21.0
HDS0367,2011-03-10,-0.09213571044581714,logon_count (z=1.48),7,6,6,1.4285714285714286,5.0,12.0,12.0
EIS0041,2010-03-24,-0.09213571044581714,logon_count (z=1.48),7,6,6,1.4285714285714286,5.0,12.0,12.0
EIS0041,2010-01-04,-0.09213571044581714,logoff_count (z=1.37),6,6,6,1.3333333333333333,6.0,16.0,16.0
EIS0041,2011-03-17,-0.09208021517651255,after_hours_ratio (z=2.04),6,6,6,1.6666666666666667,6.0,11.0,11.0
MPM0220,2010-01-15,-0.09208021517651255,device_connects (z=-0.78),6,5,4,1.0,10.0,29.0,29.0
HDS0367,2010-05-17,-0.09186816042312418,logon_count (z=1.48),7,6,6,1.1428571428571428,5.0,16.0,16.0
AJF0370,2011-02-25,-0.09186816042312418,after_hours_ratio (z=1.14),6,5,5,1.3333333333333333,11.0,24.0,24.0
EIS0041,2010-08-02,-0.09186816042312418,logon_count (z=1.48),7,6,6,0.5714285714285714,6.0,17.0,17.0
HDS0367,2010-09-23,-0.09186816042312418,logon_count (z=1.48),7,6,6,0.5714285714285714,6.0,17.0,17.0
MPM0220,2010-06-18,-0.09186816042312418,file_count (z=-1.24),6,5,5,1.0,12.0,22.0,22.0
MPM0220,2010-01-08,-0.0918126839243143,device_connects (z=-0.78),5,4,4,0.8,10.0,36.0,36.0
MPM0220,2010-06-23,-0.0918126839243143,logon_count (z=-0.59),4,4,4,1.0,12.0,33.0,33.0
AJF0370,2010-01-05,-0.09133333183223225,file_count (z=-0.89),6,5,5,1.0,12.0,23.0,23.0
BSS0369,2010-07-07,-0.09133333183223225,file_count (z=2.17),5,5,5,1.2,13.0,23.0,23.0
AJF0370,2010-12-09,-0.09133333183223225,device_connects (z=-0.93),6,5,5,1.0,10.0,25.0,25.0
EIS0041,2010-12-02,-0.09133333183223225,logon_count (z=1.48),7,6,6,1.1428571428571428,6.0,15.0,15.0
CCA0046,2010-02-24,-0.09133333183223225,file_count (z=1.57),6,6,6,1.0,6.0,19.0,19.0
EIS0041,2010-04-19,-0.09133333183223225,logon_count (z=1.48),7,6,6,1.4285714285714286,5.0,11.0,11.0
BAL0044,2011-03-08,-0.09133333183223225,after_hours_ratio (z=1.39),7,6,6,1.4285714285714286,5.0,11.0,11.0
HDS0367,2010-08-17,-0.09133333183223225,device_connects (z=1.75),7,6,6,1.1428571428571428,7.0,13.0,13.0
EIS0041,2010-07-16,-0.09133333183223225,logon_count (z=1.48),7,6,6,1.1428571428571428,6.0,15.0,15.0
EIS0041,2010-04-29,-0.09133333183223225,logon_count (z=1.48),7,6,6,0.8571428571428571,5.0,18.0,18.0
BAL0044,2010-06-08,-0.09133333183223225,device_connects (z=1.88),7,6,6,1.1428571428571428,6.0,15.0,15.0
BSS0369,2010-03-09,-0.09127789285536736,device_connects (z=1.49),6,6,6,1.0,14.0,9.0,9.0
AJF0370,2010-09-24,-0.09127789285536736,device_connects (z=0.38),5,4,4,1.0,12.0,29.0,29.0
AJF0370,2010-10-11,-0.09127789285536736,device_connects (z=0.38),5,4,4,0.8,12.0,31.0,31.0
MPM0220,2010-07-08,-0.09127789285536736,after_hours_ratio (z=0.68),5,4,4,1.2,12.0,30.0,30.0
BAL0044,2010-04-27,-0.09106605320282612,logon_count (z=1.38),7,6,6,0.8571428571428571,5.0,17.0,17.0
BSS0369,2010-01-27,-0.09106605320282612,file_count (z=1.36),5,5,5,1.2,13.0,18.0,18.0
BAL0044,2011-01-11,-0.09106605320282612,logon_count (z=1.38),7,6,6,1.1428571428571428,4.0,17.0,17.0
HDS0367,2010-06-25,-0.09106605320282612,logon_count (z=1.48),7,6,6,0.5714285714285714,5.0,19.0,19.0
BSS0369,2010-01-28,-0.09106605320282612,file_count (z=2.00),5,5,5,1.4,11.0,22.0,22.0
BSS0369,2010-02-23,-0.09106605320282612,device_connects (z=1.49),6,6,6,0.8333333333333334,14.0,10.0,10.0
CCA0046,2010-07-20,-0.09101063297741585,after_hours_ratio (z=1.47),6,6,6,1.6666666666666667,5.0,13.0,13.0
AJF0370,2010-02-01,-0.09101063297741585,after_hours_ratio (z=0.78),5,4,4,1.2,12.0,29.0,29.0
BSS0369,2010-07-26,-0.09079886497665923,file_count (z=1.68),5,5,5,1.2,12.0,20.0,20.0
MOS0047,2010-08-12,-0.09079886497665923,logon_count (z=1.78),8,7,7,0.875,6.0,14.0,14.0
MPM0220,2010-05-18,-0.0907434634963612,file_count (z=-0.38),5,4,4,1.0,12.0,28.0,28.0
AJF0370,2010-05-12,-0.09053176712315403,logon_count (z=0.85),6,5,5,1.0,12.0,24.0,24.0
MOS0047,2010-01-12,-0.09053176712315403,logon_count (z=1.17),7,6,6,1.1428571428571428,7.0,12.0,12.0
AJF0370,2010-01-07,-0.09053176712315403,file_count (z=-0.89),6,5,5,1.0,11.0,23.0,23.0
AJF0370,2010-09-16,-0.09053176712315403,logon_count (z=0.85),6,5,5,1.0,12.0,24.0,24.0
AJF0370,2010-03-26,-0.09053176712315403,after_hours_ratio (z=0.78),5,5,5,1.2,12.0,25.0,25.0
MOS0047,2010-01-05,-0.09053176712315403,logon_count (z=1.17),7,6,6,1.1428571428571428,7.0,12.0,12.0
BAL0044,2011-03-18,-0.09053176712315403,device_connects (z=2.56),7,6,6,1.1428571428571428,7.0,12.0,12.0
AJF0370,2010-10-14,-0.09053176712315403,device_connects (z=1.03),5,5,5,1.2,13.0,24.0,24.0
IBB0359,2010-02-23,-0.09047638438162797,device_connects (z=1.48),7,6,6,1.1428571428571428,14.0,5.0,5.0
AJF0370,2011-03-09,-0.09047638438162786,after_hours_ratio (z=0.78),5,4,4,1.2,12.0,28.0,28.0
MPM0220,2010-09-08,-0.09047638438162786,device_connects (z=-0.78),5,5,4,1.0,10.0,31.0,31.0
EIS0041,2010-01-20,-0.09026475961174307,logon_count (z=1.48),7,6,6,0.8571428571428571,6.0,15.0,15.0
BAL0044,2010-11-19,-0.09026475961174307,device_connects (z=1.88),7,6,6,0.42857142857142855,6.0,18.0,18.0
HDS0367,2010-03-16,-0.09020939560265084,file_count (z=3.02),6,5,5,0.6666666666666666,7.0,30.0,30.0
AJF0370,2011-05-13,-0.09020939560265084,after_hours_ratio (z=-0.30),5,4,4,0.8,11.0,31.0,31.0
AJF0370,2010-03-16,-0.09020939560265084,after_hours_ratio (z=0.78),5,4,4,1.2,11.0,30.0,30.0
AJF0370,2010-09-27,-0.09020939560265084,after_hours_ratio (z=-0.30),5,4,4,0.8,11.0,30.0,30.0
BSS0369,2010-02-01,-0.08999784241186959,unique_pcs (z=1.37),6,6,6,1.0,12.0,10.0,10.0
EIS0041,2010-11-05,-0.08999784241186959,file_count (z=1.79),6,6,6,1.1666666666666667,5.0,24.0,24.0
BAL0044,2010-07-19,-0.08999784241186959,logon_count (z=1.38),7,6,6,1.1428571428571428,4.0,16.0,16.0
MPM0220,2010-06-03,-0.08994249712887503,file_count (z=1.91),5,4,3,1.0,10.0,44.0,44.0
BSS0369,2010-05-12,-0.08973101549298679,device_connects (z=1.49),6,6,6,0.6666666666666666,14.0,10.0,10.0
IBB0359,2010-12-14,-0.0896756889297563,file_count (z=1.25),5,5,5,1.2,13.0,17.0,17.0
MOS0047,2010-06-15,-0.08946427882455843,device_connects (z=1.38),7,6,6,1.1428571428571428,8.0,10.0,10.0
IBB0359,2010-09-20,-0.08946427882455843,file_count (z=1.73),6,5,5,0.6666666666666666,12.0,20.0,20.0
BSS0369,2010-09-24,-0.08946427882455843,file_count (z=1.52),5,5,5,0.8,13.0,19.0,19.0
GTD0219,2010-04-20,-0.08946427882455843,unique_pcs (z=1.28),6,6,6,1.0,6.0,17.0,17.0
HDS0367,2011-02-22,-0.08946427882455843,logoff_count (z=1.41),6,6,6,0.8333333333333334,6.0,19.0,19.0
IBB0359,2010-11-29,-0.0894089709747602,logoff_count (z=1.98),7,7,6,0.8571428571428571,13.0,6.0,6.0
GTD0219,2010-01-21,-0.0894089709747602,after_hours_ratio (z=1.46),6,6,6,1.6666666666666667,6.0,10.0,10.0
MPM0220,2010-02-15,-0.0894089709747602,after_hours_ratio (z=0.68),5,5,4,1.2,12.0,27.0,27.0
EIS0041,2010-08-12,-0.08919763237605871,logoff_count (z=1.37),6,6,6,1.3333333333333333,5.0,17.0,17.0
AJF0370,2010-07-27,-0.08919763237605871,file_count (z=-1.02),5,5,5,1.2,12.0,22.0,22.0
BSS0369,2010-08-28,-0.08919763237605871,file_count (z=2.00),5,5,5,1.2,12.0,22.0,22.0
BSS0369,2010-05-04,-0.08919763237605871,file_count (z=1.52),5,5,5,1.2,11.0,19.0,19.0
MOS0047,2010-02-24,-0.08914234323336323,after_hours_ratio (z=1.55),7,6,6,1.4285714285714286,7.0,8.0,8.0
GTD0219,2010-05-12,-0.08893107611697182,device_connects (z=1.80),6,6,6,1.3333333333333333,7.0,14.0,14.0
MPM0220,2010-08-27,-0.08893107611697182,file_count (z=-1.81),6,5,5,0.6666666666666666,13.0,18.0,18.0
GTD0219,2010-02-17,-0.08893107611697182,unique_pcs (z=1.28),6,6,6,1.3333333333333333,5.0,18.0,18.0
GTD0219,2010-05-14,-0.08893107611697182,unique_pcs (z=1.28),6,6,6,1.3333333333333333,5.0,18.0,18.0
AJF0370,2010-12-10,-0.0888758056750516,after_hours_ratio (z=-0.30),5,4,4,0.8,11.0,28.0,28.0
HDS0367,2011-05-13,-0.0886646100167926,logon_count (z=1.48),7,6,6,1.4285714285714286,5.0,10.0,10.0
HDS0367,2011-04-13,-0.0886646100167926,logon_count (z=1.48),7,6,6,1.4285714285714286,5.0,10.0,10.0
BAL0044,2010-09-20,-0.0886646100167926,logon_count (z=1.38),7,6,6,1.1428571428571428,5.0,15.0,15.0
HDS0367,2011-03-16,-0.0886646100167926,logon_count (z=1.48),7,6,6,1.1428571428571428,5.0,15.0,15.0
BAL0044,2010-10-04,-0.0886646100167926,logon_count (z=1.38),7,6,6,1.1428571428571428,5.0,15.0,15.0
HDS0367,2011-01-21,-0.0886646100167926,logon_count (z=1.48),7,6,6,1.1428571428571428,5.0,15.0,15.0
MPM0220,2010-10-18,-0.08860935826932248,logon_count (z=-0.59),4,4,4,1.0,11.0,30.0,30.0
AJF0370,2010-07-13,-0.088398234045026,file_count (z=-1.15),5,5,5,0.8,12.0,21.0,21.0
EIS0041,2010-04-20,-0.08834300098568271,device_connects (z=1.89),7,6,6,1.4285714285714286,7.0,7.0,7.0
EIS0041,2010-04-21,-0.08813194817118741,logon_count (z=1.48),7,6,6,0.8571428571428571,6.0,14.0,14.0
IBB0359,2010-05-11,-0.08813194817118741,after_hours_ratio (z=1.15),6,5,5,1.3333333333333333,13.0,11.0,11.0
IBB0359,2011-02-01,-0.08807673379365,after_hours_ratio (z=1.85),5,5,5,1.6,12.0,12.0,12.0
BAL0044,2010-10-06,-0.08807673379365,file_count (z=2.87),6,5,5,1.3333333333333333,5.0,28.0,28.0
EIS0041,2010-09-07,-0.08786575236480243,logoff_count (z=2.06),7,7,7,1.1428571428571428,5.0,14.0,14.0
BAL0044,2010-12-03,-0.08786575236480243,after_hours_ratio (z=1.39),7,6,6,1.4285714285714286,4.0,11.0,11.0
IBB0359,2010-09-16,-0.08786575236480243,file_count (z=1.25),6,5,5,0.6666666666666666,13.0,17.0,17.0
MPM0220,2010-11-01,-0.08781055666275206,after_hours_ratio (z=0.68),5,4,4,1.2,12.0,27.0,27.0
IBB0359,2010-11-04,-0.08759964659540698,file_count (z=1.89),5,5,4,1.0,12.0,21.0,21.0
HDS0367,2010-07-28,-0.08759964659540698,logon_count (z=1.48),7,6,6,1.1428571428571428,6.0,11.0,11.0
HDS0367,2010-08-30,-0.08759964659540698,device_connects (z=1.75),7,6,6,0.8571428571428571,7.0,11.0,11.0
HDS0367,2011-01-03,-0.08754446956252693,logon_count (z=1.48),7,6,6,1.4285714285714286,5.0,9.0,9.0
BAL0044,2011-02-22,-0.08754446956252693,file_count (z=2.73),6,6,5,1.0,4.0,27.0,27.0
BSS0369,2010-03-05,-0.08748929640069947,unique_pcs (z=1.37),6,6,6,1.3333333333333333,13.0,6.0,6.0
IBB0359,2010-12-15,-0.0873336308325473,logon_count (z=1.41),7,6,5,1.4285714285714286,10.0,5.0,5.0
MPM0220,2010-09-01,-0.08727847246252296,file_count (z=-0.53),5,4,4,0.8,12.0,27.0,27.0
AJF0370,2010-07-19,-0.08727847246252296,device_connects (z=-0.93),4,4,4,1.0,10.0,31.0,31.0
AJF0370,2010-02-04,-0.08716816733143273,after_hours_ratio (z=1.59),4,4,4,1.5,11.0,26.0,26.0
AJF0370,2010-12-17,-0.08716816733143273,after_hours_ratio (z=1.59),4,4,4,1.5,11.0,26.0,26.0
HDS0367,2011-03-08,-0.08706770504577999,logon_count (z=1.48),7,6,6,0.8571428571428571,6.0,13.0,13.0
HDS0367,2010-02-15,-0.08706770504577999,file_count (z=1.67),6,6,6,0.6666666666666666,5.0,21.0,21.0
HDS0367,2010-01-08,-0.08706770504577999,logon_count (z=1.48),7,6,6,0.8571428571428571,6.0,13.0,13.0
AJF0370,2010-10-06,-0.08706770504577999,logon_count (z=0.85),6,5,5,0.6666666666666666,12.0,24.0,24.0
IBB0359,2010-08-03,-0.08701256533229906,device_connects (z=1.48),7,6,6,0.5714285714285714,14.0,6.0,6.0
IBB0359,2010-12-10,-0.08701256533229906,device_connects (z=1.48),7,6,6,1.1428571428571428,14.0,3.0,3.0
HDS0367,2010-11-29,-0.08701256533229895,file_count (z=2.57),6,5,5,1.0,7.0,27.0,27.0
IBB0359,2010-06-08,-0.08695742948725238,logoff_count (z=1.98),7,7,6,1.5714285714285714,12.0,0.0,0.0
GTD0219,2010-01-04,-0.08680186920467192,unique_pcs (z=1.28),6,6,6,1.3333333333333333,6.0,14.0,14.0
GTD0219,2010-01-06,-0.08680186920467192,unique_pcs (z=1.28),6,6,6,1.3333333333333333,6.0,14.0,14.0
IBB0359,2011-03-02,-0.08680186920467192,after_hours_ratio (z=1.15),6,5,5,1.3333333333333333,12.0,12.0,12.0
AJF0370,2010-07-09,-0.08674674814142391,after_hours_ratio (z=0.78),5,4,4,1.2,11.0,27.0,27.0
BSS0369,2010-04-19,-0.08674674814142391,file_count (z=1.20),5,5,5,1.2,12.0,17.0,17.0
MPM0220,2010-01-29,-0.08674674814142391,device_connects (z=-0.78),4,4,3,0.75,10.0,34.0,34.0
BSS0369,2010-09-19,-0.08669163094530186,unique_pcs (z=1.37),6,6,6,1.3333333333333333,12.0,8.0,8.0
EIS0041,2010-11-19,-0.08653612327880023,logon_count (z=1.48),7,6,6,1.1428571428571428,5.0,14.0,14.0
BAL0044,2011-03-02,-0.08653612327880023,logon_count (z=1.38),7,6,6,1.1428571428571428,5.0,13.0,13.0
EIS0041,2010-01-07,-0.08653612327880023,logon_count (z=1.48),7,6,6,1.1428571428571428,5.0,14.0,14.0
IBB0359,2010-11-01,-0.08648102085947706,device_connects (z=1.48),7,6,6,0.8571428571428571,14.0,5.0,5.0
MOS0047,2010-01-28,-0.08648102085947706,logon_count (z=1.17),7,6,6,1.1428571428571428,7.0,9.0,9.0
MPM0220,2010-10-20,-0.08648102085947695,file_count (z=1.76),5,4,4,0.4,12.0,43.0,43.0
AJF0370,2011-02-07,-0.08648102085947695,after_hours_ratio (z=-1.12),4,4,4,0.5,11.0,37.0,37.0
AJF0370,2010-07-28,-0.08648102085947695,file_count (z=1.65),5,4,4,0.4,12.0,42.0,42.0
EIS0041,2010-01-27,-0.08648102085947695,file_count (z=2.60),6,5,5,1.0,5.0,30.0,30.0
MPM0220,2010-04-08,-0.08648102085947695,after_hours_ratio (z=-1.32),5,4,4,0.4,12.0,36.0,36.0
AJF0370,2010-11-24,-0.08642592230597179,after_hours_ratio (z=1.59),4,4,4,1.5,11.0,25.0,25.0
MOS0047,2010-04-28,-0.08627046723775234,file_count (z=1.64),6,5,5,1.3333333333333333,7.0,20.0,20.0
HDS0367,2011-01-31,-0.08627046723775234,logoff_count (z=1.41),6,6,6,1.1666666666666667,5.0,18.0,18.0
MOS0047,2010-07-13,-0.08627046723775234,logon_count (z=1.17),7,6,6,0.8571428571428571,6.0,12.0,12.0
EIS0041,2010-04-26,-0.08621538345604784,file_count (z=2.20),6,5,5,1.0,6.0,27.0,27.0
AJF0370,2010-10-13,-0.08621538345604784,file_count (z=-0.35),5,4,4,0.8,11.0,27.0,27.0
MPM0220,2010-05-13,-0.08621538345604784,file_count (z=-0.53),5,4,4,0.8,11.0,27.0,27.0
EIS0041,2011-03-07,-0.08621538345604784,file_count (z=2.60),5,5,5,1.4,5.0,30.0,30.0
MPM0220,2010-06-21,-0.08621538345604784,after_hours_ratio (z=-1.07),4,4,4,0.5,11.0,33.0,33.0
IBB0359,2010-10-18,-0.0860049010511259,device_connects (z=0.94),6,5,5,1.0,13.0,12.0,12.0
IBB0359,2011-05-03,-0.0860049010511259,file_count (z=0.77),6,5,5,1.0,12.0,14.0,14.0
HDS0367,2010-12-07,-0.0860049010511259,device_connects (z=2.32),7,6,6,0.8571428571428571,8.0,10.0,10.0
IBB0359,2010-01-20,-0.0860049010511259,after_hours_ratio (z=-1.47),6,5,5,0.3333333333333333,13.0,16.0,16.0
EIS0041,2011-03-14,-0.0860049010511259,device_connects (z=2.48),7,6,6,0.8571428571428571,8.0,10.0,10.0
IBB0359,2010-10-01,-0.0860049010511259,device_connects (z=0.94),6,5,5,1.0,13.0,12.0,12.0
IBB0359,2011-03-08,-0.0860049010511259,file_count (z=0.77),6,5,5,1.0,12.0,14.0,14.0
IBB0359,2010-10-22,-0.0860049010511259,device_connects (z=0.94),6,5,5,1.0,13.0,12.0,12.0
HDS0367,2010-09-22,-0.08594983590073624,after_hours_ratio (z=1.77),5,5,5,1.6,7.0,19.0,19.0
BSS0369,2010-04-09,-0.08589477461355,unique_pcs (z=1.37),6,6,6,1.0,13.0,8.0,8.0
IBB0359,2010-10-19,-0.08589477461355,file_count (z=2.21),4,4,4,1.5,12.0,23.0,23.0
CCA0046,2010-09-14,-0.08573942468852902,unique_pcs (z=1.38),6,6,6,1.3333333333333333,6.0,13.0,13.0
IBB0359,2011-01-25,-0.08573942468852902,file_count (z=1.57),5,5,4,1.0,12.0,19.0,19.0
IBB0359,2010-08-16,-0.08573942468852902,file_count (z=2.21),6,5,5,0.3333333333333333,13.0,23.0,23.0
HDS0367,2010-06-17,-0.08573942468852902,logon_count (z=1.48),7,6,6,1.1428571428571428,5.0,12.0,12.0
BSS0369,2010-08-11,-0.08568437816315255,file_count (z=1.03),5,5,5,1.2,12.0,16.0,16.0
AJF0370,2010-08-23,-0.08568437816315244,after_hours_ratio (z=0.78),5,4,4,1.2,12.0,26.0,26.0
MPM0220,2010-01-04,-0.08568437816315244,after_hours_ratio (z=0.68),5,4,4,1.2,12.0,26.0,26.0
AJF0370,2010-11-29,-0.08568437816315244,after_hours_ratio (z=0.78),5,4,4,1.2,12.0,26.0,26.0
BAL0044,2011-05-03,-0.08547403811957999,device_connects (z=1.88),7,6,6,0.8571428571428571,6.0,11.0,11.0
MPM0220,2010-10-08,-0.08541901021291687,after_hours_ratio (z=-1.32),5,4,4,0.4,11.0,37.0,37.0
AJF0370,2011-04-01,-0.08541901021291687,device_connects (z=-1.59),5,4,4,0.8,9.0,36.0,36.0
AJF0370,2011-01-28,-0.08541901021291687,device_connects (z=-0.93),5,4,4,1.2,10.0,27.0,27.0
EIS0041,2010-11-23,-0.08541901021291687,after_hours_ratio (z=2.04),6,6,6,1.6666666666666667,4.0,11.0,11.0
CCA0046,2010-05-18,-0.08520874131390732,unique_pcs (z=1.38),6,6,6,1.5,6.0,10.0,10.0
EIS0041,2010-11-03,-0.08520874131390732,logoff_count (z=1.37),6,6,6,1.3333333333333333,5.0,15.0,15.0
GTD0219,2010-04-15,-0.08520874131390732,unique_pcs (z=1.28),6,6,6,1.3333333333333333,5.0,15.0,15.0
EIS0041,2010-03-29,-0.08520874131390732,logon_count (z=1.48),7,6,6,0.8571428571428571,5.0,14.0,14.0
BAL0044,2010-04-05,-0.08520874131390732,unique_pcs (z=1.37),6,6,6,1.3333333333333333,5.0,15.0,15.0
AJF0370,2011-01-20,-0.08515373201966003,file_count (z=-0.49),5,4,4,0.8,12.0,26.0,26.0
AJF0370,2010-06-03,-0.08515373201966003,after_hours_ratio (z=-0.85),5,4,4,0.6,12.0,27.0,27.0
AJF0370,2010-03-29,-0.08515373201966003,file_count (z=-0.49),5,4,4,0.8,12.0,26.0,26.0
BSS0369,2010-04-29,-0.08515373201966003,after_hours_ratio (z=1.38),5,5,5,1.6,11.0,11.0,11.0
AJF0370,2011-01-11,-0.08509872658469742,after_hours_ratio (z=1.59),4,4,4,1.5,12.0,19.0,19.0
BAL0044,2010-04-23,-0.08494353424114987,logon_count (z=1.38),7,6,6,1.1428571428571428,5.0,11.0,11.0
BSS0369,2010-03-27,-0.08488854355302311,unique_pcs (z=2.06),7,7,7,0.5714285714285714,14.0,4.0,4.0
BSS0369,2010-03-03,-0.08483355672287562,unique_pcs (z=1.37),6,6,6,1.3333333333333333,13.0,5.0,5.0
BSS0369,2010-03-08,-0.08483355672287562,device_connects (z=1.49),6,6,6,1.3333333333333333,14.0,5.0,5.0
BSS0369,2010-06-29,-0.08467841687095667,file_count (z=1.36),5,5,5,0.8,12.0,18.0,18.0
HDS0367,2010-05-05,-0.08467841687095667,after_hours_ratio (z=-1.71),7,6,6,0.2857142857142857,4.0,16.0,16.0
AJF0370,2010-05-05,-0.08467841687095667,after_hours_ratio (z=0.78),5,4,4,1.2,12.0,25.0,25.0
MOS0047,2010-09-07,-0.08462344478265715,logoff_count (z=1.69),7,7,7,1.2857142857142858,7.0,6.0,6.0
IBB0359,2010-12-20,-0.08462344478265715,unique_pcs (z=2.08),7,7,7,0.8571428571428571,14.0,4.0,4.0
MPM0220,2010-01-13,-0.08462344478265715,device_connects (z=-1.32),5,4,4,0.8,9.0,32.0,32.0
IBB0359,2010-07-28,-0.08441338917298713,device_connects (z=0.94),6,5,5,1.0,13.0,11.0,11.0
EIS0041,2011-03-15,-0.08441338917298713,logon_count (z=1.48),7,6,6,1.0,5.0,12.0,12.0
BSS0369,2010-07-21,-0.08435843567822376,device_connects (z=0.90),5,5,5,1.2,13.0,14.0,14.0
HDS0367,2010-04-26,-0.08435843567822376,logon_count (z=1.48),7,6,6,1.4285714285714286,6.0,6.0,6.0
CCA0046,2010-07-16,-0.08424854025453599,after_hours_ratio (z=1.47),6,6,6,1.6666666666666667,6.0,8.0,8.0
EIS0041,2010-06-03,-0.08414845111691094,logon_count (z=1.48),7,6,6,0.8571428571428571,5.0,13.0,13.0
GTD0219,2010-05-06,-0.08414845111691094,unique_pcs (z=1.28),6,6,6,1.3333333333333333,6.0,12.0,12.0
EIS0041,2010-01-22,-0.08409351620939465,device_connects (z=1.89),5,5,5,1.6,7.0,18.0,18.0
AJF0370,2011-01-30,-0.08409351620939465,after_hours_ratio (z=-1.39),5,4,4,0.4,12.0,30.0,30.0
AJF0370,2010-08-19,-0.08409351620939465,after_hours_ratio (z=-1.12),4,4,4,0.5,11.0,31.0,31.0
AJF0370,2011-04-29,-0.08409351620939465,after_hours_ratio (z=-1.39),5,4,4,0.4,12.0,30.0,30.0
AJF0370,2010-04-23,-0.08409351620939465,after_hours_ratio (z=-1.39),5,4,4,0.4,12.0,31.0,31.0
BSS0369,2010-01-29,-0.08388360267240802,file_count (z=1.84),4,4,4,1.0,12.0,21.0,21.0
IBB0359,2010-04-26,-0.08388360267240802,file_count (z=1.57),5,4,4,1.2,12.0,19.0,19.0
AJF0370,2010-06-16,-0.08388360267240802,file_count (z=-1.42),5,4,4,1.2,12.0,19.0,19.0
IBB0359,2010-03-09,-0.08386796663262153,after_hours_ratio (z=1.85),5,5,5,1.6,13.0,10.0,10.0
BSS0369,2010-08-12,-0.08386796663262153,after_hours_ratio (z=1.38),5,5,5,1.6,13.0,10.0,10.0
IBB0359,2010-12-06,-0.08386796663262153,after_hours_ratio (z=1.85),5,5,5,1.6,13.0,10.0,10.0
BSS0369,2010-05-09,-0.08382868634585194,device_connects (z=1.49),6,6,6,0.3333333333333333,14.0,9.0,9.0
HDS0367,2010-12-10,-0.08361884380916829,logon_count (z=1.48),7,6,6,0.7142857142857143,6.0,11.0,11.0
HDS0367,2010-11-19,-0.08361884380916829,file_count (z=2.27),6,5,5,1.3333333333333333,5.0,25.0,25.0
MPM0220,2010-11-04,-0.08361884380916829,file_count (z=-0.96),6,5,3,1.1666666666666667,12.0,24.0,24.0
AJF0370,2011-02-02,-0.08361884380916829,after_hours_ratio (z=0.78),5,4,4,1.2,11.0,25.0,25.0
IBB0359,2011-04-18,-0.08361884380916829,file_count (z=2.05),6,5,5,1.0,9.0,22.0,22.0
MPM0220,2010-02-05,-0.08350905215686633,file_count (z=-1.67),4,4,4,1.5,10.0,19.0,19.0
HDS0367,2010-09-27,-0.08335417449689242,logon_count (z=1.48),7,6,6,0.8571428571428571,5.0,12.0,12.0
BAL0044,2010-07-01,-0.08335417449689242,logon_count (z=1.38),7,6,6,0.8571428571428571,5.0,12.0,12.0
MPM0220,2010-08-17,-0.08329929531340474,after_hours_ratio (z=-1.32),5,4,4,0.4,12.0,29.0,29.0
AJF0370,2010-05-19,-0.08329929531340474,after_hours_ratio (z=-1.12),4,4,4,0.5,11.0,29.0,29.0
IBB0359,2011-01-26,-0.08329929531340474,logoff_count (z=1.31),6,6,5,1.1666666666666667,13.0,8.0,8.0
MPM0220,2010-03-30,-0.08329929531340474,logoff_count (z=-0.79),4,3,3,1.0,11.0,35.0,35.0
CCA0046,2010-04-27,-0.08329929531340474,unique_pcs (z=2.07),7,7,7,1.0,6.0,9.0,9.0
BAL0044,2011-04-14,-0.08329929531340474,file_count (z=2.73),6,5,5,0.6666666666666666,5.0,27.0,27.0
AJF0370,2011-01-26,-0.08329929531340474,logoff_count (z=-0.72),4,3,3,1.0,11.0,35.0,35.0
MPM0220,2010-07-13,-0.08329929531340474,file_count (z=1.33),4,3,3,1.0,11.0,40.0,40.0
CCA0046,2010-04-12,-0.08329929531340474,file_count (z=3.20),5,5,5,1.2,4.0,30.0,30.0
AJF0370,2010-08-20,-0.08329929531340474,logoff_count (z=-0.72),4,3,3,1.0,11.0,34.0,34.0
EIS0041,2010-12-27,-0.08329929531340474,file_count (z=2.20),6,5,5,0.6666666666666666,5.0,27.0,27.0
AJF0370,2010-02-11,-0.08329929531340474,file_count (z=0.98),4,3,3,1.0,11.0,37.0,37.0
AJF0370,2010-12-06,-0.08308959470529087,file_count (z=-0.89),5,4,4,1.2,12.0,23.0,23.0
IBB0359,2011-03-10,-0.08308959470529087,file_count (z=1.57),5,4,4,1.2,11.0,19.0,19.0
MPM0220,2010-01-21,-0.08308959470529087,file_count (z=-0.81),5,4,4,0.8,11.0,25.0,25.0
IBB0359,2010-09-27,-0.08308959470529087,after_hours_ratio (z=-1.47),6,5,5,0.3333333333333333,11.0,17.0,17.0
AJF0370,2010-10-01,-0.08308959470529087,file_count (z=-1.15),4,4,4,1.0,11.0,21.0,21.0
EIS0041,2010-11-04,-0.0830347340839156,logon_count (z=1.48),7,6,6,1.4285714285714286,5.0,8.0,8.0
MPM0220,2010-03-08,-0.0830347340839156,after_hours_ratio (z=-0.82),5,4,4,0.6,12.0,26.0,26.0
AJF0370,2010-06-14,-0.0830347340839156,after_hours_ratio (z=-1.39),5,4,4,0.4,11.0,31.0,31.0
BAL0044,2011-03-09,-0.08282510440408464,logon_count (z=1.38),7,6,6,0.5714285714285714,4.0,14.0,14.0
IBB0359,2010-07-08,-0.08277026233854334,after_hours_ratio (z=-1.59),7,6,6,0.2857142857142857,13.0,6.0,6.0
MOS0047,2010-07-30,-0.08277026233854334,device_connects (z=1.38),7,6,6,1.1428571428571428,8.0,7.0,7.0
CCA0046,2010-09-22,-0.08277026233854323,file_count (z=2.75),5,5,5,1.2,6.0,27.0,27.0
BAL0044,2011-02-07,-0.08256070356300471,device_connects (z=1.88),6,6,6,1.3333333333333333,6.0,11.0,11.0
BAL0044,2011-02-04,-0.08256070356300471,logon_count (z=1.38),7,6,6,0.8571428571428571,5.0,11.0,11.0
HDS0367,2010-09-29,-0.08256070356300471,logon_count (z=1.48),7,6,6,1.1428571428571428,4.0,12.0,12.0
IBB0359,2010-06-09,-0.08256070356300471,file_count (z=1.57),5,5,5,0.4,12.0,19.0,19.0
AJF0370,2010-03-17,-0.08256070356300471,file_count (z=-1.42),5,5,5,0.4,12.0,19.0,19.0
HDS0367,2010-01-26,-0.08256070356300471,logon_count (z=1.48),7,6,6,1.1428571428571428,5.0,10.0,10.0
MOS0047,2010-08-23,-0.08256070356300471,logoff_count (z=1.06),6,6,6,1.0,7.0,12.0,12.0
BAL0044,2010-05-25,-0.08256070356300471,logon_count (z=1.38),7,6,6,1.1428571428571428,5.0,10.0,10.0
BSS0369,2010-04-07,-0.08254509394868947,after_hours_ratio (z=1.38),5,5,5,1.6,13.0,9.0,9.0
AJF0370,2011-03-16,-0.0825058800470212,logoff_count (z=-0.72),4,3,3,1.0,11.0,32.0,32.0
AJF0370,2011-03-17,-0.0825058800470212,logoff_count (z=-0.72),4,3,3,1.0,11.0,32.0,32.0
MPM0220,2010-04-29,-0.0825058800470212,logoff_count (z=-0.79),4,3,3,1.0,11.0,32.0,32.0
AJF0370,2010-05-11,-0.0825058800470212,logoff_count (z=-0.72),4,3,3,1.0,11.0,32.0,32.0
BSS0369,2010-06-23,-0.0825058800470212,device_connects (z=0.90),5,5,5,1.2,13.0,13.0,13.0
MPM0220,2010-08-26,-0.0825058800470212,logoff_count (z=-0.79),4,3,3,1.0,11.0,32.0,32.0
AJF0370,2010-12-23,-0.0825058800470212,logoff_count (z=-0.72),4,3,3,1.0,11.0,33.0,33.0
BSS0369,2010-08-01,-0.08245106037728855,device_connects (z=1.49),6,6,6,0.8333333333333334,14.0,7.0,7.0
BAL0044,2010-01-19,-0.08229639215179263,after_hours_ratio (z=1.39),7,6,5,1.4285714285714286,4.0,12.0,12.0
IBB0359,2010-04-13,-0.08229639215179263,device_connects (z=0.94),6,5,5,1.1666666666666667,13.0,9.0,9.0
EIS0041,2010-07-09,-0.08224158717909269,device_connects (z=1.89),7,6,6,1.1428571428571428,7.0,8.0,8.0
BSS0369,2010-01-24,-0.08203217014019992,file_count (z=1.20),5,5,5,0.8,10.0,17.0,17.0
BAL0044,2011-01-07,-0.08197738370451169,unique_pcs (z=2.08),7,7,7,1.4285714285714286,4.0,8.0,8.0
AJF0370,2010-03-01,-0.08197738370451157,file_count (z=1.38),4,3,3,1.0,10.0,40.0,40.0
CCA0046,2010-07-26,-0.08197738370451157,file_count (z=2.16),5,5,5,1.6,5.0,23.0,23.0
BSS0369,2010-08-26,-0.08192260111247285,unique_pcs (z=1.37),6,6,6,0.6666666666666666,13.0,8.0,8.0
IBB0359,2010-03-17,-0.08176803749798844,after_hours_ratio (z=1.15),6,5,5,1.3333333333333333,12.0,10.0,10.0
IBB0359,2010-11-11,-0.08176803749798844,device_connects (z=0.94),6,5,5,0.8333333333333334,13.0,11.0,11.0
BSS0369,2010-09-09,-0.08175244371751433,after_hours_ratio (z=1.38),5,5,5,1.6,12.0,10.0,10.0
BSS0369,2010-08-24,-0.08165850553044474,after_hours_ratio (z=1.16),4,4,4,1.5,12.0,16.0,16.0
HDS0367,2011-03-30,-0.08162691836758096,logon_count (z=1.48),7,6,6,1.4285714285714286,5.0,7.0,7.0
BAL0044,2010-10-13,-0.08150399419493026,logon_count (z=1.38),7,6,6,1.1428571428571428,4.0,11.0,11.0
AJF0370,2011-03-08,-0.08150399419493026,file_count (z=-0.89),5,4,4,0.8,12.0,23.0,23.0
MPM0220,2010-09-29,-0.08150399419493026,after_hours_ratio (z=1.85),3,4,3,1.6666666666666667,11.0,25.0,25.0
MOS0047,2010-04-26,-0.08150399419493026,logon_count (z=1.78),8,7,7,0.75,5.0,10.0,10.0
BSS0369,2010-08-10,-0.08128501971826063,file_count (z=-1.55),6,6,6,1.6666666666666667,14.0,0.0,0.0
BAL0044,2010-07-26,-0.08124004020080755,file_count (z=2.44),6,5,5,1.0,5.0,25.0,25.0
MPM0220,2010-04-06,-0.08118530933854329,file_count (z=-0.96),4,5,4,1.25,11.0,24.0,24.0
GTD0219,2010-04-08,-0.08118530933854329,file_count (z=1.45),5,5,5,1.6,4.0,21.0,21.0
AJF0370,2010-02-22,-0.08118530933854329,device_connects (z=-0.93),4,3,3,1.0,10.0,32.0,32.0
BAL0044,2011-03-10,-0.08118530933854329,device_connects (z=1.88),7,6,6,0.8571428571428571,6.0,9.0,9.0
MPM0220,2010-04-20,-0.08118530933854329,logoff_count (z=-0.79),4,3,3,1.0,10.0,33.0,33.0
IBB0359,2011-03-01,-0.08113058231602965,after_hours_ratio (z=1.59),4,4,4,1.5,11.0,16.0,16.0
IBB0359,2010-07-20,-0.08113058231602965,unique_pcs (z=1.40),6,6,6,1.3333333333333333,11.0,5.0,5.0
GTD0219,2010-04-16,-0.0810758591329972,device_connects (z=1.80),6,6,6,1.6666666666666667,7.0,5.0,5.0
EIS0041,2011-05-16,-0.08097617548541303,logon_count (z=1.48),7,6,6,0.5714285714285714,5.0,11.0,11.0
IBB0359,2010-04-14,-0.08097617548541303,after_hours_ratio (z=1.15),6,5,5,1.3333333333333333,13.0,8.0,8.0
IBB0359,2011-02-17,-0.08092146313509352,device_connects (z=1.48),7,6,6,0.8571428571428571,14.0,2.0,2.0
CCA0046,2010-03-23,-0.08092146313509352,unique_pcs (z=2.07),7,7,7,1.2857142857142858,5.0,8.0,8.0
AJF0370,2011-02-01,-0.08092146313509352,after_hours_ratio (z=-1.39),5,4,4,0.4,10.0,29.0,29.0
MOS0047,2010-01-27,-0.0808667546232259,logoff_count (z=1.69),7,7,7,1.4285714285714286,8.0,2.0,2.0
IBB0359,2010-06-18,-0.08071240001854929,logon_count (z=0.77),6,5,5,0.6666666666666666,12.0,13.0,13.0
HDS0367,2010-08-10,-0.08071240001854929,file_count (z=1.22),6,5,5,1.3333333333333333,6.0,18.0,18.0
IBB0359,2010-02-03,-0.08071240001854929,after_hours_ratio (z=1.15),6,5,5,1.3333333333333333,12.0,9.0,9.0
IBB0359,2011-01-28,-0.08065770617391321,logon_count (z=1.41),7,6,6,0.5714285714285714,12.0,4.0,4.0
IBB0359,2010-11-03,-0.08065770617391321,logon_count (z=2.05),8,6,6,1.0,11.0,4.0,4.0
IBB0359,2010-01-28,-0.08060301616643073,unique_pcs (z=1.40),6,6,6,1.3333333333333333,13.0,3.0,3.0
BSS0369,2010-05-23,-0.08044871377002927,after_hours_ratio (z=-1.28),5,5,5,0.4,13.0,15.0,15.0
MOS0047,2010-04-05,-0.08044871377002927,logoff_count (z=1.06),6,6,6,1.0,6.0,12.0,12.0
CCA0046,2010-06-04,-0.08044871377002927,unique_pcs (z=1.38),6,6,6,1.3333333333333333,5.0,12.0,12.0
MPM0220,2010-05-12,-0.08039403842481718,logoff_count (z=-0.79),4,3,3,1.0,11.0,31.0,31.0
AJF0370,2011-04-13,-0.08039403842481718,logoff_count (z=-0.72),4,3,3,1.0,11.0,30.0,30.0
BAL0044,2010-06-07,-0.0801851167096761,file_count (z=2.44),6,5,5,1.0,4.0,25.0,25.0
BAL0044,2011-02-24,-0.0801851167096761,logon_count (z=1.38),7,6,6,0.5714285714285714,4.0,12.0,12.0
CCA0046,2010-10-14,-0.0801851167096761,device_connects (z=2.48),6,6,5,1.1666666666666667,8.0,12.0,12.0
IBB0359,2010-07-13,-0.0801851167096761,device_connects (z=0.94),6,5,5,1.0,13.0,9.0,9.0
IBB0359,2010-01-29,-0.0801851167096761,after_hours_ratio (z=1.15),6,5,5,1.3333333333333333,13.0,7.0,7.0
AJF0370,2010-07-23,-0.08013045985763101,logoff_count (z=-0.72),4,3,3,1.0,11.0,29.0,29.0
AJF0370,2011-03-14,-0.08013045985763101,logoff_count (z=-0.72),4,3,3,1.0,11.0,29.0,29.0
MOS0047,2010-06-04,-0.08013045985763101,logon_count (z=1.78),8,7,7,0.625,8.0,8.0,8.0
AJF0370,2010-10-26,-0.08013045985763101,logoff_count (z=-0.72),4,3,3,1.0,11.0,28.0,28.0
HDS0367,2011-03-29,-0.08002115765694673,after_hours_ratio (z=1.95),6,6,6,1.6666666666666667,5.0,8.0,8.0
EIS0041,2010-06-14,-0.07992160880732313,logoff_count (z=1.37),6,6,6,0.6666666666666666,5.0,16.0,16.0
BSS0369,2010-04-12,-0.07986697044219004,device_connects (z=1.49),5,5,5,1.2,14.0,11.0,11.0
EIS0041,2011-03-31,-0.07986697044219004,file_count (z=3.67),5,4,4,1.2,4.0,38.0,38.0
BSS0369,2010-05-06,-0.07981233591031811,unique_pcs (z=1.37),6,6,6,0.8333333333333334,12.0,8.0,8.0
MOS0047,2010-08-27,-0.07965819003281405,file_count (z=1.94),6,5,5,0.6666666666666666,7.0,22.0,22.0
BAL0044,2011-02-15,-0.07965819003281405,unique_pcs (z=1.37),6,6,6,1.0,5.0,14.0,14.0
IBB0359,2010-06-21,-0.07937931398074893,after_hours_ratio (z=1.85),5,5,5,1.6,13.0,8.0,8.0
BSS0369,2010-08-18,-0.07937931398074893,after_hours_ratio (z=1.38),5,5,5,1.6,13.0,8.0,8.0
MPM0220,2010-01-22,-0.07934025894593644,logon_count (z=-1.20),3,3,3,1.3333333333333333,11.0,38.0,38.0
BAL0044,2010-07-30,-0.07913161974675254,file_count (z=2.14),6,5,5,1.3333333333333333,4.0,23.0,23.0
IBB0359,2010-05-06,-0.07913161974675254,after_hours_ratio (z=1.15),6,5,5,1.3333333333333333,13.0,6.0,6.0
MPM0220,2010-04-14,-0.07907703680484579,logoff_count (z=-0.79),4,3,3,1.0,10.0,31.0,31.0
CCA0046,2010-07-13,-0.07896788240888275,device_connects (z=2.48),6,6,6,1.6666666666666667,8.0,4.0,4.0
MOS0047,2010-07-12,-0.07886846817493809,file_count (z=2.24),6,5,5,0.6666666666666666,7.0,24.0,24.0
BAL0044,2010-04-01,-0.07886846817493809,file_count (z=2.29),6,5,5,1.3333333333333333,4.0,24.0,24.0
MOS0047,2010-09-01,-0.07886846817493809,device_connects (z=3.24),6,5,5,0.8333333333333334,12.0,11.0,11.0
EIS0041,2010-09-15,-0.07886846817493809,device_connects (z=1.89),5,5,5,1.4,7.0,18.0,18.0
HDS0367,2010-04-23,-0.07881390369494434,device_connects (z=1.75),7,6,6,0.8571428571428571,7.0,8.0,8.0
CCA0046,2010-06-11,-0.07881390369494434,unique_pcs (z=1.38),6,6,6,1.3333333333333333,6.0,9.0,9.0
BAL0044,2010-10-15,-0.07881390369494434,logon_count (z=1.38),7,6,6,1.2857142857142858,3.0,9.0,9.0
AJF0370,2011-03-28,-0.07881390369494423,device_connects (z=-0.93),4,3,3,1.0,10.0,29.0,29.0
MPM0220,2010-04-30,-0.07881390369494423,logoff_count (z=-0.79),4,3,3,1.0,10.0,29.0,29.0
CCA0046,2010-03-04,-0.07861876779949328,after_hours_ratio (z=1.47),6,6,6,1.6666666666666667,5.0,7.0,7.0
CCA0046,2010-09-02,-0.07860540561044382,file_count (z=1.57),5,5,5,1.4,6.0,19.0,19.0
HDS0367,2010-11-08,-0.07860540561044382,file_count (z=1.52),5,5,5,1.2,6.0,20.0,20.0
IBB0359,2010-10-26,-0.07860540561044382,file_count (z=1.09),5,4,4,1.2,10.0,16.0,16.0
MPM0220,2010-01-27,-0.0785508595861183,logon_count (z=-1.20),3,3,3,1.3333333333333333,11.0,32.0,32.0
MPM0220,2010-10-21,-0.0785508595861183,logon_count (z=-1.20),3,3,3,1.3333333333333333,11.0,33.0,33.0
HDS0367,2011-04-07,-0.07834243202316393,device_connects (z=2.32),6,5,5,0.6666666666666666,8.0,19.0,19.0
EIS0041,2011-02-24,-0.0782879044482645,device_connects (z=2.48),6,5,5,0.6666666666666666,8.0,23.0,23.0
HDS0367,2010-01-18,-0.0782879044482645,logon_count (z=1.48),7,6,6,0.8571428571428571,5.0,9.0,9.0
MOS0047,2010-05-05,-0.0782879044482645,after_hours_ratio (z=1.55),7,6,6,1.4285714285714286,6.0,4.0,4.0
MOS0047,2010-04-13,-0.0782879044482645,after_hours_ratio (z=1.55),7,6,6,1.4285714285714286,6.0,4.0,4.0
BAL0044,2011-04-05,-0.07807954738300338,logon_count (z=1.38),7,6,5,1.1428571428571428,5.0,12.0,12.0
MOS0047,2010-03-25,-0.07807954738300338,file_count (z=1.94),6,5,5,1.0,5.0,22.0,22.0
EIS0041,2010-05-07,-0.07802503825128959,device_connects (z=1.89),7,6,6,0.8571428571428571,7.0,7.0,7.0
MPM0220,2010-05-19,-0.07802503825128959,device_connects (z=-0.78),4,4,3,0.75,10.0,26.0,26.0
MOS0047,2010-07-21,-0.07802503825128959,device_connects (z=1.38),7,6,6,0.7142857142857143,8.0,8.0,8.0
MPM0220,2010-08-18,-0.07802503825128959,logon_count (z=-1.20),3,3,3,1.3333333333333333,10.0,35.0,35.0
MOS0047,2010-03-19,-0.077816751659877,device_connects (z=1.38),6,5,5,1.3333333333333333,8.0,12.0,12.0
IBB0359,2010-10-08,-0.077816751659877,after_hours_ratio (z=1.15),6,5,5,1.3333333333333333,12.0,8.0,8.0
EIS0041,2010-06-11,-0.077816751659877,file_count (z=1.66),6,5,5,1.0,5.0,23.0,23.0
EIS0041,2010-08-26,-0.077816751659877,after_hours_ratio (z=1.14),6,5,5,1.3333333333333333,5.0,19.0,19.0
EIS0041,2011-03-29,-0.07776226096511063,after_hours_ratio (z=1.86),5,5,5,1.6,5.0,18.0,18.0
BSS0369,2010-06-04,-0.07770777409324559,after_hours_ratio (z=1.16),4,4,4,1.5,12.0,15.0,15.0
BSS0369,2010-04-18,-0.07770777409324559,after_hours_ratio (z=1.16),4,4,4,1.5,12.0,15.0,15.0
AJF0370,2010-04-19,-0.0774995725596549,logoff_count (z=-0.72),4,3,3,1.0,11.0,27.0,27.0
MPM0220,2010-08-31,-0.0774995725596549,logoff_count (z=-0.79),4,3,3,1.0,11.0,27.0,27.0
MPM0220,2010-04-23,-0.0774995725596549,logoff_count (z=-0.79),4,3,3,1.0,11.0,27.0,27.0
MPM0220,2010-07-01,-0.0774995725596549,logoff_count (z=-0.79),4,3,3,1.0,11.0,27.0,27.0
EIS0041,2010-03-19,-0.07744510411720829,device_connects (z=1.89),7,6,6,1.4285714285714286,7.0,2.0,2.0
BSS0369,2010-03-06,-0.0772914268444369,device_connects (z=0.90),5,5,5,0.8,13.0,12.0,12.0
IBB0359,2010-11-19,-0.0772914268444369,file_count (z=1.09),5,4,4,0.8,12.0,16.0,16.0
EIS0041,2010-10-29,-0.0772914268444369,device_connects (z=1.89),6,5,5,1.3333333333333333,7.0,14.0,14.0
BAL0044,2011-04-19,-0.0772914268444369,file_count (z=2.14),6,5,5,0.8333333333333334,5.0,23.0,23.0
HDS0367,2010-02-10,-0.0772914268444369,file_count (z=1.97),6,5,5,0.8333333333333334,5.0,23.0,23.0
EIS0041,2010-05-19,-0.0772914268444369,file_count (z=1.79),6,5,5,1.0,5.0,24.0,24.0
BSS0369,2010-09-29,-0.07723697300485965,after_hours_ratio (z=1.38),5,5,5,1.6,12.0,7.0,7.0
IBB0359,2010-11-08,-0.07718252298559813,after_hours_ratio (z=1.59),4,4,4,1.5,11.0,15.0,15.0
GTD0219,2010-05-28,-0.077128076786384,after_hours_ratio (z=1.46),6,6,6,1.6666666666666667,4.0,8.0,8.0
EIS0041,2011-05-10,-0.07707363440694948,file_count (z=2.20),4,4,4,1.5,4.0,27.0,27.0
BAL0044,2010-02-08,-0.07704223278653755,after_hours_ratio (z=2.01),6,6,6,1.6666666666666667,5.0,6.0,6.0
CCA0046,2010-01-18,-0.07702889769200383,file_count (z=2.46),5,5,5,1.2,5.0,25.0,25.0
HDS0367,2010-02-04,-0.07702889769200383,file_count (z=1.22),6,5,5,1.0,6.0,18.0,18.0
MPM0220,2010-03-23,-0.0769744622706725,after_hours_ratio (z=-1.32),5,4,4,0.4,12.0,26.0,26.0
HDS0367,2010-08-06,-0.07688863526405187,logon_count (z=1.48),7,6,6,1.4285714285714286,5.0,5.0,5.0
HDS0367,2010-08-23,-0.07676645733636633,file_count (z=1.37),6,5,5,1.3333333333333333,4.0,19.0,19.0
IBB0359,2011-02-23,-0.07676645733636633,file_count (z=1.09),5,4,4,0.8,11.0,16.0,16.0
EIS0041,2010-09-08,-0.07676645733636633,file_count (z=1.39),6,5,5,1.0,4.0,21.0,21.0
GTD0219,2010-02-12,-0.07676645733636633,file_count (z=1.45),5,5,5,0.8,6.0,21.0,21.0
BAL0044,2011-03-21,-0.07676645733636633,file_count (z=1.85),6,5,5,1.0,4.0,21.0,21.0
HDS0367,2010-05-06,-0.07676645733636633,file_count (z=1.37),6,5,5,1.3333333333333333,4.0,19.0,19.0
BSS0369,2010-07-02,-0.07671204032705092,unique_pcs (z=0.68),5,5,5,1.2,12.0,11.0,11.0
HDS0367,2010-10-11,-0.07671204032705092,logon_count (z=1.48),7,6,6,0.8571428571428571,6.0,8.0,8.0
IBB0359,2011-03-16,-0.07650410574748978,after_hours_ratio (z=0.80),5,4,4,1.2,12.0,14.0,14.0
AJF0370,2010-02-19,-0.07650410574748978,after_hours_ratio (z=-0.85),5,4,4,0.6,11.0,24.0,24.0
IBB0359,2010-05-21,-0.07650410574748978,logon_count (z=0.77),6,5,4,0.8333333333333334,12.0,13.0,13.0
AJF0370,2011-03-22,-0.07644970714396293,logon_count (z=-1.22),3,3,3,1.3333333333333333,11.0,31.0,31.0
AJF0370,2011-03-30,-0.07644970714396293,logon_count (z=-1.22),3,3,3,1.0,11.0,34.0,34.0
GTD0219,2010-05-03,-0.07624184289535041,unique_pcs (z=1.28),6,6,6,1.0,6.0,10.0,10.0
MOS0047,2010-07-20,-0.07624184289535041,file_count (z=2.24),5,5,5,1.2,6.0,24.0,24.0
BAL0044,2010-03-12,-0.07624184289535041,unique_pcs (z=1.37),6,6,6,1.3333333333333333,5.0,10.0,10.0
MPM0220,2010-06-17,-0.07618746269138643,logoff_count (z=-0.79),4,3,3,1.0,10.0,27.0,27.0
MPM0220,2010-07-22,-0.07618746269138643,logon_count (z=-1.20),3,3,3,1.3333333333333333,11.0,28.0,28.0
AJF0370,2011-02-22,-0.07618746269138643,device_connects (z=-1.59),4,3,3,1.0,9.0,35.0,35.0
BAL0044,2010-11-18,-0.07618746269138643,logon_count (z=2.71),9,8,7,1.0,5.0,8.0,8.0
AJF0370,2011-02-23,-0.07618746269138643,device_connects (z=-0.93),4,3,3,1.0,10.0,27.0,27.0
CCA0046,2010-03-16,-0.07613308630257198,device_connects (z=1.89),6,6,6,1.3333333333333333,7.0,7.0,7.0
CCA0046,2010-09-03,-0.07613308630257198,device_connects (z=1.89),6,6,6,1.3333333333333333,7.0,7.0,7.0
EIS0041,2010-12-09,-0.075979668749934,file_count (z=1.53),4,5,5,1.0,6.0,22.0,22.0
IBB0359,2010-06-25,-0.075979668749934,logon_count (z=0.77),6,5,5,0.8333333333333334,12.0,10.0,10.0
IBB0359,2011-05-10,-0.075979668749934,device_connects (z=0.94),6,5,5,0.6666666666666666,13.0,9.0,9.0
IBB0359,2011-03-15,-0.075979668749934,after_hours_ratio (z=1.15),6,5,5,1.3333333333333333,10.0,7.0,7.0
IBB0359,2011-04-28,-0.075979668749934,device_connects (z=0.94),6,5,5,0.6666666666666666,13.0,9.0,9.0
IBB0359,2011-03-07,-0.07596419059458226,device_connects (z=0.94),5,5,5,1.2,13.0,10.0,10.0
HDS0367,2011-03-18,-0.0757175832812369,device_connects (z=1.17),6,5,5,1.0,6.0,16.0,16.0
MOS0047,2010-07-09,-0.07566323985773082,device_connects (z=1.38),7,6,6,0.42857142857142855,8.0,8.0,8.0
IBB0359,2010-01-14,-0.07545558645926542,file_count (z=0.77),5,4,4,1.0,11.0,14.0,14.0
IBB0359,2010-06-28,-0.07545558645926542,unique_pcs (z=0.71),5,5,5,0.8,12.0,13.0,13.0
BSS0369,2010-05-21,-0.07545558645926542,unique_pcs (z=0.68),5,5,5,0.8,12.0,13.0,13.0
CCA0046,2010-04-21,-0.07540126141665837,after_hours_ratio (z=1.30),5,5,5,1.6,5.0,16.0,16.0
MPM0220,2010-06-29,-0.07540126141665837,after_hours_ratio (z=-1.07),4,3,3,0.5,11.0,34.0,34.0
MPM0220,2010-04-21,-0.07540126141665837,after_hours_ratio (z=-1.07),4,3,3,0.5,11.0,36.0,36.0
MPM0220,2010-02-22,-0.07540126141665837,after_hours_ratio (z=-1.07),4,3,3,0.5,11.0,37.0,37.0
AJF0370,2010-06-10,-0.07540126141665837,after_hours_ratio (z=-1.12),4,3,3,0.5,11.0,35.0,35.0
BAL0044,2011-01-24,-0.07529262276501558,after_hours_ratio (z=2.01),6,6,6,1.6666666666666667,6.0,4.0,4.0
GTD0219,2010-05-19,-0.075193678254036,file_count (z=1.88),5,5,5,0.8,6.0,24.0,24.0
BAL0044,2010-02-04,-0.075193678254036,file_count (z=1.56),6,5,5,1.1666666666666667,5.0,19.0,19.0
CCA0046,2010-01-15,-0.07513937158611106,unique_pcs (z=1.38),6,6,6,1.3333333333333333,5.0,9.0,9.0
CCA0046,2010-09-07,-0.07513937158611106,unique_pcs (z=1.38),6,6,6,1.3333333333333333,5.0,9.0,9.0
AJF0370,2010-04-09,-0.07513937158611106,after_hours_ratio (z=-1.12),4,3,3,0.5,11.0,33.0,33.0
AJF0370,2010-04-14,-0.07513937158611106,after_hours_ratio (z=-1.12),4,3,3,0.5,11.0,32.0,32.0
MPM0220,2010-09-27,-0.07513937158611106,after_hours_ratio (z=-1.07),4,3,3,0.5,11.0,32.0,32.0
MPM0220,2010-09-30,-0.07513937158611106,after_hours_ratio (z=-1.07),4,3,3,0.5,11.0,33.0,33.0
HDS0367,2010-05-19,-0.07493185863557539,after_hours_ratio (z=1.07),6,5,5,1.3333333333333333,5.0,16.0,16.0
BAL0044,2010-04-13,-0.07493185863557539,device_connects (z=1.20),6,5,5,1.3333333333333333,5.0,16.0,16.0
BAL0044,2010-02-23,-0.07493185863557539,file_count (z=1.71),6,5,5,0.6666666666666666,4.0,20.0,20.0
AJF0370,2010-09-23,-0.07487757033611742,logoff_count (z=-0.72),4,3,3,1.0,11.0,26.0,26.0
AJF0370,2010-11-22,-0.07487757033611742,logoff_count (z=-0.72),4,3,3,1.0,11.0,26.0,26.0
MOS0047,2010-01-20,-0.0747919752929812,logon_count (z=1.17),7,6,6,1.1428571428571428,5.0,7.0,7.0
MOS0047,2010-04-30,-0.0747919752929812,logon_count (z=1.17),7,6,6,1.1428571428571428,5.0,7.0,7.0
BAL0044,2010-03-10,-0.07467012757392022,file_count (z=1.71),6,5,5,1.0,3.0,20.0,20.0
HDS0367,2010-09-20,-0.07467012757392022,device_connects (z=1.17),6,5,5,1.3333333333333333,6.0,14.0,14.0
EIS0041,2010-09-14,-0.07467012757392022,file_count (z=1.53),5,5,5,1.2,5.0,22.0,22.0
BAL0044,2011-03-11,-0.07467012757392022,file_count (z=1.71),6,5,5,0.6666666666666666,5.0,20.0,20.0
BSS0369,2010-08-05,-0.07465467557720928,device_connects (z=0.90),5,5,5,1.2,13.0,9.0,9.0
CCA0046,2010-02-11,-0.0745615915069262,unique_pcs (z=1.38),6,6,6,1.3333333333333333,6.0,8.0,8.0
EIS0041,2010-09-02,-0.07453029154490032,logon_count (z=2.16),8,7,7,1.125,5.0,6.0,6.0
EIS0041,2010-12-06,-0.07453029154490032,logon_count (z=1.48),7,6,6,1.4285714285714286,5.0,3.0,3.0
IBB0359,2010-09-10,-0.07440848503911757,logon_count (z=0.77),6,5,5,0.6666666666666666,11.0,10.0,10.0
BAL0044,2010-08-23,-0.07440848503911757,file_count (z=1.56),6,5,5,1.0,5.0,19.0,19.0
IBB0359,2010-08-17,-0.07440848503911757,logon_count (z=0.77),6,5,5,0.6666666666666666,11.0,10.0,10.0
EIS0041,2010-10-27,-0.07440848503911757,logoff_count (z=1.37),6,6,6,1.1666666666666667,5.0,10.0,10.0
HDS0367,2011-02-18,-0.07440848503911757,after_hours_ratio (z=-1.58),6,5,5,0.3333333333333333,6.0,19.0,19.0
IBB0359,2010-07-19,-0.07440848503911757,device_connects (z=0.94),6,5,5,1.0,13.0,6.0,6.0
MPM0220,2010-02-24,-0.07435423345795711,unique_pcs (z=-1.41),4,3,2,1.0,10.0,31.0,31.0
BAL0044,2010-08-18,-0.07435423345795711,device_connects (z=1.88),7,6,6,0.8571428571428571,6.0,6.0,6.0
EIS0041,2010-08-20,-0.07435423345795711,logon_count (z=1.48),7,6,6,0.8571428571428571,6.0,6.0,6.0
MOS0047,2010-06-08,-0.07435423345795711,file_count (z=2.69),5,4,4,0.8,5.0,27.0,27.0
GTD0219,2010-01-22,-0.07414693100122427,file_count (z=1.74),5,5,5,1.2,5.0,23.0,23.0
CCA0046,2010-05-10,-0.07414693100122427,unique_pcs (z=1.38),6,6,6,0.8333333333333334,5.0,11.0,11.0
BAL0044,2010-01-25,-0.07400718955134877,after_hours_ratio (z=1.39),7,6,6,1.4285714285714286,5.0,4.0,4.0
BSS0369,2010-09-27,-0.0738854654303076,file_count (z=1.03),4,4,4,0.75,11.0,16.0,16.0
MPM0220,2010-06-08,-0.07383125054260997,after_hours_ratio (z=-1.07),4,3,3,0.5,10.0,33.0,33.0
CCA0046,2010-01-11,-0.07383125054260997,after_hours_ratio (z=1.30),5,5,5,1.6,4.0,16.0,16.0
IBB0359,2010-10-21,-0.07362408829644485,after_hours_ratio (z=2.03),3,4,3,1.6666666666666667,10.0,15.0,15.0
IBB0359,2011-04-01,-0.07362408829644485,after_hours_ratio (z=0.80),5,4,4,1.2,12.0,13.0,13.0
AJF0370,2011-03-03,-0.0735698917461709,logon_count (z=-1.22),3,3,3,1.3333333333333333,11.0,27.0,27.0
EIS0041,2010-12-22,-0.07336279956972336,after_hours_ratio (z=1.14),6,5,5,1.3333333333333333,4.0,17.0,17.0
BSS0369,2010-01-11,-0.07330862135067073,after_hours_ratio (z=1.38),5,5,5,1.6,12.0,3.0,3.0
IBB0359,2010-03-12,-0.07330862135067073,after_hours_ratio (z=0.94),4,4,4,1.25,12.0,15.0,15.0
BAL0044,2010-07-22,-0.07310159922024073,file_count (z=1.85),5,5,5,0.8,4.0,21.0,21.0
IBB0359,2011-03-04,-0.07310159922024073,file_count (z=0.77),5,4,4,0.8,11.0,14.0,14.0
BAL0044,2010-12-01,-0.07310159922024073,file_count (z=1.56),6,5,5,0.8333333333333334,4.0,19.0,19.0
IBB0359,2010-12-01,-0.07310159922024073,device_connects (z=0.94),6,5,5,0.8333333333333334,13.0,8.0,8.0
AJF0370,2010-02-24,-0.07304743932620916,after_hours_ratio (z=-1.12),4,3,3,0.5,11.0,30.0,30.0
AJF0370,2010-11-19,-0.07304743932620916,after_hours_ratio (z=-1.12),4,3,3,0.5,11.0,30.0,30.0
AJF0370,2010-06-25,-0.07304743932620916,device_connects (z=-1.59),4,3,3,1.0,9.0,29.0,29.0
HDS0367,2010-03-22,-0.0729078966333353,after_hours_ratio (z=1.51),6,6,6,1.5,5.0,6.0,6.0
GTD0219,2010-03-04,-0.07284048721810465,unique_pcs (z=1.28),6,6,6,1.0,4.0,12.0,12.0
BAL0044,2010-05-10,-0.07284048721810465,device_connects (z=1.88),6,5,5,0.6666666666666666,6.0,18.0,18.0
IBB0359,2010-07-07,-0.07257946353343281,after_hours_ratio (z=0.80),5,4,4,1.2,10.0,13.0,13.0
GTD0219,2010-01-25,-0.07257946353343281,file_count (z=1.74),5,5,5,0.8,4.0,23.0,23.0
HDS0367,2010-03-01,-0.07252534027085067,after_hours_ratio (z=1.77),5,5,5,1.6,5.0,15.0,15.0
CCA0046,2010-02-12,-0.07231852813635298,file_count (z=2.31),5,5,5,0.8,5.0,24.0,24.0
BSS0369,2010-03-29,-0.07231852813635298,file_count (z=1.36),4,4,4,0.5,12.0,18.0,18.0
IBB0359,2010-08-06,-0.07231852813635298,after_hours_ratio (z=0.80),5,4,4,1.2,11.0,12.0,12.0
AJF0370,2010-03-27,-0.07226442318020365,after_hours_ratio (z=-1.12),4,3,3,0.5,11.0,29.0,29.0
MPM0220,2010-06-30,-0.07226442318020365,after_hours_ratio (z=-1.07),4,3,3,0.5,11.0,28.0,28.0
AJF0370,2010-05-17,-0.07226442318020365,after_hours_ratio (z=-1.12),4,3,3,0.5,11.0,29.0,29.0
AJF0370,2010-12-29,-0.07226442318020365,after_hours_ratio (z=-1.12),4,3,3,0.5,11.0,29.0,29.0
AJF0370,2010-04-06,-0.07226442318020365,after_hours_ratio (z=-1.12),4,3,3,0.5,11.0,29.0,29.0
CCA0046,2010-07-07,-0.0722103220198933,unique_pcs (z=1.38),6,6,6,1.3333333333333333,6.0,6.0,6.0
MOS0047,2010-08-11,-0.07205768099700327,device_connects (z=0.91),6,5,5,1.0,7.0,13.0,13.0
EIS0041,2010-09-24,-0.07200359434109482,device_connects (z=1.89),7,6,6,0.5714285714285714,7.0,5.0,5.0
MPM0220,2010-06-07,-0.07200359434109471,logon_count (z=-1.20),3,3,3,0.6666666666666666,11.0,34.0,34.0
IBB0359,2011-03-23,-0.07179692208553168,file_count (z=0.77),4,4,4,1.0,12.0,14.0,14.0
AJF0370,2010-08-09,-0.07179692208553168,after_hours_ratio (z=-1.39),5,4,4,0.4,12.0,23.0,23.0
EIS0041,2010-05-06,-0.07179692208553168,file_count (z=0.99),6,5,5,1.0,4.0,18.0,18.0
CCA0046,2010-07-02,-0.07158067139666702,after_hours_ratio (z=1.47),6,6,6,1.6666666666666667,6.0,1.0,1.0
EIS0041,2011-01-13,-0.0715362513720963,file_count (z=1.93),5,4,4,0.8,5.0,25.0,25.0
MOS0047,2010-09-10,-0.0715362513720963,file_count (z=1.19),6,5,5,0.6666666666666666,6.0,17.0,17.0
AJF0370,2010-10-05,-0.0715362513720963,file_count (z=-1.15),4,3,3,1.0,11.0,21.0,21.0
HDS0367,2010-07-27,-0.0715362513720963,file_count (z=1.07),6,5,5,1.0,5.0,17.0,17.0
EIS0041,2010-09-01,-0.0715362513720963,file_count (z=0.85),6,5,5,1.0,5.0,17.0,17.0
MOS0047,2010-01-21,-0.07148220129810223,logon_count (z=1.17),7,6,6,0.5714285714285714,7.0,4.0,4.0
EIS0041,2010-10-26,-0.07139698185926857,logon_count (z=1.48),7,6,6,0.8571428571428571,5.0,7.0,7.0
CCA0046,2010-09-29,-0.07139698185926857,unique_pcs (z=2.07),7,7,7,1.1428571428571428,5.0,5.0,5.0
BAL0044,2010-06-21,-0.07127566882686553,file_count (z=1.85),5,5,5,0.8,3.0,21.0,21.0
MPM0220,2010-03-01,-0.0712216370345492,file_count (z=-1.10),4,3,3,1.25,11.0,23.0,23.0
MOS0047,2010-02-23,-0.0712216370345492,logon_count (z=1.17),7,6,6,0.8571428571428571,6.0,5.0,5.0
BSS0369,2010-07-01,-0.07111358482176855,after_hours_ratio (z=1.16),4,4,4,1.5,11.0,11.0,11.0
GTD0219,2010-04-01,-0.07101517442001759,file_count (z=1.17),5,5,5,1.2,5.0,19.0,19.0
EIS0041,2010-02-08,-0.07101517442001759,device_connects (z=1.29),6,5,5,0.6666666666666666,6.0,16.0,16.0
AJF0370,2011-03-29,-0.07096116090319549,after_hours_ratio (z=-1.12),4,3,3,0.5,10.0,28.0,28.0
GTD0219,2010-02-16,-0.07075476812174097,device_connects (z=1.19),5,5,5,0.8,6.0,18.0,18.0
HDS0367,2010-06-29,-0.07075476812174097,file_count (z=0.92),6,5,5,1.0,5.0,16.0,16.0
AJF0370,2010-09-28,-0.07075476812174097,file_count (z=-1.82),5,4,4,0.4,12.0,16.0,16.0
AJF0370,2010-12-20,-0.07075476812174097,file_count (z=-0.89),4,3,3,1.0,11.0,23.0,23.0
IBB0359,2010-01-21,-0.07075476812174097,after_hours_ratio (z=1.15),6,5,5,1.3333333333333333,13.0,4.0,4.0
AJF0370,2010-03-25,-0.07075476812174097,file_count (z=-1.29),4,3,3,1.0,11.0,20.0,20.0
MPM0220,2010-08-25,-0.07075476812174097,file_count (z=-1.10),4,3,3,1.0,11.0,23.0,23.0
BSS0369,2010-09-03,-0.07070077287423171,device_connects (z=0.90),5,5,5,1.2,13.0,6.0,6.0
GTD0219,2010-06-09,-0.0707007728742316,after_hours_ratio (z=1.30),5,5,5,1.6,4.0,15.0,15.0
IBB0359,2010-11-30,-0.07049444990223419,after_hours_ratio (z=0.80),5,4,4,1.2,11.0,11.0,11.0
AJF0370,2010-09-30,-0.07049444990223419,after_hours_ratio (z=-1.39),5,4,4,0.4,12.0,24.0,24.0
BSS0369,2010-05-20,-0.07049444990223419,device_connects (z=-0.86),4,4,4,1.0,10.0,14.0,14.0
BAL0044,2010-04-20,-0.07035536871765036,logon_count (z=1.38),7,6,6,1.1428571428571428,4.0,6.0,6.0
AJF0370,2010-11-09,-0.07023421973170585,file_count (z=-1.15),4,3,3,1.0,10.0,21.0,21.0
BSS0369,2010-01-04,-0.0701802610042862,after_hours_ratio (z=0.61),4,4,4,1.25,12.0,13.0,13.0
BAL0044,2011-02-11,-0.0701802610042862,file_count (z=2.58),5,4,4,1.2,4.0,26.0,26.0
MSO0222,2010-12-09,-0.07012630606244641,device_connects (z=15.39),7,7,6,1.5714285714285714,2.0,1.0,1.0
AJF0370,2010-06-13,-0.07012630606244641,after_hours_ratio (z=-2.47),5,4,4,0.0,9.0,31.0,31.0
HDS0367,2011-01-05,-0.07009518558937766,logon_count (z=1.48),7,6,6,1.1428571428571428,5.0,5.0,5.0
IBB0359,2011-04-25,-0.06997407758037455,device_connects (z=0.94),6,5,5,0.6666666666666666,13.0,6.0,6.0
AJF0370,2010-01-28,-0.06997407758037455,file_count (z=-0.75),4,3,3,1.0,11.0,24.0,24.0
AJF0370,2010-08-04,-0.06997407758037455,file_count (z=-0.75),4,3,3,1.0,11.0,24.0,24.0
AJF0370,2010-10-03,-0.06997407758037455,logon_count (z=-1.22),3,3,3,1.3333333333333333,11.0,25.0,25.0
AJF0370,2011-04-05,-0.06997407758037455,file_count (z=-0.75),4,3,3,1.0,11.0,24.0,24.0
CCA0046,2010-08-19,-0.0698662004113969,unique_pcs (z=1.38),6,6,6,1.3333333333333333,5.0,8.0,8.0
HDS0367,2010-06-15,-0.0696601011864384,logon_count (z=1.48),7,6,6,0.5714285714285714,6.0,4.0,4.0
AJF0370,2010-08-31,-0.0696601011864384,after_hours_ratio (z=-1.12),4,3,3,0.5,11.0,27.0,27.0
MOS0047,2010-07-02,-0.06960618273742736,logoff_count (z=1.06),6,6,6,1.0,6.0,8.0,8.0
HDS0367,2010-07-02,-0.06960618273742736,logoff_count (z=1.41),6,6,6,1.0,6.0,8.0,8.0
BSS0369,2010-04-02,-0.06949261611150481,device_connects (z=0.90),5,5,5,0.8,13.0,9.0,9.0
AJF0370,2010-12-15,-0.06945405721622833,device_connects (z=-0.93),4,3,3,1.0,10.0,23.0,23.0
AJF0370,2010-02-20,-0.06945405721622833,file_count (z=-1.42),4,3,3,1.0,11.0,19.0,19.0
AJF0370,2010-03-24,-0.06945405721622833,device_connects (z=-0.93),4,3,3,1.0,10.0,23.0,23.0
AJF0370,2010-12-24,-0.06934625301078101,after_hours_ratio (z=-2.47),4,3,3,0.0,11.0,32.0,32.0
EIS0041,2010-06-10,-0.06919417894390101,file_count (z=0.85),6,5,5,0.8333333333333334,4.0,17.0,17.0
BSS0369,2010-08-08,-0.06919417894390101,after_hours_ratio (z=-1.06),4,4,4,0.5,12.0,16.0,16.0
AJF0370,2010-09-09,-0.06919417894390101,logon_count (z=-1.22),3,3,3,1.3333333333333333,11.0,21.0,21.0
AJF0370,2010-01-20,-0.06914029318257542,logon_count (z=-1.22),3,3,3,0.6666666666666666,11.0,31.0,31.0
CCA0046,2010-03-01,-0.06897865858030316,after_hours_ratio (z=1.47),6,6,6,1.6666666666666667,5.0,2.0,2.0
EIS0041,2011-03-21,-0.06893438857174616,after_hours_ratio (z=-1.53),6,5,5,0.3333333333333333,4.0,18.0,18.0
IBB0359,2010-01-26,-0.06893438857174616,file_count (z=0.61),5,4,4,0.8,11.0,13.0,13.0
BAL0044,2010-07-21,-0.06893438857174616,file_count (z=1.41),6,5,5,0.6666666666666666,4.0,18.0,18.0
CCA0046,2010-09-16,-0.06893438857174616,file_count (z=1.42),5,5,5,1.2,5.0,18.0,18.0
HDS0367,2010-08-13,-0.06893438857174616,after_hours_ratio (z=1.07),6,5,5,1.3333333333333333,4.0,15.0,15.0
MOS0047,2010-06-22,-0.06893438857174616,file_count (z=1.34),5,5,5,1.2,5.0,18.0,18.0
MPM0220,2010-10-29,-0.06888052103652198,device_connects (z=-1.32),4,3,3,0.75,9.0,27.0,27.0
MCF0600,2010-09-20,-0.06888052103652198,device_connects (z=9.05),4,3,2,0.75,10.0,27.0,27.0
HDS0367,2010-07-30,-0.06867468607003291,file_count (z=0.92),6,5,5,1.0,4.0,16.0,16.0
AJF0370,2010-03-04,-0.06867468607003291,file_count (z=-1.42),4,3,3,1.0,10.0,19.0,19.0
AJF0370,2011-01-25,-0.06867468607003291,device_connects (z=-1.59),4,4,4,0.5,9.0,25.0,25.0
MOS0047,2010-04-12,-0.06867468607003291,after_hours_ratio (z=-1.58),6,5,5,0.3333333333333333,5.0,18.0,18.0
BAL0044,2010-01-06,-0.06867468607003291,file_count (z=1.12),6,5,5,1.0,4.0,16.0,16.0
AJF0370,2010-06-28,-0.06867468607003291,file_count (z=-1.29),3,3,3,1.3333333333333333,11.0,20.0,20.0
AJF0370,2011-01-21,-0.06867468607003291,device_connects (z=-0.93),4,3,3,1.0,10.0,24.0,24.0
HDS0367,2010-07-09,-0.06862083675474517,logon_count (z=1.48),7,6,6,1.1428571428571428,6.0,2.0,2.0
CCA0046,2010-05-17,-0.06856699121736143,unique_pcs (z=1.38),6,6,6,1.3333333333333333,6.0,5.0,5.0
CCA0046,2010-02-09,-0.06848209426643326,unique_pcs (z=1.38),6,6,6,1.3333333333333333,5.0,7.0,7.0
HDS0367,2010-02-22,-0.06841507140904002,file_count (z=1.22),6,5,5,0.6666666666666666,5.0,18.0,18.0
HDS0367,2011-04-14,-0.06841507140904002,device_connects (z=1.17),6,5,5,1.3333333333333333,6.0,10.0,10.0
GTD0219,2010-06-07,-0.06841507140904002,file_count (z=1.02),5,5,5,1.2,4.0,18.0,18.0
BAL0044,2011-04-28,-0.06841507140904002,device_connects (z=1.20),6,5,5,1.3333333333333333,5.0,12.0,12.0
HDS0367,2010-11-10,-0.06841507140904002,after_hours_ratio (z=1.07),6,5,5,1.3333333333333333,5.0,12.0,12.0
IBB0359,2011-02-25,-0.06841507140904002,device_connects (z=-0.69),5,4,4,0.8,10.0,13.0,13.0
AJF0370,2011-02-26,-0.06836124030752633,logon_count (z=-1.22),3,3,3,0.6666666666666666,11.0,28.0,28.0
AJF0370,2010-05-20,-0.06836124030752633,after_hours_ratio (z=-1.12),4,3,3,0.5,10.0,27.0,27.0
AJF0370,2010-06-30,-0.06836124030752633,after_hours_ratio (z=-1.12),4,3,3,0.5,10.0,27.0,27.0
AJF0370,2011-04-08,-0.06815554455905692,file_count (z=-1.55),4,3,3,1.0,11.0,18.0,18.0
EIS0041,2011-05-09,-0.06815554455905692,device_connects (z=1.29),6,5,5,1.0,6.0,12.0,12.0
BSS0369,2010-07-14,-0.06815554455905692,file_count (z=0.55),4,4,4,1.0,12.0,13.0,13.0
IBB0359,2010-05-19,-0.06815554455905692,logon_count (z=0.77),6,5,5,1.0,12.0,5.0,5.0
HDS0367,2011-02-24,-0.06815554455905692,file_count (z=1.82),5,4,4,0.8,5.0,22.0,22.0
IBB0359,2011-05-05,-0.06815554455905692,device_connects (z=0.94),6,5,5,1.1666666666666667,13.0,4.0,4.0
CCA0046,2010-04-15,-0.0678961054903825,file_count (z=2.31),5,5,5,0.4,6.0,24.0,24.0
IBB0359,2010-04-06,-0.06784231079793701,after_hours_ratio (z=0.80),5,5,5,1.2,12.0,7.0,7.0
AJF0370,2010-10-18,-0.06784231079793701,device_connects (z=-1.59),4,3,3,1.0,9.0,26.0,26.0
BAL0044,2011-05-11,-0.06763675417332615,device_connects (z=1.20),6,5,5,1.0,5.0,15.0,15.0
BAL0044,2010-01-26,-0.06763675417332615,file_count (z=1.85),5,4,4,0.8,4.0,21.0,21.0
GTD0219,2010-01-08,-0.06763675417332615,after_hours_ratio (z=-2.13),5,5,5,0.2,6.0,19.0,19.0
BAL0044,2010-12-22,-0.06749818957931542,logon_count (z=1.38),7,6,6,1.1428571428571428,5.0,3.0,3.0
AJF0370,2010-11-04,-0.06737749057820708,file_count (z=-1.55),4,3,3,1.0,10.0,18.0,18.0
IBB0359,2010-09-14,-0.06737749057820708,after_hours_ratio (z=-1.47),6,5,5,0.3333333333333333,12.0,8.0,8.0
HDS0367,2011-04-18,-0.06737749057820708,file_count (z=1.52),5,4,4,0.8,4.0,20.0,20.0
BSS0369,2010-06-15,-0.06732373227020427,unique_pcs (z=0.68),5,5,5,1.2,11.0,7.0,7.0
AJF0370,2011-01-18,-0.06726997773372068,after_hours_ratio (z=-2.47),4,3,3,0.0,11.0,30.0,30.0
BSS0369,2010-04-26,-0.06725467355814352,after_hours_ratio (z=1.16),4,4,4,1.5,12.0,10.0,10.0
BSS0369,2010-03-24,-0.06725467355814352,after_hours_ratio (z=1.16),4,4,4,1.5,12.0,10.0,10.0
IBB0359,2010-05-04,-0.06715675635127294,after_hours_ratio (z=0.80),5,4,4,1.2,12.0,10.0,10.0
AJF0370,2011-05-09,-0.06711831467535445,logon_count (z=-1.22),3,3,3,1.3333333333333333,10.0,23.0,23.0
BAL0044,2010-11-23,-0.06711831467535445,unique_pcs (z=1.37),6,6,6,0.6666666666666666,4.0,10.0,10.0
AJF0370,2010-01-25,-0.06711831467535445,logon_count (z=-1.22),3,3,3,1.3333333333333333,10.0,23.0,23.0
IBB0359,2010-08-02,-0.06706457455034376,after_hours_ratio (z=0.80),5,5,5,1.2,11.0,6.0,6.0
HDS0367,2011-03-15,-0.06701083819557652,after_hours_ratio (z=-1.71),7,6,6,0.2857142857142857,6.0,4.0,4.0
BAL0044,2011-05-02,-0.06697984380054367,logon_count (z=1.38),7,6,6,1.1428571428571428,5.0,4.0,4.0
BAL0044,2010-03-03,-0.06697984380054367,logon_count (z=1.38),7,6,6,1.1428571428571428,5.0,4.0,4.0
HDS0367,2010-12-30,-0.06685922643510778,device_connects (z=1.17),6,5,5,0.6666666666666666,6.0,14.0,14.0
EIS0041,2011-04-19,-0.06685922643510778,after_hours_ratio (z=1.14),6,5,5,1.3333333333333333,3.0,15.0,15.0
MOS0047,2010-01-13,-0.06685922643510778,device_connects (z=0.91),6,5,5,1.0,7.0,10.0,10.0
AJF0370,2010-12-31,-0.06685922643510778,logon_count (z=-1.22),3,3,3,1.0,11.0,25.0,25.0
GTD0219,2010-01-07,-0.0668055044869389,file_count (z=0.88),5,5,5,1.2,5.0,17.0,17.0
IBB0359,2011-03-30,-0.0668055044869389,after_hours_ratio (z=0.80),5,5,5,1.2,10.0,7.0,7.0
EIS0041,2011-01-27,-0.06660022582781633,device_connects (z=1.29),6,5,5,1.0,6.0,11.0,11.0
HDS0367,2010-10-22,-0.06660022582781633,device_connects (z=1.17),6,5,5,1.0,6.0,11.0,11.0
AJF0370,2010-05-21,-0.06660022582781633,file_count (z=-1.69),4,3,3,1.0,11.0,17.0,17.0
BSS0369,2010-09-17,-0.06660022582781633,file_count (z=0.39),4,4,4,1.0,12.0,12.0,12.0
MOS0047,2010-02-26,-0.06660022582781633,file_count (z=1.19),6,5,5,0.5,5.0,17.0,17.0
IBB0359,2010-04-12,-0.06660022582781633,logon_count (z=-0.51),4,4,4,1.0,12.0,12.0,12.0
GTD0219,2010-04-12,-0.06654652205034117,after_hours_ratio (z=1.30),5,5,5,1.6,4.0,12.0,12.0
EIS0041,2010-12-14,-0.06634131282383948,device_connects (z=1.29),6,5,5,0.6666666666666666,6.0,13.0,13.0
MOS0047,2010-07-22,-0.06634131282383948,after_hours_ratio (z=-0.63),6,5,5,0.6666666666666666,6.0,13.0,13.0
EIS0041,2010-06-09,-0.06634131282383948,file_count (z=1.79),5,4,4,0.8,4.0,24.0,24.0
IBB0359,2011-04-11,-0.06634131282383948,device_connects (z=0.39),5,4,4,0.8,12.0,11.0,11.0
GTD0219,2010-02-25,-0.06628762721091219,file_count (z=2.02),4,4,4,1.0,3.0,25.0,25.0
HDS0367,2010-03-23,-0.06628762721091208,after_hours_ratio (z=1.77),5,5,5,1.6,5.0,11.0,11.0
HDS0367,2011-05-10,-0.06623394536440397,after_hours_ratio (z=1.51),4,4,4,1.5,5.0,19.0,19.0
IBB0359,2010-07-06,-0.06608248739354661,file_count (z=1.57),3,3,3,1.3333333333333333,10.0,19.0,19.0
HDS0367,2010-09-30,-0.06608248739354661,file_count (z=1.07),6,5,5,0.6666666666666666,5.0,17.0,17.0
IBB0359,2010-02-08,-0.06608248739354661,logon_count (z=0.77),6,5,5,0.6666666666666666,10.0,6.0,6.0
EIS0041,2010-02-02,-0.06608248739354661,file_count (z=0.85),6,5,5,0.6666666666666666,5.0,17.0,17.0
EIS0041,2010-10-20,-0.06608248739354661,file_count (z=0.99),5,5,5,1.2,3.0,18.0,18.0
MOS0047,2010-02-10,-0.06602881993902321,device_connects (z=1.38),7,6,6,0.42857142857142855,8.0,1.0,1.0
AJF0370,2011-04-26,-0.06602881993902321,after_hours_ratio (z=-1.12),4,3,3,0.5,10.0,26.0,26.0
AJF0370,2010-01-08,-0.06602881993902321,after_hours_ratio (z=-1.12),4,3,3,0.5,10.0,26.0,26.0
AJF0370,2011-01-24,-0.06602881993902321,after_hours_ratio (z=-1.12),4,3,3,0.5,10.0,26.0,26.0
BSS0369,2010-06-01,-0.06586212621541687,device_connects (z=0.90),5,5,5,0.8,13.0,8.0,8.0
EIS0041,2010-10-11,-0.06582374950731729,file_count (z=1.39),5,4,4,0.8,3.0,21.0,21.0
BSS0369,2010-06-16,-0.06582374950731729,after_hours_ratio (z=0.94),5,5,5,1.4,13.0,4.0,4.0
BAL0044,2010-04-29,-0.06582374950731729,file_count (z=1.27),6,5,5,0.6666666666666666,4.0,17.0,17.0
MOS0047,2010-06-16,-0.06582374950731729,file_count (z=1.19),5,4,4,1.2,6.0,17.0,17.0
MPM0220,2010-07-12,-0.06582374950731729,file_count (z=-1.96),4,3,3,1.0,10.0,17.0,17.0
MPM0220,2010-04-26,-0.06577010020505591,logon_count (z=-1.20),3,3,3,0.6666666666666666,11.0,27.0,27.0
BSS0369,2010-05-05,-0.06570118152337157,after_hours_ratio (z=1.16),4,4,4,1.5,12.0,9.0,9.0
BSS0369,2010-08-16,-0.06570118152337157,after_hours_ratio (z=1.16),4,4,4,1.5,12.0,9.0,9.0
BSS0369,2010-09-01,-0.06570118152337157,after_hours_ratio (z=1.16),4,4,4,1.5,12.0,9.0,9.0
BSS0369,2010-02-13,-0.06570118152337157,after_hours_ratio (z=1.16),4,4,4,1.5,12.0,9.0,9.0
HDS0367,2010-11-16,-0.06568551265327882,logon_count (z=1.48),7,6,6,0.8571428571428571,5.0,3.0,3.0
IBB0359,2010-03-02,-0.06556509913554076,after_hours_ratio (z=-1.29),5,4,4,0.4,12.0,13.0,13.0
MOS0047,2010-04-29,-0.06556509913554076,file_count (z=0.74),6,5,5,1.0,5.0,14.0,14.0
IBB0359,2010-09-15,-0.06556509913554076,device_connects (z=-0.69),4,4,4,1.0,10.0,12.0,12.0
HDS0367,2010-10-07,-0.06556509913554076,device_connects (z=1.17),6,5,5,1.1666666666666667,6.0,10.0,10.0
HDS0367,2010-11-30,-0.06556509913554076,logon_count (z=0.81),6,5,5,1.0,5.0,14.0,14.0
BAL0044,2010-02-05,-0.06551146797940177,unique_pcs (z=2.08),7,7,7,1.1428571428571428,5.0,2.0,2.0
GTD0219,2010-02-22,-0.06545784058586135,device_connects (z=1.80),6,6,6,1.0,7.0,5.0,5.0
BAL0044,2011-02-17,-0.0653065362486166,file_count (z=0.97),6,5,5,1.0,4.0,15.0,15.0
MOS0047,2010-06-18,-0.0653065362486166,after_hours_ratio (z=-0.63),6,5,5,0.6666666666666666,6.0,12.0,12.0
HDS0367,2011-05-03,-0.0653065362486166,logon_count (z=0.81),6,5,5,1.0,4.0,15.0,15.0
BSS0369,2010-01-10,-0.0653065362486166,file_count (z=0.55),4,4,4,0.75,11.0,13.0,13.0
IBB0359,2011-01-05,-0.0653065362486166,device_connects (z=-0.69),5,4,4,0.8,10.0,11.0,11.0
HDS0367,2010-09-21,-0.0653065362486166,logon_count (z=0.81),6,5,5,1.0,4.0,15.0,15.0
BAL0044,2010-06-04,-0.0653065362486166,file_count (z=0.97),6,5,5,1.0,4.0,15.0,15.0
IBB0359,2011-03-09,-0.06518405116444403,after_hours_ratio (z=1.59),4,4,4,1.5,11.0,9.0,9.0
EIS0041,2010-05-05,-0.06504806081695436,after_hours_ratio (z=1.14),6,5,5,1.3333333333333333,4.0,12.0,12.0
HDS0367,2010-06-24,-0.06504806081695436,device_connects (z=1.17),6,5,5,1.1666666666666667,6.0,9.0,9.0
MPM0220,2010-03-17,-0.06504806081695436,device_connects (z=-1.32),4,3,3,1.0,9.0,25.0,25.0
IBB0359,2010-02-09,-0.06504806081695436,after_hours_ratio (z=-1.29),5,4,4,0.4,11.0,13.0,13.0
MPM0220,2010-05-07,-0.06488728744993588,logoff_count (z=-1.44),4,2,2,0.75,10.0,31.0,31.0
IBB0359,2010-05-10,-0.06478967281097336,after_hours_ratio (z=-1.47),6,5,5,0.3333333333333333,11.0,7.0,7.0
EIS0041,2010-01-14,-0.06457538834425125,after_hours_ratio (z=2.04),6,6,6,1.6666666666666667,5.0,0.0,0.0
IBB0359,2010-01-05,-0.06453137220110328,file_count (z=1.09),4,3,3,1.0,10.0,16.0,16.0
BSS0369,2010-02-24,-0.06453137220110328,device_connects (z=0.32),4,4,4,1.0,12.0,11.0,11.0
HDS0367,2011-03-17,-0.06453137220110328,file_count (z=1.37),5,4,4,1.2,5.0,19.0,19.0
AJF0370,2010-08-26,-0.06453137220110328,logon_count (z=-1.22),3,3,3,1.0,11.0,24.0,24.0
GTD0219,2010-03-19,-0.06451612273033391,file_count (z=0.74),5,5,5,1.2,5.0,16.0,16.0
CCA0046,2010-07-14,-0.06451612273033391,file_count (z=1.13),5,5,5,1.2,5.0,16.0,16.0
EIS0041,2010-09-30,-0.06439336897233383,after_hours_ratio (z=-1.66),7,6,6,0.2857142857142857,5.0,6.0,6.0
HDS0367,2010-06-08,-0.06427315895778352,logon_count (z=0.81),6,5,5,1.0,5.0,13.0,13.0
EIS0041,2010-07-26,-0.06427315895778352,logon_count (z=0.81),6,5,5,1.0,5.0,13.0,13.0
HDS0367,2010-03-08,-0.0642196184402326,logon_count (z=1.48),7,6,6,1.1428571428571428,5.0,2.0,2.0
BAL0044,2010-06-28,-0.0642196184402326,file_count (z=2.14),4,4,4,1.0,4.0,23.0,23.0
HDS0367,2011-01-11,-0.06413520240666626,logon_count (z=1.48),7,6,6,0.5714285714285714,5.0,5.0,5.0
HDS0367,2010-04-16,-0.0640150330514635,file_count (z=2.12),4,4,4,1.0,5.0,24.0,24.0
BSS0369,2010-09-06,-0.0640150330514635,file_count (z=1.03),3,3,3,1.3333333333333333,11.0,16.0,16.0
BAL0044,2010-01-11,-0.06396151064324007,after_hours_ratio (z=1.83),5,5,5,1.6,4.0,11.0,11.0
HDS0367,2011-02-16,-0.06387712316221039,after_hours_ratio (z=-1.71),7,6,6,0.2857142857142857,4.0,7.0,7.0
BAL0044,2010-08-06,-0.06375699445260286,after_hours_ratio (z=-1.49),6,5,5,0.3333333333333333,5.0,15.0,15.0
BSS0369,2010-01-22,-0.06375699445260286,after_hours_ratio (z=-1.06),4,4,4,0.5,12.0,13.0,13.0
EIS0041,2011-03-25,-0.06375699445260286,device_connects (z=1.29),6,5,5,1.0,6.0,10.0,10.0
HDS0367,2010-12-13,-0.06374176045035751,after_hours_ratio (z=1.77),5,5,5,1.6,6.0,8.0,8.0
HDS0367,2010-08-12,-0.06370349014758159,after_hours_ratio (z=1.77),5,5,5,1.6,6.0,7.0,7.0
EIS0041,2010-03-23,-0.0636573972786495,logon_count (z=1.48),7,6,6,1.1428571428571428,4.0,4.0,4.0
GTD0219,2010-01-18,-0.0635964927983731,after_hours_ratio (z=1.05),4,4,4,1.5,4.0,18.0,18.0
BAL0044,2010-08-02,-0.06359649279837298,logon_count (z=2.05),8,6,6,0.625,5.0,0.0,0.0
MOS0047,2010-08-05,-0.06349904313167087,after_hours_ratio (z=1.28),6,5,5,1.3333333333333333,5.0,10.0,10.0
BAL0044,2010-02-22,-0.06349904313167087,after_hours_ratio (z=-1.05),6,5,5,0.5,4.0,15.0,15.0
EIS0041,2010-12-29,-0.06349904313167087,after_hours_ratio (z=1.14),6,5,5,1.3333333333333333,5.0,10.0,10.0
HDS0367,2010-12-02,-0.06349904313167087,after_hours_ratio (z=1.07),6,5,5,1.3333333333333333,5.0,10.0,10.0
CCA0046,2010-03-22,-0.06344555692372877,device_connects (z=1.31),5,5,5,1.2,6.0,13.0,13.0
HDS0367,2010-04-05,-0.06344555692372877,device_connects (z=1.17),5,5,5,1.2,6.0,13.0,13.0
MPM0220,2010-05-06,-0.06339207446821604,after_hours_ratio (z=-2.32),4,3,3,0.0,11.0,27.0,27.0
CCA0046,2010-03-31,-0.06330774997965494,unique_pcs (z=1.38),6,6,6,1.3333333333333333,5.0,5.0,5.0
BAL0044,2011-02-10,-0.06324117905914728,after_hours_ratio (z=1.14),6,5,5,1.3333333333333333,4.0,11.0,11.0
BAL0044,2010-09-13,-0.06324117905914728,file_count (z=0.97),6,5,5,0.6666666666666666,4.0,15.0,15.0
IBB0359,2010-06-29,-0.06324117905914728,logon_count (z=0.77),6,5,4,0.6666666666666666,12.0,8.0,8.0
BSS0369,2010-04-25,-0.06324117905914728,device_connects (z=0.90),5,5,5,0.8,13.0,5.0,5.0
HDS0367,2011-02-09,-0.06324117905914728,after_hours_ratio (z=1.07),6,5,5,1.3333333333333333,4.0,11.0,11.0
BSS0369,2010-03-25,-0.06324117905914728,device_connects (z=0.90),5,5,5,0.8,13.0,5.0,5.0
HDS0367,2010-11-18,-0.06313424657633915,after_hours_ratio (z=1.51),4,4,4,1.5,5.0,17.0,17.0
GTD0219,2010-06-03,-0.06313424657633915,after_hours_ratio (z=1.05),4,4,4,1.5,5.0,17.0,17.0
AJF0370,2010-11-26,-0.06298340220552134,device_connects (z=-1.59),4,3,3,1.0,9.0,20.0,20.0
BSS0369,2010-07-12,-0.06286128947700975,after_hours_ratio (z=1.16),4,4,4,1.5,11.0,8.0,8.0
BSS0369,2010-03-19,-0.06286128947700975,after_hours_ratio (z=1.16),4,4,4,1.5,11.0,8.0,8.0
BSS0369,2010-06-03,-0.06282306335849686,after_hours_ratio (z=1.16),4,4,4,1.5,11.0,6.0,6.0
IBB0359,2011-04-04,-0.06272571254129244,unique_pcs (z=0.71),5,5,5,0.8,12.0,7.0,7.0
EIS0041,2010-02-10,-0.06272571254129244,logon_count (z=0.81),6,5,5,1.0,5.0,12.0,12.0
BAL0044,2010-03-04,-0.06261885238306919,file_count (z=1.85),4,4,4,1.25,3.0,21.0,21.0
BSS0369,2010-05-17,-0.06256542792662911,after_hours_ratio (z=1.16),4,4,4,1.5,10.0,7.0,7.0
MOS0047,2010-01-18,-0.06246811003697017,device_connects (z=0.91),5,5,5,0.8,7.0,13.0,13.0
HDS0367,2010-11-22,-0.06246811003697017,device_connects (z=1.75),5,5,5,0.8,7.0,13.0,13.0
HDS0367,2010-11-11,-0.06246811003697017,after_hours_ratio (z=1.07),6,5,5,1.3333333333333333,3.0,12.0,12.0
IBB0359,2010-11-15,-0.06221059466307388,unique_pcs (z=0.71),5,5,5,0.8,11.0,6.0,6.0
HDS0367,2010-03-31,-0.06221059466307388,file_count (z=1.22),5,4,4,0.8,4.0,18.0,18.0
AJF0370,2010-05-31,-0.06221059466307388,device_connects (z=-1.59),4,3,3,1.0,9.0,24.0,24.0
GTD0219,2010-02-26,-0.06205041845810899,after_hours_ratio (z=1.05),4,4,4,1.5,4.0,17.0,17.0
EIS0041,2010-01-11,-0.06205041845810899,after_hours_ratio (z=1.59),4,4,4,1.5,4.0,17.0,17.0
MOS0047,2010-08-24,-0.06199134885282209,device_connects (z=2.31),5,4,4,0.8,10.0,10.0,10.0
BSS0369,2010-01-21,-0.06193796842011867,after_hours_ratio (z=0.61),4,4,4,1.25,11.0,10.0,10.0
BAL0044,2010-03-25,-0.061695825188686326,file_count (z=1.56),5,4,4,1.2,3.0,19.0,19.0
IBB0359,2011-02-09,-0.061695825188686326,file_count (z=-0.99),6,5,5,1.0,11.0,3.0,3.0
BSS0369,2010-08-04,-0.061695825188686326,after_hours_ratio (z=-1.06),4,4,4,0.5,12.0,12.0,12.0
EIS0041,2011-04-21,-0.061695825188686326,file_count (z=0.99),5,4,4,0.8,5.0,18.0,18.0
EIS0041,2010-06-07,-0.06168063235917198,after_hours_ratio (z=0.79),5,5,5,1.2,5.0,15.0,15.0
AJF0370,2010-11-10,-0.06164246548902319,device_connects (z=-1.59),4,3,3,0.5,9.0,27.0,27.0
EIS0041,2010-05-13,-0.06143857102928385,logon_count (z=0.81),6,5,5,0.8333333333333334,5.0,12.0,12.0
EIS0041,2010-04-23,-0.06143857102928385,logon_count (z=0.81),6,5,5,1.0,4.0,13.0,13.0
IBB0359,2010-04-08,-0.06143857102928385,file_count (z=-0.83),6,5,5,1.0,12.0,4.0,4.0
IBB0359,2010-12-21,-0.06143857102928385,file_count (z=-0.83),6,5,5,1.0,12.0,4.0,4.0
CCA0046,2010-09-24,-0.0613852293777889,after_hours_ratio (z=1.30),5,5,5,1.6,3.0,11.0,11.0
IBB0359,2010-05-20,-0.061219547614233094,after_hours_ratio (z=0.80),5,4,4,1.2,11.0,8.0,8.0
EIS0041,2011-02-07,-0.0611814038824845,device_connects (z=1.89),6,5,5,1.0,7.0,7.0,7.0
BAL0044,2010-01-20,-0.0611814038824845,device_connects (z=1.20),6,5,5,1.0,5.0,11.0,11.0
HDS0367,2010-09-16,-0.0611814038824845,after_hours_ratio (z=-1.14),6,5,5,0.5,4.0,14.0,14.0
HDS0367,2010-09-09,-0.0611814038824845,logon_count (z=0.81),6,5,5,0.6666666666666666,5.0,13.0,13.0
BAL0044,2010-09-30,-0.0611814038824845,device_connects (z=1.20),6,5,5,0.6666666666666666,5.0,13.0,13.0
IBB0359,2011-02-16,-0.0611814038824845,after_hours_ratio (z=0.80),5,4,4,1.2,12.0,6.0,6.0
BAL0044,2011-01-21,-0.061140398087381365,logon_count (z=1.38),7,6,6,0.8571428571428571,5.0,0.0,0.0
WDD0366,2011-02-28,-0.0610440062332509,file_count (z=15.64),8,7,6,0.75,2.0,4.0,4.0
GTD0219,2010-06-10,-0.0609906922632204,unique_pcs (z=1.28),6,6,6,1.1666666666666667,4.0,6.0,6.0
AJF0370,2010-02-02,-0.060924323718857476,file_count (z=-1.95),4,3,3,1.0,11.0,15.0,15.0
IBB0359,2010-11-10,-0.060924323718857476,file_count (z=-0.83),6,5,5,1.0,11.0,4.0,4.0
IBB0359,2010-12-13,-0.060924323718857476,logon_count (z=-1.15),3,3,3,1.3333333333333333,11.0,14.0,14.0
BSS0369,2010-09-15,-0.060924323718857476,file_count (z=0.87),3,3,3,1.3333333333333333,11.0,15.0,15.0
IBB0359,2010-02-18,-0.06066733050898199,after_hours_ratio (z=0.80),5,4,4,1.2,11.0,6.0,6.0
IBB0359,2010-04-09,-0.06066733050898199,after_hours_ratio (z=0.80),5,4,4,1.2,10.0,7.0,7.0
AJF0370,2010-08-13,-0.06066733050898199,after_hours_ratio (z=-1.12),4,3,3,0.5,11.0,23.0,23.0
IBB0359,2011-01-20,-0.06044852926354238,after_hours_ratio (z=-0.24),5,4,4,0.8,11.0,9.0,9.0
MPM0220,2010-02-23,-0.06041042422344711,device_connects (z=-1.32),3,3,3,1.3333333333333333,9.0,22.0,22.0
AJF0370,2010-07-20,-0.06015360483285204,after_hours_ratio (z=-1.12),4,3,3,0.5,11.0,24.0,24.0
AJF0370,2010-08-11,-0.06015360483285204,after_hours_ratio (z=-1.12),4,3,3,0.5,11.0,24.0,24.0
BAL0044,2011-03-30,-0.060138442809843706,after_hours_ratio (z=1.83),5,5,5,1.6,4.0,10.0,10.0
EIS0041,2010-01-08,-0.059896872307805715,after_hours_ratio (z=1.14),6,5,5,1.3333333333333333,5.0,8.0,8.0
IBB0359,2010-02-24,-0.059896872307805715,file_count (z=-1.31),6,5,5,0.6666666666666666,13.0,1.0,1.0
HDS0367,2010-02-09,-0.059896872307805715,logon_count (z=0.81),6,5,5,0.6666666666666666,4.0,13.0,13.0
BAL0044,2011-03-01,-0.059896872307805715,logon_count (z=0.72),6,5,5,0.6666666666666666,4.0,13.0,13.0
BAL0044,2010-04-21,-0.059896872307805715,logon_count (z=0.72),6,5,5,0.6666666666666666,4.0,13.0,13.0
BSS0369,2010-05-29,-0.059896872307805715,file_count (z=-0.74),5,5,5,0.8,11.0,5.0,5.0
MOS0047,2010-06-17,-0.059896872307805715,device_connects (z=1.38),6,5,5,1.3333333333333333,8.0,3.0,3.0
HDS0367,2010-08-04,-0.059843638817197675,after_hours_ratio (z=1.77),5,5,5,1.6,6.0,5.0,5.0
AJF0370,2010-09-06,-0.059790409061289185,after_hours_ratio (z=-2.47),4,3,3,0.0,9.0,32.0,32.0
CCA0046,2010-08-16,-0.05973718303981834,unique_pcs (z=1.38),6,6,6,1.5,5.0,0.0,0.0
GTD0219,2010-03-05,-0.05973718303981834,file_count (z=-1.41),6,6,6,1.3333333333333333,6.0,1.0,1.0
HDS0367,2010-08-20,-0.05962507485086643,after_hours_ratio (z=0.71),5,5,5,1.2,5.0,14.0,14.0
GTD0219,2010-01-20,-0.05962507485086643,unique_pcs (z=0.59),5,5,5,1.2,5.0,14.0,14.0
CCA0046,2010-03-09,-0.05962507485086643,file_count (z=0.83),5,5,5,1.2,5.0,14.0,14.0
EIS0041,2010-10-05,-0.05938366773684478,logon_count (z=0.81),6,5,5,1.1666666666666667,5.0,9.0,9.0
BAL0044,2010-11-09,-0.05938366773684478,after_hours_ratio (z=1.14),6,5,5,1.3333333333333333,4.0,9.0,9.0
AJF0370,2010-04-02,-0.05938366773684478,after_hours_ratio (z=-1.12),4,3,3,0.5,10.0,23.0,23.0
MOS0047,2010-02-17,-0.05938366773684478,file_count (z=0.89),5,5,5,0.8,4.0,15.0,15.0
EIS0041,2011-01-25,-0.05938366773684478,logoff_count (z=0.68),5,5,5,0.8,4.0,15.0,15.0
HDS0367,2010-12-03,-0.05938366773684478,file_count (z=1.07),5,4,4,1.2,4.0,17.0,17.0
IBB0359,2010-04-15,-0.05938366773684478,after_hours_ratio (z=-2.34),5,4,4,0.0,11.0,11.0,11.0
CCA0046,2010-05-07,-0.059368521093656756,device_connects (z=1.89),5,5,5,1.2,7.0,10.0,10.0
CCA0046,2010-10-13,-0.059368521093656756,after_hours_ratio (z=1.30),5,5,5,1.6,4.0,9.0,9.0
HDS0367,2011-02-11,-0.059342758930718276,logon_count (z=1.48),7,6,6,1.1428571428571428,5.0,0.0,0.0
EIS0041,2010-11-12,-0.059224086475888726,after_hours_ratio (z=1.59),4,4,4,1.5,6.0,13.0,13.0
BAL0044,2011-03-23,-0.059224086475888726,logon_count (z=1.38),7,6,6,0.7142857142857143,4.0,0.0,0.0
BAL0044,2010-07-02,-0.05893699944663555,unique_pcs (z=1.37),6,6,6,1.3333333333333333,5.0,4.0,4.0
MPM0220,2010-03-25,-0.058870810275635344,unique_pcs (z=-1.41),4,3,2,0.5,10.0,25.0,25.0
EIS0041,2010-07-20,-0.058870810275635344,device_connects (z=2.48),6,5,5,1.3333333333333333,8.0,4.0,4.0
AJF0370,2011-05-12,-0.058870810275635344,after_hours_ratio (z=-1.12),4,3,3,0.5,10.0,24.0,24.0
HDS0367,2010-06-11,-0.058870810275635344,device_connects (z=1.17),6,5,5,1.0,6.0,8.0,8.0
BSS0369,2010-09-08,-0.05865252654994646,device_connects (z=0.32),4,4,4,1.0,12.0,9.0,9.0
HDS0367,2010-01-12,-0.058614511637815614,file_count (z=1.07),5,4,4,0.8,5.0,17.0,17.0
GTD0219,2010-03-02,-0.05859938035884704,device_connects (z=1.80),5,5,5,1.2,7.0,9.0,9.0
IBB0359,2010-09-03,-0.05859938035884704,device_connects (z=-0.69),5,4,3,1.0,10.0,9.0,9.0
HDS0367,2010-10-05,-0.05853071565532697,after_hours_ratio (z=1.07),6,5,5,1.3333333333333333,5.0,7.0,7.0
BAL0044,2010-05-04,-0.05853071565532697,device_connects (z=1.20),6,5,5,1.3333333333333333,5.0,7.0,7.0
IBB0359,2010-03-03,-0.05835829968940709,file_count (z=1.41),4,3,3,0.5,11.0,18.0,18.0
IBB0359,2010-12-30,-0.05835829968940709,file_count (z=1.41),4,3,3,0.5,11.0,18.0,18.0
MPM0220,2010-09-14,-0.05835829968940709,file_count (z=-1.39),3,3,3,0.6666666666666666,11.0,21.0,21.0
AJF0370,2011-03-18,-0.05835829968940709,after_hours_ratio (z=-1.12),4,3,3,0.5,10.0,22.0,22.0
CSC0217,2010-06-10,-0.05830517414036818,device_connects (z=10.54),8,8,7,0.375,2.0,1.0,1.0
CCA0046,2010-07-12,-0.058221412377575166,after_hours_ratio (z=1.30),5,5,5,1.6,5.0,7.0,7.0
IBB0359,2010-08-11,-0.05814016360154939,after_hours_ratio (z=-0.77),5,4,4,0.6,12.0,9.0,9.0
BSS0369,2010-03-22,-0.05814016360154939,device_connects (z=-0.27),4,4,4,1.0,11.0,9.0,9.0
EIS0041,2011-02-03,-0.05784613574354858,logon_count (z=0.81),6,5,5,0.6666666666666666,4.0,12.0,12.0
BAL0044,2011-01-14,-0.05784613574354858,logon_count (z=0.72),6,5,5,0.6666666666666666,4.0,12.0,12.0
IBB0359,2011-01-17,-0.05784613574354858,file_count (z=-0.51),5,4,4,1.0,11.0,6.0,6.0
BAL0044,2010-05-03,-0.05784613574354858,logon_count (z=0.72),6,5,5,0.6666666666666666,4.0,12.0,12.0
GTD0219,2010-04-21,-0.0578310198132147,unique_pcs (z=0.59),5,5,5,1.2,4.0,14.0,14.0
EIS0041,2010-12-10,-0.057762424760743,after_hours_ratio (z=1.14),6,5,5,1.3333333333333333,5.0,6.0,6.0
BSS0369,2010-05-13,-0.0576868780655756,after_hours_ratio (z=1.16),4,4,4,1.5,11.0,5.0,5.0
BAL0044,2010-01-22,-0.0576562609963992,unique_pcs (z=1.37),6,6,6,1.0,5.0,5.0,5.0
GTD0219,2010-06-15,-0.05759018368748525,file_count (z=1.02),4,4,4,1.0,5.0,18.0,18.0
BAL0044,2010-10-11,-0.05759018368748525,logon_count (z=0.72),6,5,5,1.0,4.0,11.0,11.0
CCA0046,2010-04-30,-0.057575072869902266,after_hours_ratio (z=1.30),5,5,5,1.6,3.0,10.0,10.0
HDS0367,2011-03-22,-0.057334318203606904,file_count (z=0.92),5,4,4,0.8,5.0,16.0,16.0
BAL0044,2011-01-04,-0.057334318203606904,device_connects (z=1.20),5,4,4,0.8,5.0,16.0,16.0
EIS0041,2011-02-10,-0.057334318203606904,device_connects (z=1.29),6,5,5,1.0,6.0,6.0,6.0
BSS0369,2010-07-22,-0.05728126449399029,after_hours_ratio (z=0.79),3,3,3,1.3333333333333333,11.0,13.0,13.0
BSS0369,2010-06-09,-0.05717516824075597,after_hours_ratio (z=1.16),4,4,4,1.5,10.0,5.0,5.0
EIS0041,2011-05-02,-0.05707853926263173,logon_count (z=0.81),6,5,5,1.0,5.0,9.0,9.0
IBB0359,2010-03-30,-0.05707853926263173,file_count (z=-1.31),6,5,5,0.6666666666666666,12.0,1.0,1.0
BAL0044,2010-02-18,-0.05707853926263173,file_count (z=1.27),5,4,4,1.2,3.0,17.0,17.0
EIS0041,2010-05-11,-0.05707853926263173,after_hours_ratio (z=-1.53),6,5,5,0.3333333333333333,4.0,12.0,12.0
IBB0359,2011-03-17,-0.05707853926263173,file_count (z=-0.99),5,5,5,0.8,12.0,3.0,3.0
HDS0367,2011-04-05,-0.05702550349768665,file_count (z=1.22),4,4,4,1.0,4.0,18.0,18.0
BAL0044,2010-01-29,-0.05702550349768665,after_hours_ratio (z=1.14),6,5,4,1.3333333333333333,3.0,12.0,12.0
JGT0221,2010-07-16,-0.056888857117715075,logon_count (z=1.84),7,7,6,1.5714285714285714,0.0,0.0,0.0
BAL0044,2010-11-02,-0.05686077183262961,file_count (z=1.12),5,4,4,1.2,4.0,16.0,16.0
IBB0359,2011-03-03,-0.05686077183262961,device_connects (z=0.39),5,4,4,0.8,12.0,8.0,8.0
IBB0359,2011-04-26,-0.05686077183262961,device_connects (z=0.39),5,4,4,0.8,12.0,8.0,8.0
IBB0359,2011-03-25,-0.05686077183262961,device_connects (z=0.39),5,4,4,0.8,12.0,8.0,8.0
EIS0041,2010-01-13,-0.05682284683528782,file_count (z=0.72),5,4,4,0.8,4.0,16.0,16.0
BAL0044,2010-05-05,-0.05682284683528782,after_hours_ratio (z=1.14),6,5,5,1.3333333333333333,3.0,9.0,9.0
BAL0044,2010-06-23,-0.056807751345584134,after_hours_ratio (z=1.83),5,5,5,1.6,3.0,9.0,9.0
BSS0369,2010-03-14,-0.05676982900894467,device_connects (z=-0.86),3,3,3,1.3333333333333333,10.0,13.0,13.0
IBB0359,2010-08-23,-0.05676982900894467,logon_count (z=-1.15),3,3,3,1.3333333333333333,10.0,13.0,13.0
BSS0369,2010-08-23,-0.05676982900894467,device_connects (z=-0.86),3,3,3,1.3333333333333333,10.0,13.0,13.0
HDS0367,2010-03-26,-0.05656724089231324,after_hours_ratio (z=-1.40),5,4,4,0.4,4.0,19.0,19.0
MPM0220,2010-05-20,-0.05646124482300696,after_hours_ratio (z=-2.32),3,3,3,0.0,11.0,27.0,27.0
EIS0041,2010-12-15,-0.05631172140445573,file_count (z=0.85),5,4,4,0.8,3.0,17.0,17.0
EIS0041,2011-04-14,-0.05631172140445573,file_count (z=0.85),5,4,4,0.8,3.0,17.0,17.0
IBB0359,2010-10-29,-0.056056288342473004,after_hours_ratio (z=0.80),5,4,4,1.2,11.0,5.0,5.0
GTD0219,2010-03-24,-0.05604120816510061,after_hours_ratio (z=1.30),5,5,5,1.6,4.0,8.0,8.0
BSS0369,2010-07-24,-0.055838815390112484,after_hours_ratio (z=-1.06),4,4,4,0.5,12.0,10.0,10.0
IBB0359,2010-02-19,-0.055838815390112484,device_connects (z=-0.69),5,4,4,0.8,10.0,8.0,8.0
MPM0220,2010-07-20,-0.05580094167713301,file_count (z=-1.67),3,3,3,0.6666666666666666,10.0,19.0,19.0
BSS0369,2010-05-16,-0.05580094167713301,file_count (z=1.36),3,3,3,0.6666666666666666,12.0,18.0,18.0
EIS0041,2010-03-18,-0.05580094167713301,logon_count (z=0.81),6,5,5,0.6666666666666666,4.0,11.0,11.0
MOS0047,2010-01-29,-0.05580094167713301,after_hours_ratio (z=1.28),6,5,5,1.3333333333333333,4.0,8.0,8.0
BAL0044,2010-09-17,-0.05580094167713301,after_hours_ratio (z=1.14),6,5,5,1.3333333333333333,4.0,8.0,8.0
BAL0044,2010-07-12,-0.05580094167713301,logon_count (z=0.72),6,5,5,0.6666666666666666,4.0,11.0,11.0
BAL0044,2010-05-14,-0.05580094167713301,after_hours_ratio (z=1.14),6,5,5,1.3333333333333333,4.0,8.0,8.0
CCA0046,2010-06-18,-0.05578586660041851,device_connects (z=1.31),5,5,5,1.2,6.0,9.0,9.0
IBB0359,2010-06-17,-0.05554568137921301,device_connects (z=-0.69),5,4,4,0.8,10.0,7.0,7.0
GTD0219,2010-03-15,-0.055492753154908425,after_hours_ratio (z=1.30),5,5,5,1.6,6.0,4.0,4.0
JTM0223,2010-07-22,-0.055492753154908425,device_connects (z=11.83),7,6,5,1.4285714285714286,2.0,1.0,1.0
CCA0046,2010-06-10,-0.055409302509231595,after_hours_ratio (z=1.30),5,5,5,1.6,4.0,6.0,6.0
CCA0046,2010-02-01,-0.05527544253892713,unique_pcs (z=0.69),5,5,5,1.2,4.0,13.0,13.0
AJF0370,2010-02-18,-0.05522253327375659,logon_count (z=-1.91),2,2,2,1.0,10.0,32.0,32.0
MPM0220,2010-05-27,-0.05522253327375659,logon_count (z=-1.80),2,2,2,1.0,10.0,34.0,34.0
GTD0219,2010-05-27,-0.05515417467775485,after_hours_ratio (z=1.30),5,5,5,1.6,4.0,7.0,7.0
AJF0370,2011-04-21,-0.05513178758909132,logoff_count (z=-1.44),3,2,2,0.6666666666666666,10.0,32.0,32.0
AJF0370,2010-03-08,-0.05513178758909132,logoff_count (z=-1.44),3,2,2,0.6666666666666666,10.0,33.0,33.0
MPM0220,2010-01-05,-0.05513178758909132,logoff_count (z=-1.44),3,2,2,0.6666666666666666,10.0,36.0,36.0
AJF0370,2010-08-24,-0.05513178758909132,logoff_count (z=-1.44),3,2,2,0.6666666666666666,10.0,34.0,34.0
MPM0220,2010-10-26,-0.05513178758909132,logoff_count (z=-1.44),3,2,2,0.6666666666666666,10.0,34.0,34.0
MPM0220,2010-05-14,-0.05513178758909132,logoff_count (z=-1.44),3,2,2,0.6666666666666666,10.0,36.0,36.0
HDS0367,2010-04-19,-0.055035419768793004,logoff_count (z=0.71),5,5,5,0.8,5.0,13.0,13.0
BAL0044,2010-01-27,-0.054994745553332725,unique_pcs (z=2.08),7,7,7,1.1428571428571428,3.0,0.0,0.0
GTD0219,2010-06-17,-0.0548459636196289,logon_count (z=1.26),6,6,5,0.8333333333333334,5.0,8.0,8.0
MOS0047,2010-06-24,-0.0548182408958644,device_connects (z=1.38),5,4,4,1.0,8.0,10.0,10.0
BAL0044,2010-02-03,-0.05478041839789749,device_connects (z=1.20),6,5,5,0.6666666666666666,5.0,10.0,10.0
BAL0044,2010-12-07,-0.05478041839789749,logon_count (z=0.72),6,5,5,1.0,4.0,10.0,10.0
BAL0044,2011-04-01,-0.05478041839789749,logon_count (z=0.72),6,5,5,1.0,4.0,10.0,10.0
BAL0044,2010-06-01,-0.05478041839789749,device_connects (z=1.88),6,5,5,1.3333333333333333,6.0,4.0,4.0
BSS0369,2010-06-14,-0.05472754386211298,device_connects (z=-0.86),3,3,3,1.3333333333333333,10.0,12.0,12.0
HDS0367,2011-03-21,-0.05469704655249141,after_hours_ratio (z=1.07),6,5,5,1.3333333333333333,5.0,5.0,5.0
EIS0041,2011-02-23,-0.05469704655249141,after_hours_ratio (z=1.14),6,5,5,1.3333333333333333,5.0,5.0,5.0
IBB0359,2010-02-15,-0.05456894251081712,after_hours_ratio (z=1.59),4,4,4,1.5,12.0,3.0,3.0
HDS0367,2010-06-30,-0.0545633129826697,file_count (z=0.92),5,4,4,1.2,3.0,16.0,16.0
JGT0221,2010-07-15,-0.05447264662591511,device_connects (z=11.62),7,7,6,1.0,2.0,1.0,1.0
HDS0367,2010-08-18,-0.05436694444700807,after_hours_ratio (z=1.51),4,4,4,1.5,4.0,14.0,14.0
EIS0041,2011-03-24,-0.054308471295258176,after_hours_ratio (z=0.79),5,4,4,1.2,5.0,14.0,14.0
BSS0369,2010-02-02,-0.054270674378820716,file_count (z=-0.42),4,4,4,1.0,12.0,7.0,7.0
MOS0047,2010-04-21,-0.054270674378820716,after_hours_ratio (z=0.90),5,4,4,1.2,6.0,11.0,11.0
EIS0041,2010-09-03,-0.054270674378820716,device_connects (z=1.29),5,4,4,1.2,6.0,11.0,11.0
BAL0044,2010-03-01,-0.054255629869845,device_connects (z=1.20),5,5,5,1.2,5.0,11.0,11.0
BAL0044,2010-08-09,-0.05418735892258608,after_hours_ratio (z=1.14),6,5,5,1.3333333333333333,4.0,6.0,6.0
HDS0367,2011-05-06,-0.05418735892258608,after_hours_ratio (z=1.07),6,5,5,1.3333333333333333,4.0,7.0,7.0
HDS0367,2011-02-23,-0.05418735892258608,after_hours_ratio (z=1.07),6,5,5,1.3333333333333333,4.0,6.0,6.0
EIS0041,2010-01-12,-0.05418735892258608,after_hours_ratio (z=1.14),6,5,5,1.3333333333333333,4.0,7.0,7.0
EIS0041,2011-02-18,-0.053799046481135426,after_hours_ratio (z=0.79),5,4,4,1.2,4.0,15.0,15.0
HDS0367,2011-01-20,-0.053799046481135426,file_count (z=0.77),5,4,4,1.2,4.0,15.0,15.0
EIS0041,2011-02-02,-0.05376127512892526,device_connects (z=1.29),5,4,4,0.8,6.0,13.0,13.0
IBB0359,2010-02-16,-0.05376127512892526,logoff_count (z=-0.70),4,3,3,1.0,11.0,12.0,12.0
MOS0047,2010-05-27,-0.05350670471954333,file_count (z=0.44),5,5,5,0.8,5.0,12.0,12.0
HDS0367,2010-09-02,-0.05350670471954333,logon_count (z=0.81),6,5,5,1.0,4.0,9.0,9.0
HDS0367,2010-06-02,-0.05345391954363132,file_count (z=1.07),4,4,4,1.0,4.0,17.0,17.0
GTD0219,2010-01-26,-0.05334836030128898,after_hours_ratio (z=1.05),4,4,4,1.5,5.0,13.0,13.0
BSS0369,2010-07-09,-0.05328996622029736,after_hours_ratio (z=-2.17),4,4,4,0.0,12.0,10.0,10.0
MPM0220,2010-10-13,-0.053252220415023865,after_hours_ratio (z=-2.32),4,3,3,0.0,10.0,22.0,22.0
HDS0367,2010-12-27,-0.053252220415023865,after_hours_ratio (z=1.07),6,5,5,1.3333333333333333,3.0,8.0,8.0
AJF0370,2010-01-11,-0.05309392955454317,logoff_count (z=-1.44),3,2,2,0.6666666666666666,10.0,30.0,30.0
EIS0041,2010-06-02,-0.05299782218624305,device_connects (z=0.70),5,4,4,0.8,5.0,14.0,14.0
BSS0369,2010-01-19,-0.05299782218624305,file_count (z=1.20),3,3,3,0.6666666666666666,11.0,17.0,17.0
BAL0044,2010-08-26,-0.05299782218624305,logon_count (z=0.72),6,5,5,0.6666666666666666,3.0,11.0,11.0
LQC0479,2010-09-14,-0.05299782218624305,file_count (z=13.96),3,3,1,1.3333333333333333,7.0,22.0,22.0
EIS0041,2010-09-23,-0.05299782218624305,device_connects (z=0.70),5,4,4,0.8,5.0,14.0,14.0
IBB0359,2010-03-08,-0.05299782218624305,logon_count (z=-0.51),4,4,4,1.0,11.0,6.0,6.0
AJF0370,2010-10-07,-0.052930054682459926,logon_count (z=-1.91),2,2,2,1.0,10.0,29.0,29.0
AJF0370,2010-11-02,-0.052930054682459926,logon_count (z=-1.91),2,2,2,1.0,10.0,29.0,29.0
AJF0370,2010-04-16,-0.052930054682459926,logon_count (z=-1.91),2,2,2,1.0,10.0,29.0,29.0
BSS0369,2010-02-17,-0.0528923269384588,after_hours_ratio (z=0.79),3,3,3,1.3333333333333333,11.0,11.0,11.0
BSS0369,2010-04-15,-0.0528923269384588,after_hours_ratio (z=0.79),3,3,3,1.3333333333333333,11.0,11.0,11.0
BAL0044,2010-11-17,-0.05283958486542084,after_hours_ratio (z=1.57),4,4,4,1.5,3.0,15.0,15.0
IBB0359,2010-08-13,-0.052623038541967815,after_hours_ratio (z=0.94),4,4,3,1.25,10.0,8.0,8.0
BAL0044,2011-02-08,-0.05248928383945173,logon_count (z=0.72),6,5,5,0.6666666666666666,4.0,10.0,10.0
HDS0367,2011-05-04,-0.05235317177216248,logon_count (z=0.81),6,5,5,1.0,5.0,8.0,8.0
HDS0367,2010-04-21,-0.05235317177216248,logon_count (z=0.81),6,5,5,1.0,5.0,8.0,8.0
AJF0370,2010-10-08,-0.052331153543625386,logoff_count (z=-1.44),3,2,2,0.6666666666666666,10.0,28.0,28.0
CCA0046,2010-09-28,-0.052272838426467905,device_connects (z=0.72),5,5,5,1.0,5.0,11.0,11.0
BAL0044,2010-11-04,-0.05223514366324289,device_connects (z=1.20),6,5,4,1.0,5.0,9.0,9.0
EIS0041,2011-04-01,-0.05223514366324289,file_count (z=0.45),5,4,4,0.8,4.0,14.0,14.0
EIS0041,2010-06-01,-0.05222013981485718,device_connects (z=1.29),5,5,5,1.2,6.0,8.0,8.0
CCA0046,2010-05-27,-0.05207706685276625,after_hours_ratio (z=1.05),4,4,4,1.5,5.0,12.0,12.0
AJF0370,2011-03-31,-0.05198108944637625,device_connects (z=-1.59),4,3,3,0.5,9.0,20.0,20.0
BSS0369,2010-06-06,-0.05198108944637625,after_hours_ratio (z=-1.28),5,5,5,0.4,13.0,2.0,2.0
MPM0220,2010-10-14,-0.05198108944637625,device_connects (z=-1.32),4,3,3,0.5,9.0,23.0,23.0
IBB0359,2010-01-18,-0.05198108944637625,logoff_count (z=-0.70),4,3,3,1.0,11.0,11.0,11.0
EIS0041,2010-07-29,-0.05192841130298531,device_connects (z=1.29),5,5,5,1.2,6.0,6.0,6.0
CCA0046,2010-02-22,-0.05192841130298531,file_count (z=1.13),4,4,4,0.75,4.0,16.0,16.0
GTD0219,2010-05-13,-0.051823066103158566,after_hours_ratio (z=1.05),4,4,4,1.5,3.0,14.0,14.0
WDD0366,2010-02-01,-0.05179268633313838,unique_pcs (z=2.07),7,7,7,1.4285714285714286,0.0,0.0,0.0
CBB0365,2010-04-19,-0.05179268633313838,logoff_count (z=1.73),7,7,7,1.4285714285714286,0.0,0.0,0.0
CBB0365,2010-04-27,-0.05179268633313838,logoff_count (z=1.73),7,7,7,1.4285714285714286,0.0,0.0,0.0
CBB0365,2010-11-12,-0.05179268633313838,logoff_count (z=1.73),7,7,7,1.4285714285714286,0.0,0.0,0.0
EIS0041,2010-02-11,-0.05172712115977707,file_count (z=0.59),5,4,4,0.8,3.0,15.0,15.0
IBB0359,2010-04-16,-0.05162180420276641,after_hours_ratio (z=-1.90),6,4,4,0.16666666666666666,11.0,5.0,5.0
EIS0041,2010-03-11,-0.05151089530137032,after_hours_ratio (z=0.79),5,4,4,1.2,3.0,15.0,15.0
AJF0370,2010-11-20,-0.051473238774380814,file_count (z=-1.95),4,3,3,0.5,10.0,15.0,15.0
AJF0370,2011-03-25,-0.051473238774380814,file_count (z=-2.49),4,3,3,1.0,10.0,11.0,11.0
CCA0046,2010-08-31,-0.051473238774380814,after_hours_ratio (z=-1.70),5,5,5,0.4,5.0,12.0,12.0
CCA0046,2010-07-23,-0.05132261016736295,unique_pcs (z=1.38),6,6,6,1.3333333333333333,3.0,4.0,4.0
EIS0041,2010-04-28,-0.05125708605133117,after_hours_ratio (z=0.79),5,4,4,1.2,5.0,13.0,13.0
CAH0936,2010-08-18,-0.05121944226113262,device_connects (z=11.89),4,3,2,0.75,7.0,19.0,19.0
EIS0041,2010-08-19,-0.05121944226113262,after_hours_ratio (z=-1.09),4,4,4,0.5,5.0,18.0,18.0
GTD0219,2010-05-05,-0.05116681755258856,device_connects (z=1.19),4,4,4,1.25,6.0,12.0,12.0
BAL0044,2010-10-05,-0.05113646433990482,after_hours_ratio (z=1.14),6,5,5,1.3333333333333333,4.0,5.0,5.0
MPM0220,2010-09-16,-0.051114196536033774,after_hours_ratio (z=-1.48),3,3,2,0.3333333333333333,10.0,27.0,27.0
MOS0047,2010-05-17,-0.05100059733853202,logon_count (z=0.56),6,5,5,1.0,5.0,7.0,7.0
GTD0219,2010-01-05,-0.05096573159098727,after_hours_ratio (z=-0.66),5,5,5,0.8,5.0,11.0,11.0
IBB0359,2011-04-19,-0.05096573159098727,logoff_count (z=-0.70),4,3,3,0.75,11.0,13.0,13.0
BAL0044,2010-09-01,-0.05096573159098727,logon_count (z=0.72),6,5,5,0.6666666666666666,4.0,9.0,9.0
HDS0367,2010-08-31,-0.05096573159098727,logon_count (z=0.81),6,5,5,0.6666666666666666,4.0,9.0,9.0
BAL0044,2010-11-15,-0.05096573159098727,logon_count (z=0.72),6,5,5,0.6666666666666666,4.0,9.0,9.0
BAL0044,2011-03-28,-0.05096573159098727,logon_count (z=0.72),6,5,5,0.6666666666666666,4.0,9.0,9.0
BSS0369,2010-03-07,-0.05096573159098727,after_hours_ratio (z=-1.06),4,4,4,0.5,13.0,7.0,7.0
HDS0367,2011-04-12,-0.05071210673490978,device_connects (z=1.75),6,5,5,0.6666666666666666,7.0,3.0,3.0
EIS0041,2010-11-08,-0.05060693219354451,logoff_count (z=1.37),6,6,6,1.0,5.0,1.0,1.0
MOS0047,2010-08-04,-0.05048120415782864,after_hours_ratio (z=0.90),5,5,5,1.2,5.0,10.0,10.0
CCA0046,2010-05-11,-0.050458567663874465,after_hours_ratio (z=-2.70),4,4,4,0.0,6.0,17.0,17.0
CAS0507,2010-11-16,-0.05040599633597487,after_hours_ratio (z=5.78),4,3,2,0.5,2.0,27.0,27.0
AJF0370,2011-01-03,-0.050391029025583234,logon_count (z=-1.91),2,2,2,1.0,10.0,27.0,27.0
MPM0220,2010-02-08,-0.050391029025583234,logon_count (z=-1.80),2,2,2,1.0,10.0,27.0,27.0
AJF0370,2010-02-12,-0.050391029025583234,logon_count (z=-1.91),2,2,2,1.0,10.0,27.0,27.0
CBB0365,2010-02-12,-0.050270546575700514,after_hours_ratio (z=1.51),7,6,6,1.4285714285714286,0.0,0.0,0.0
CBB0365,2010-02-16,-0.050270546575700514,after_hours_ratio (z=1.51),7,6,6,1.4285714285714286,0.0,0.0,0.0
DMG0358,2011-03-02,-0.050270546575700514,logon_count (z=1.47),7,6,6,1.4285714285714286,0.0,0.0,0.0
DMG0358,2010-02-01,-0.050270546575700514,logon_count (z=1.47),7,6,6,1.4285714285714286,0.0,0.0,0.0
DMG0358,2010-11-30,-0.050270546575700514,logon_count (z=1.47),7,6,6,1.4285714285714286,0.0,0.0,0.0
DMG0358,2011-04-11,-0.050270546575700514,logon_count (z=1.47),7,6,6,1.4285714285714286,0.0,0.0,0.0
DMG0358,2011-03-30,-0.050270546575700514,logon_count (z=1.47),7,6,6,1.4285714285714286,0.0,0.0,0.0
DMG0358,2011-03-17,-0.050270546575700514,logon_count (z=1.47),7,6,6,1.4285714285714286,0.0,0.0,0.0
DMG0358,2010-08-17,-0.050270546575700514,logon_count (z=1.47),7,6,6,1.4285714285714286,0.0,0.0,0.0
DMG0358,2011-03-24,-0.050270546575700514,logon_count (z=1.47),7,6,6,1.4285714285714286,0.0,0.0,0.0
LBC0356,2010-08-13,-0.050270546575700514,logon_count (z=1.51),7,6,6,1.4285714285714286,0.0,0.0,0.0
WDD0366,2010-07-13,-0.050270546575700514,logon_count (z=1.52),7,6,6,1.4285714285714286,0.0,0.0,0.0
LBC0356,2010-01-25,-0.050270546575700514,logon_count (z=1.51),7,6,6,1.4285714285714286,0.0,0.0,0.0
LBC0356,2010-01-14,-0.050270546575700514,logon_count (z=1.51),7,6,6,1.4285714285714286,0.0,0.0,0.0
LBC0356,2010-03-31,-0.050270546575700514,logon_count (z=1.51),7,6,6,1.4285714285714286,0.0,0.0,0.0
WDD0366,2010-12-07,-0.050270546575700514,logon_count (z=1.52),7,6,6,1.4285714285714286,0.0,0.0,0.0
LBC0356,2010-06-11,-0.050270546575700514,logon_count (z=1.51),7,6,6,1.4285714285714286,0.0,0.0,0.0
LBC0356,2010-10-07,-0.050270546575700514,logon_count (z=1.51),7,6,6,1.4285714285714286,0.0,0.0,0.0
WDD0366,2010-05-03,-0.050270546575700514,logon_count (z=1.52),7,6,6,1.4285714285714286,0.0,0.0,0.0
DMG0358,2010-04-08,-0.050270546575700514,logon_count (z=1.47),7,6,6,1.4285714285714286,0.0,0.0,0.0
WDD0366,2011-01-27,-0.050270546575700514,logon_count (z=1.52),7,6,6,1.4285714285714286,0.0,0.0,0.0
WDD0366,2010-06-03,-0.050270546575700514,logon_count (z=1.52),7,6,6,1.4285714285714286,0.0,0.0,0.0
CBB0365,2010-08-02,-0.050270546575700514,after_hours_ratio (z=1.51),7,6,6,1.4285714285714286,0.0,0.0,0.0
LBC0356,2010-12-14,-0.050270546575700514,logon_count (z=1.51),7,6,6,1.4285714285714286,0.0,0.0,0.0
LBC0356,2011-03-17,-0.050270546575700514,logon_count (z=1.51),7,6,6,1.4285714285714286,0.0,0.0,0.0
LBC0356,2011-01-03,-0.050270546575700514,logon_count (z=1.51),7,6,6,1.4285714285714286,0.0,0.0,0.0
DMG0358,2010-02-16,-0.050270546575700514,logon_count (z=1.47),7,6,6,1.4285714285714286,0.0,0.0,0.0
LBC0356,2011-04-15,-0.050270546575700514,logon_count (z=1.51),7,6,6,1.4285714285714286,0.0,0.0,0.0
DMG0358,2010-01-12,-0.050270546575700514,logon_count (z=1.47),7,6,6,1.4285714285714286,0.0,0.0,0.0
DMG0358,2010-10-04,-0.050270546575700514,logon_count (z=1.47),7,6,6,1.4285714285714286,0.0,0.0,0.0
DMG0358,2010-06-30,-0.050270546575700514,logon_count (z=1.47),7,6,6,1.4285714285714286,0.0,0.0,0.0
CBB0365,2010-05-19,-0.050270546575700514,after_hours_ratio (z=1.51),7,6,6,1.4285714285714286,0.0,0.0,0.0
CBB0365,2011-01-10,-0.050270546575700514,after_hours_ratio (z=1.51),7,6,6,1.4285714285714286,0.0,0.0,0.0
WDD0366,2010-01-15,-0.050270546575700514,logon_count (z=1.52),7,6,6,1.4285714285714286,0.0,0.0,0.0
LBC0356,2010-03-26,-0.050270546575700514,logon_count (z=1.51),7,6,6,1.4285714285714286,0.0,0.0,0.0
WDD0366,2010-07-28,-0.050270546575700514,logon_count (z=1.52),7,6,6,1.4285714285714286,0.0,0.0,0.0
CBB0365,2010-12-29,-0.050270546575700514,after_hours_ratio (z=1.51),7,6,6,1.4285714285714286,0.0,0.0,0.0
CBB0365,2010-03-22,-0.050270546575700514,after_hours_ratio (z=1.51),7,6,6,1.4285714285714286,0.0,0.0,0.0
WDD0366,2010-03-11,-0.050270546575700514,logon_count (z=1.52),7,6,6,1.4285714285714286,0.0,0.0,0.0
WDD0366,2010-10-14,-0.050270546575700514,logon_count (z=1.52),7,6,6,1.4285714285714286,0.0,0.0,0.0
DMG0358,2011-02-18,-0.050270546575700514,logon_count (z=1.47),7,6,6,1.4285714285714286,0.0,0.0,0.0
WDD0366,2010-03-15,-0.050270546575700514,logon_count (z=1.52),7,6,6,1.4285714285714286,0.0,0.0,0.0
DMG0358,2011-05-02,-0.050270546575700514,logon_count (z=1.47),7,6,6,1.4285714285714286,0.0,0.0,0.0
CBB0365,2011-03-09,-0.050270546575700514,after_hours_ratio (z=1.51),7,6,6,1.4285714285714286,0.0,0.0,0.0
CBB0365,2011-04-28,-0.050270546575700514,after_hours_ratio (z=1.51),7,6,6,1.4285714285714286,0.0,0.0,0.0
CBB0365,2011-03-04,-0.050270546575700514,after_hours_ratio (z=1.51),7,6,6,1.4285714285714286,0.0,0.0,0.0
WDD0366,2011-01-04,-0.050270546575700514,logon_count (z=1.52),7,6,6,1.4285714285714286,0.0,0.0,0.0
CBB0365,2011-02-16,-0.050270546575700514,after_hours_ratio (z=1.51),7,6,6,1.4285714285714286,0.0,0.0,0.0
JTM0223,2010-02-16,-0.050270546575700514,after_hours_ratio (z=1.60),7,6,6,1.4285714285714286,0.0,0.0,0.0
JTM0223,2010-03-17,-0.050270546575700514,after_hours_ratio (z=1.60),7,6,6,1.4285714285714286,0.0,0.0,0.0
JTM0223,2010-02-26,-0.050270546575700514,after_hours_ratio (z=1.60),7,6,6,1.4285714285714286,0.0,0.0,0.0
CBB0365,2011-03-08,-0.050270546575700514,after_hours_ratio (z=1.51),7,6,6,1.4285714285714286,0.0,0.0,0.0
JTM0223,2010-03-29,-0.050270546575700514,after_hours_ratio (z=1.60),7,6,6,1.4285714285714286,0.0,0.0,0.0
EIS0041,2010-10-01,-0.05024270723496671,after_hours_ratio (z=0.79),5,4,4,1.2,3.0,14.0,14.0
BAL0044,2011-04-06,-0.05024270723496671,file_count (z=0.83),5,4,4,1.2,3.0,14.0,14.0
EIS0041,2011-03-09,-0.050239944729828734,logon_count (z=0.81),6,5,5,1.0,5.0,6.0,6.0
EIS0041,2010-03-16,-0.05020511434886599,device_connects (z=-0.49),5,4,4,0.8,3.0,14.0,14.0
MOS0047,2010-07-07,-0.05020511434886599,after_hours_ratio (z=-1.58),6,5,5,0.3333333333333333,4.0,9.0,9.0
AJF0370,2010-05-30,-0.050152560802478985,after_hours_ratio (z=-2.47),3,3,3,0.0,8.0,32.0,32.0
AJF0370,2010-04-15,-0.049884253802850664,logon_count (z=-1.91),2,2,2,1.0,9.0,32.0,32.0
MPM0220,2010-09-21,-0.04979415050520297,logoff_count (z=-1.44),3,2,2,0.6666666666666666,10.0,27.0,27.0
AJF0370,2010-06-18,-0.04979415050520297,logoff_count (z=-1.44),3,2,2,0.6666666666666666,10.0,27.0,27.0
AJF0370,2011-04-28,-0.04979415050520297,logoff_count (z=-1.44),3,2,2,0.6666666666666666,10.0,27.0,27.0
EIS0041,2010-08-03,-0.04973603233078694,after_hours_ratio (z=0.79),5,4,4,1.2,5.0,12.0,12.0
IBB0359,2010-05-07,-0.04964594686951329,file_count (z=-0.83),5,4,4,1.2,12.0,4.0,4.0
HDS0367,2010-10-08,-0.049615655204050424,after_hours_ratio (z=1.07),6,5,5,1.3333333333333333,5.0,4.0,4.0
IBB0359,2010-06-24,-0.049593432552613614,unique_pcs (z=-0.66),4,4,3,1.0,11.0,7.0,7.0
MPM0220,2010-07-21,-0.049540921919958514,device_connects (z=-2.40),3,2,2,0.6666666666666666,7.0,36.0,36.0
CCA0046,2010-06-28,-0.04928777898572345,after_hours_ratio (z=1.05),4,4,4,1.5,5.0,11.0,11.0
BAL0044,2010-03-18,-0.049226941350449804,logon_count (z=0.72),6,5,5,1.1666666666666667,4.0,7.0,7.0
HDS0367,2010-10-18,-0.04919215806913113,after_hours_ratio (z=-1.40),5,4,4,0.4,4.0,16.0,16.0
HDS0367,2011-02-03,-0.04901419368831339,logoff_count (z=0.71),5,5,5,1.0,5.0,10.0,10.0
IBB0359,2010-11-09,-0.0489766624521335,logoff_count (z=-0.70),4,3,3,1.0,11.0,10.0,10.0
IBB0359,2010-07-23,-0.0489766624521335,logoff_count (z=-0.70),4,3,3,1.0,11.0,10.0,10.0
EIS0041,2010-07-14,-0.04872371037073153,after_hours_ratio (z=0.79),5,4,4,1.2,4.0,13.0,13.0
EIS0041,2010-04-13,-0.04872371037073153,after_hours_ratio (z=0.79),5,4,4,1.2,4.0,13.0,13.0
BAL0044,2011-01-28,-0.0486861937117401,device_connects (z=1.20),5,4,4,0.8,5.0,13.0,13.0
AJF0370,2010-06-17,-0.0486861937117401,after_hours_ratio (z=-2.47),3,3,3,0.0,11.0,23.0,23.0
EIS0041,2010-05-14,-0.04867126075513584,file_count (z=0.72),4,4,4,1.0,3.0,16.0,16.0
IBB0359,2010-12-07,-0.048470843846815215,logoff_count (z=-0.70),4,3,3,1.0,10.0,10.0,10.0
GTD0219,2010-04-28,-0.04843333987730636,device_connects (z=1.80),5,5,5,1.0,7.0,5.0,5.0
EIS0041,2010-02-01,-0.04843333987730636,after_hours_ratio (z=-1.53),6,5,5,0.3333333333333333,3.0,10.0,10.0
AJR0932,2010-09-10,-0.04843333987730636,logoff_count (z=12.45),3,3,1,1.3333333333333333,9.0,24.0,24.0
GTD0219,2010-03-26,-0.04838091063322014,file_count (z=2.17),3,3,3,0.6666666666666666,3.0,26.0,26.0
IBB0359,2011-03-11,-0.04838091063322014,file_count (z=-1.15),5,4,4,1.2,11.0,2.0,2.0
BSS0369,2010-04-28,-0.04834059543264191,file_count (z=-1.55),5,5,5,1.2,12.0,0.0,0.0
ILH0958,2011-02-15,-0.04820229798009168,logon_count (z=3.68),4,3,3,0.0,1.0,27.0,27.0
GTD0219,2010-05-11,-0.04812816005649634,after_hours_ratio (z=-1.40),4,4,4,0.5,4.0,17.0,17.0
AJF0370,2010-11-03,-0.04811323824685121,logon_count (z=-1.91),2,2,2,1.0,10.0,26.0,26.0
MOS0047,2010-02-16,-0.04796536735569534,after_hours_ratio (z=0.90),5,4,4,1.2,5.0,11.0,11.0
MOS0047,2010-03-02,-0.04796536735569534,after_hours_ratio (z=0.90),5,4,4,1.2,5.0,11.0,11.0
CCA0046,2010-05-26,-0.04796536735569534,device_connects (z=1.31),5,5,5,0.8,6.0,8.0,8.0
EIS0041,2010-05-03,-0.047927888752276826,after_hours_ratio (z=-1.36),5,4,4,0.4,4.0,15.0,15.0
HDS0367,2010-01-28,-0.047927888752276826,after_hours_ratio (z=-1.40),5,4,4,0.4,4.0,15.0,15.0
BAJ0654,2010-04-27,-0.04789805343198483,after_hours_ratio (z=2.85),2,2,2,1.5,1.0,27.0,27.0
BAJ0654,2010-05-18,-0.04789805343198483,after_hours_ratio (z=2.85),2,2,2,1.5,1.0,27.0,27.0
BAJ0654,2010-01-22,-0.04789805343198483,after_hours_ratio (z=2.85),2,2,2,1.5,1.0,27.0,27.0
BAJ0654,2010-02-17,-0.04789805343198483,after_hours_ratio (z=2.85),2,2,2,1.5,1.0,27.0,27.0
BAL0044,2010-10-14,-0.04771275733064384,device_connects (z=1.20),5,5,5,0.8,5.0,10.0,10.0
MOS0047,2010-01-07,-0.047675291403836084,file_count (z=-0.76),6,5,5,1.0,6.0,4.0,4.0
HDS0367,2011-03-24,-0.047675291403836084,device_connects (z=1.17),6,5,5,0.6666666666666666,6.0,4.0,4.0
CLB0774,2010-12-14,-0.04762291534212204,logoff_count (z=4.55),3,3,1,1.0,8.0,26.0,26.0
IBB0359,2010-08-24,-0.04742277949289764,file_count (z=-0.83),5,4,4,0.8,12.0,4.0,4.0
IBB0359,2010-10-11,-0.04742277949289764,file_count (z=-0.83),5,4,4,0.8,12.0,4.0,4.0
HDS0367,2011-03-23,-0.04742277949289764,after_hours_ratio (z=-0.88),5,4,4,0.6,4.0,14.0,14.0
KSP0357,2010-02-03,-0.047383246518364563,after_hours_ratio (z=1.46),6,6,6,1.6666666666666667,0.0,0.0,0.0
KRV0372,2010-12-17,-0.047383246518364563,logon_count (z=1.40),6,6,6,1.6666666666666667,0.0,0.0,0.0
KSP0357,2010-03-18,-0.047383246518364563,after_hours_ratio (z=1.46),6,6,6,1.6666666666666667,0.0,0.0,0.0
ACC0042,2010-10-11,-0.047383246518364563,after_hours_ratio (z=1.51),6,6,6,1.6666666666666667,0.0,0.0,0.0
WPR0368,2010-03-08,-0.047383246518364563,after_hours_ratio (z=1.43),6,6,6,1.6666666666666667,0.0,0.0,0.0
BBS0039,2010-06-24,-0.047383246518364563,after_hours_ratio (z=1.33),6,6,6,1.6666666666666667,0.0,0.0,0.0
JRS0362,2010-04-29,-0.047383246518364563,logon_count (z=1.39),6,6,6,1.6666666666666667,0.0,0.0,0.0
JRS0362,2010-05-13,-0.047383246518364563,logon_count (z=1.39),6,6,6,1.6666666666666667,0.0,0.0,0.0
JRS0362,2010-06-07,-0.047383246518364563,logon_count (z=1.39),6,6,6,1.6666666666666667,0.0,0.0,0.0
JRS0362,2010-06-11,-0.047383246518364563,logon_count (z=1.39),6,6,6,1.6666666666666667,0.0,0.0,0.0
TSM0363,2011-01-06,-0.047383246518364563,after_hours_ratio (z=1.36),6,6,6,1.6666666666666667,0.0,0.0,0.0
JAV0361,2011-05-04,-0.047383246518364563,logon_count (z=1.46),6,6,6,1.6666666666666667,0.0,0.0,0.0
ACC0042,2010-01-26,-0.047383246518364563,after_hours_ratio (z=1.51),6,6,6,1.6666666666666667,0.0,0.0,0.0
ACC0042,2010-05-21,-0.047383246518364563,after_hours_ratio (z=1.51),6,6,6,1.6666666666666667,0.0,0.0,0.0
ACC0042,2010-03-03,-0.047383246518364563,after_hours_ratio (z=1.51),6,6,6,1.6666666666666667,0.0,0.0,0.0
ACC0042,2010-09-14,-0.047383246518364563,after_hours_ratio (z=1.51),6,6,6,1.6666666666666667,0.0,0.0,0.0
KRV0372,2010-07-12,-0.047383246518364563,logon_count (z=1.40),6,6,6,1.6666666666666667,0.0,0.0,0.0
KSP0357,2010-01-04,-0.047383246518364563,after_hours_ratio (z=1.46),6,6,6,1.6666666666666667,0.0,0.0,0.0
KSP0357,2010-01-28,-0.047383246518364563,after_hours_ratio (z=1.46),6,6,6,1.6666666666666667,0.0,0.0,0.0
ACC0042,2010-08-12,-0.047383246518364563,after_hours_ratio (z=1.51),6,6,6,1.6666666666666667,0.0,0.0,0.0
MVH0373,2010-03-05,-0.047383246518364563,logon_count (z=1.63),6,6,6,1.6666666666666667,0.0,0.0,0.0
MVH0373,2010-03-09,-0.047383246518364563,logon_count (z=1.63),6,6,6,1.6666666666666667,0.0,0.0,0.0
JAV0361,2011-05-10,-0.047383246518364563,logon_count (z=1.46),6,6,6,1.6666666666666667,0.0,0.0,0.0
TSM0363,2011-02-28,-0.047383246518364563,after_hours_ratio (z=1.36),6,6,6,1.6666666666666667,0.0,0.0,0.0
TSM0363,2010-12-06,-0.047383246518364563,after_hours_ratio (z=1.36),6,6,6,1.6666666666666667,0.0,0.0,0.0
TSM0363,2010-12-27,-0.047383246518364563,after_hours_ratio (z=1.36),6,6,6,1.6666666666666667,0.0,0.0,0.0
KSP0357,2010-04-19,-0.047383246518364563,after_hours_ratio (z=1.46),6,6,6,1.6666666666666667,0.0,0.0,0.0
KSP0357,2010-10-18,-0.047383246518364563,after_hours_ratio (z=1.46),6,6,6,1.6666666666666667,0.0,0.0,0.0
KSP0357,2010-10-15,-0.047383246518364563,after_hours_ratio (z=1.46),6,6,6,1.6666666666666667,0.0,0.0,0.0
ACC0042,2011-01-18,-0.047383246518364563,after_hours_ratio (z=1.51),6,6,6,1.6666666666666667,0.0,0.0,0.0
ACC0042,2010-12-10,-0.047383246518364563,after_hours_ratio (z=1.51),6,6,6,1.6666666666666667,0.0,0.0,0.0
KRV0372,2010-07-09,-0.047383246518364563,logon_count (z=1.40),6,6,6,1.6666666666666667,0.0,0.0,0.0
WPR0368,2010-05-07,-0.047383246518364563,after_hours_ratio (z=1.43),6,6,6,1.6666666666666667,0.0,0.0,0.0
SAK0375,2010-06-16,-0.047383246518364563,after_hours_ratio (z=1.47),6,6,6,1.6666666666666667,0.0,0.0,0.0
BBS0039,2010-06-22,-0.047383246518364563,after_hours_ratio (z=1.33),6,6,6,1.6666666666666667,0.0,0.0,0.0
KJP0371,2010-04-22,-0.047383246518364563,logon_count (z=1.39),6,6,6,1.6666666666666667,0.0,0.0,0.0
KJP0371,2010-01-29,-0.047383246518364563,logon_count (z=1.39),6,6,6,1.6666666666666667,0.0,0.0,0.0
KJP0371,2010-02-17,-0.047383246518364563,logon_count (z=1.39),6,6,6,1.6666666666666667,0.0,0.0,0.0
TSM0363,2010-10-08,-0.047383246518364563,after_hours_ratio (z=1.36),6,6,6,1.6666666666666667,0.0,0.0,0.0
MNS0224,2010-05-06,-0.047383246518364563,logon_count (z=1.40),6,6,6,1.6666666666666667,0.0,0.0,0.0
HWY0038,2010-05-20,-0.047383246518364563,after_hours_ratio (z=1.46),6,6,6,1.6666666666666667,0.0,0.0,0.0
JAV0361,2010-10-19,-0.047383246518364563,logon_count (z=1.46),6,6,6,1.6666666666666667,0.0,0.0,0.0
JAV0361,2010-11-04,-0.047383246518364563,logon_count (z=1.46),6,6,6,1.6666666666666667,0.0,0.0,0.0
JAV0361,2010-11-10,-0.047383246518364563,logon_count (z=1.46),6,6,6,1.6666666666666667,0.0,0.0,0.0
JAV0361,2010-12-09,-0.047383246518364563,logon_count (z=1.46),6,6,6,1.6666666666666667,0.0,0.0,0.0
WPR0368,2010-05-11,-0.047383246518364563,after_hours_ratio (z=1.43),6,6,6,1.6666666666666667,0.0,0.0,0.0
WPR0368,2010-05-13,-0.047383246518364563,after_hours_ratio (z=1.43),6,6,6,1.6666666666666667,0.0,0.0,0.0
SAK0375,2010-08-18,-0.047383246518364563,after_hours_ratio (z=1.47),6,6,6,1.6666666666666667,0.0,0.0,0.0
LBC0356,2010-10-20,-0.047383246518364563,after_hours_ratio (z=2.08),6,6,6,1.6666666666666667,0.0,0.0,0.0
WPR0368,2010-04-13,-0.047383246518364563,after_hours_ratio (z=1.43),6,6,6,1.6666666666666667,0.0,0.0,0.0
CBB0365,2010-09-07,-0.047383246518364563,after_hours_ratio (z=2.15),6,6,6,1.6666666666666667,0.0,0.0,0.0
CBB0365,2010-09-27,-0.047383246518364563,after_hours_ratio (z=2.15),6,6,6,1.6666666666666667,0.0,0.0,0.0
SAK0375,2010-10-20,-0.047383246518364563,after_hours_ratio (z=1.47),6,6,6,1.6666666666666667,0.0,0.0,0.0
SAK0375,2010-11-01,-0.047383246518364563,after_hours_ratio (z=1.47),6,6,6,1.6666666666666667,0.0,0.0,0.0
MNS0224,2010-09-17,-0.047383246518364563,logon_count (z=1.40),6,6,6,1.6666666666666667,0.0,0.0,0.0
MNS0224,2010-09-30,-0.047383246518364563,logon_count (z=1.40),6,6,6,1.6666666666666667,0.0,0.0,0.0
JRS0362,2010-07-02,-0.047383246518364563,logon_count (z=1.39),6,6,6,1.6666666666666667,0.0,0.0,0.0
BBS0039,2010-06-14,-0.047383246518364563,after_hours_ratio (z=1.33),6,6,6,1.6666666666666667,0.0,0.0,0.0
BBS0039,2010-06-15,-0.047383246518364563,after_hours_ratio (z=1.33),6,6,6,1.6666666666666667,0.0,0.0,0.0
SAK0375,2010-06-07,-0.047383246518364563,after_hours_ratio (z=1.47),6,6,6,1.6666666666666667,0.0,0.0,0.0
SAK0375,2010-06-10,-0.047383246518364563,after_hours_ratio (z=1.47),6,6,6,1.6666666666666667,0.0,0.0,0.0
CBB0365,2011-01-26,-0.047383246518364563,after_hours_ratio (z=2.15),6,6,6,1.6666666666666667,0.0,0.0,0.0
WPR0368,2010-10-22,-0.047383246518364563,after_hours_ratio (z=1.43),6,6,6,1.6666666666666667,0.0,0.0,0.0
WPR0368,2010-08-13,-0.047383246518364563,after_hours_ratio (z=1.43),6,6,6,1.6666666666666667,0.0,0.0,0.0
WPR0368,2010-02-04,-0.047383246518364563,after_hours_ratio (z=1.43),6,6,6,1.6666666666666667,0.0,0.0,0.0
KCF0045,2011-04-06,-0.047383246518364563,after_hours_ratio (z=1.41),6,6,6,1.6666666666666667,0.0,0.0,0.0
LBC0356,2010-12-06,-0.047383246518364563,after_hours_ratio (z=2.08),6,6,6,1.6666666666666667,0.0,0.0,0.0
LBC0356,2010-12-08,-0.047383246518364563,after_hours_ratio (z=2.08),6,6,6,1.6666666666666667,0.0,0.0,0.0
WPR0368,2010-02-12,-0.047383246518364563,after_hours_ratio (z=1.43),6,6,6,1.6666666666666667,0.0,0.0,0.0
JRS0362,2011-01-18,-0.047383246518364563,logon_count (z=1.39),6,6,6,1.6666666666666667,0.0,0.0,0.0
JRS0362,2011-02-02,-0.047383246518364563,logon_count (z=1.39),6,6,6,1.6666666666666667,0.0,0.0,0.0
JRS0362,2011-02-07,-0.047383246518364563,logon_count (z=1.39),6,6,6,1.6666666666666667,0.0,0.0,0.0
BBS0039,2010-02-19,-0.047383246518364563,after_hours_ratio (z=1.33),6,6,6,1.6666666666666667,0.0,0.0,0.0
BBS0039,2010-03-01,-0.047383246518364563,after_hours_ratio (z=1.33),6,6,6,1.6666666666666667,0.0,0.0,0.0
WPR0368,2010-10-05,-0.047383246518364563,after_hours_ratio (z=1.43),6,6,6,1.6666666666666667,0.0,0.0,0.0
SAK0375,2010-12-02,-0.047383246518364563,after_hours_ratio (z=1.47),6,6,6,1.6666666666666667,0.0,0.0,0.0
SAK0375,2010-02-08,-0.047383246518364563,after_hours_ratio (z=1.47),6,6,6,1.6666666666666667,0.0,0.0,0.0
SAK0375,2010-02-18,-0.047383246518364563,after_hours_ratio (z=1.47),6,6,6,1.6666666666666667,0.0,0.0,0.0
SAK0375,2010-02-26,-0.047383246518364563,after_hours_ratio (z=1.47),6,6,6,1.6666666666666667,0.0,0.0,0.0
LBC0356,2010-10-13,-0.047383246518364563,after_hours_ratio (z=2.08),6,6,6,1.6666666666666667,0.0,0.0,0.0
MNS0224,2011-02-18,-0.047383246518364563,logon_count (z=1.40),6,6,6,1.6666666666666667,0.0,0.0,0.0
KJP0371,2010-09-30,-0.047383246518364563,logon_count (z=1.39),6,6,6,1.6666666666666667,0.0,0.0,0.0
BBS0039,2010-03-22,-0.047383246518364563,after_hours_ratio (z=1.33),6,6,6,1.6666666666666667,0.0,0.0,0.0
BBS0039,2010-04-19,-0.047383246518364563,after_hours_ratio (z=1.33),6,6,6,1.6666666666666667,0.0,0.0,0.0
BBS0039,2010-05-04,-0.047383246518364563,after_hours_ratio (z=1.33),6,6,6,1.6666666666666667,0.0,0.0,0.0
BBS0039,2010-05-11,-0.047383246518364563,after_hours_ratio (z=1.33),6,6,6,1.6666666666666667,0.0,0.0,0.0
UIR0043,2011-04-28,-0.047383246518364563,after_hours_ratio (z=1.39),6,6,6,1.6666666666666667,0.0,0.0,0.0
MNS0224,2010-08-17,-0.047383246518364563,logon_count (z=1.40),6,6,6,1.6666666666666667,0.0,0.0,0.0
MNS0224,2010-09-02,-0.047383246518364563,logon_count (z=1.40),6,6,6,1.6666666666666667,0.0,0.0,0.0
MNS0224,2010-09-16,-0.047383246518364563,logon_count (z=1.40),6,6,6,1.6666666666666667,0.0,0.0,0.0
SAK0375,2011-01-12,-0.047383246518364563,after_hours_ratio (z=1.47),6,6,6,1.6666666666666667,0.0,0.0,0.0
JRS0362,2010-01-28,-0.047383246518364563,logon_count (z=1.39),6,6,6,1.6666666666666667,0.0,0.0,0.0
JRS0362,2010-02-05,-0.047383246518364563,logon_count (z=1.39),6,6,6,1.6666666666666667,0.0,0.0,0.0
JRS0362,2010-03-08,-0.047383246518364563,logon_count (z=1.39),6,6,6,1.6666666666666667,0.0,0.0,0.0
JRS0362,2010-03-16,-0.047383246518364563,logon_count (z=1.39),6,6,6,1.6666666666666667,0.0,0.0,0.0
JRS0362,2010-07-07,-0.047383246518364563,logon_count (z=1.39),6,6,6,1.6666666666666667,0.0,0.0,0.0
JRS0362,2010-12-17,-0.047383246518364563,logon_count (z=1.39),6,6,6,1.6666666666666667,0.0,0.0,0.0
JRS0362,2010-03-18,-0.047383246518364563,logon_count (z=1.39),6,6,6,1.6666666666666667,0.0,0.0,0.0
JRS0362,2010-03-25,-0.047383246518364563,logon_count (z=1.39),6,6,6,1.6666666666666667,0.0,0.0,0.0
MNS0224,2010-10-14,-0.047383246518364563,logon_count (z=1.40),6,6,6,1.6666666666666667,0.0,0.0,0.0
KRV0372,2010-05-13,-0.047383246518364563,logon_count (z=1.40),6,6,6,1.6666666666666667,0.0,0.0,0.0
KRV0372,2010-03-18,-0.047383246518364563,logon_count (z=1.40),6,6,6,1.6666666666666667,0.0,0.0,0.0
KRV0372,2010-04-08,-0.047383246518364563,logon_count (z=1.40),6,6,6,1.6666666666666667,0.0,0.0,0.0
MVH0373,2010-01-27,-0.047383246518364563,logon_count (z=1.63),6,6,6,1.6666666666666667,0.0,0.0,0.0
JAV0361,2010-08-19,-0.047383246518364563,logon_count (z=1.46),6,6,6,1.6666666666666667,0.0,0.0,0.0
TSM0363,2010-01-19,-0.047383246518364563,after_hours_ratio (z=1.36),6,6,6,1.6666666666666667,0.0,0.0,0.0
TSM0363,2010-03-04,-0.047383246518364563,after_hours_ratio (z=1.36),6,6,6,1.6666666666666667,0.0,0.0,0.0
TSM0363,2010-03-24,-0.047383246518364563,after_hours_ratio (z=1.36),6,6,6,1.6666666666666667,0.0,0.0,0.0
TSM0363,2010-03-31,-0.047383246518364563,after_hours_ratio (z=1.36),6,6,6,1.6666666666666667,0.0,0.0,0.0
TSM0363,2010-06-18,-0.047383246518364563,after_hours_ratio (z=1.36),6,6,6,1.6666666666666667,0.0,0.0,0.0
TSM0363,2010-07-26,-0.047383246518364563,after_hours_ratio (z=1.36),6,6,6,1.6666666666666667,0.0,0.0,0.0
MNS0224,2011-02-01,-0.047383246518364563,logon_count (z=1.40),6,6,6,1.6666666666666667,0.0,0.0,0.0
SOB0360,2010-03-25,-0.047383246518364563,logon_count (z=1.51),6,6,6,1.6666666666666667,0.0,0.0,0.0
JLM0364,2010-12-21,-0.047383246518364563,after_hours_ratio (z=1.50),6,6,6,1.6666666666666667,0.0,0.0,0.0
JLM0364,2010-12-27,-0.047383246518364563,after_hours_ratio (z=1.50),6,6,6,1.6666666666666667,0.0,0.0,0.0
KJP0371,2010-10-06,-0.047383246518364563,logon_count (z=1.39),6,6,6,1.6666666666666667,0.0,0.0,0.0
CBB0365,2010-01-28,-0.047383246518364563,after_hours_ratio (z=2.15),6,6,6,1.6666666666666667,0.0,0.0,0.0
KJP0371,2010-09-13,-0.047383246518364563,logon_count (z=1.39),6,6,6,1.6666666666666667,0.0,0.0,0.0
SAK0375,2011-03-24,-0.047383246518364563,after_hours_ratio (z=1.47),6,6,6,1.6666666666666667,0.0,0.0,0.0
SOB0360,2010-02-03,-0.047383246518364563,logon_count (z=1.51),6,6,6,1.6666666666666667,0.0,0.0,0.0
JRS0362,2010-01-06,-0.047383246518364563,logon_count (z=1.39),6,6,6,1.6666666666666667,0.0,0.0,0.0
JRS0362,2010-01-19,-0.047383246518364563,logon_count (z=1.39),6,6,6,1.6666666666666667,0.0,0.0,0.0
JRS0362,2011-04-18,-0.047383246518364563,logon_count (z=1.39),6,6,6,1.6666666666666667,0.0,0.0,0.0
KCF0045,2011-02-01,-0.047383246518364563,after_hours_ratio (z=1.41),6,6,6,1.6666666666666667,0.0,0.0,0.0
JRS0362,2010-11-08,-0.047383246518364563,logon_count (z=1.39),6,6,6,1.6666666666666667,0.0,0.0,0.0
JRS0362,2010-12-13,-0.047383246518364563,logon_count (z=1.39),6,6,6,1.6666666666666667,0.0,0.0,0.0
DMG0358,2011-03-07,-0.047383246518364563,after_hours_ratio (z=1.82),6,6,6,1.6666666666666667,0.0,0.0,0.0
JRS0362,2010-12-16,-0.047383246518364563,logon_count (z=1.39),6,6,6,1.6666666666666667,0.0,0.0,0.0
TSM0363,2010-04-27,-0.047383246518364563,after_hours_ratio (z=1.36),6,6,6,1.6666666666666667,0.0,0.0,0.0
TSM0363,2010-05-06,-0.047383246518364563,after_hours_ratio (z=1.36),6,6,6,1.6666666666666667,0.0,0.0,0.0
TSM0363,2010-05-10,-0.047383246518364563,after_hours_ratio (z=1.36),6,6,6,1.6666666666666667,0.0,0.0,0.0
DFR0218,2011-03-09,-0.047383246518364563,logon_count (z=1.49),6,6,6,1.6666666666666667,0.0,0.0,0.0
HWY0038,2010-04-27,-0.047383246518364563,after_hours_ratio (z=1.46),6,6,6,1.6666666666666667,0.0,0.0,0.0
DFR0218,2010-07-23,-0.047383246518364563,logon_count (z=1.49),6,6,6,1.6666666666666667,0.0,0.0,0.0
DFR0218,2010-07-28,-0.047383246518364563,logon_count (z=1.49),6,6,6,1.6666666666666667,0.0,0.0,0.0
DFR0218,2010-08-09,-0.047383246518364563,logon_count (z=1.49),6,6,6,1.6666666666666667,0.0,0.0,0.0
QNP0216,2010-07-20,-0.047383246518364563,logon_count (z=1.40),6,6,6,1.6666666666666667,0.0,0.0,0.0
QNP0216,2010-08-20,-0.047383246518364563,logon_count (z=1.40),6,6,6,1.6666666666666667,0.0,0.0,0.0
QNP0216,2010-02-15,-0.047383246518364563,logon_count (z=1.40),6,6,6,1.6666666666666667,0.0,0.0,0.0
QNP0216,2010-03-22,-0.047383246518364563,logon_count (z=1.40),6,6,6,1.6666666666666667,0.0,0.0,0.0
MSO0222,2010-08-31,-0.047383246518364563,unique_pcs (z=1.42),6,6,6,1.6666666666666667,0.0,0.0,0.0
MNS0224,2010-12-16,-0.047383246518364563,logon_count (z=1.40),6,6,6,1.6666666666666667,0.0,0.0,0.0
UIR0043,2011-02-09,-0.047383246518364563,after_hours_ratio (z=1.39),6,6,6,1.6666666666666667,0.0,0.0,0.0
SOB0360,2010-01-13,-0.047383246518364563,logon_count (z=1.51),6,6,6,1.6666666666666667,0.0,0.0,0.0
JLM0364,2010-10-29,-0.047383246518364563,after_hours_ratio (z=1.50),6,6,6,1.6666666666666667,0.0,0.0,0.0
MNS0224,2011-02-25,-0.047383246518364563,logon_count (z=1.40),6,6,6,1.6666666666666667,0.0,0.0,0.0
UIR0043,2011-03-23,-0.047383246518364563,after_hours_ratio (z=1.39),6,6,6,1.6666666666666667,0.0,0.0,0.0
WDD0366,2010-02-08,-0.047383246518364563,after_hours_ratio (z=1.98),6,6,6,1.6666666666666667,0.0,0.0,0.0
KCF0045,2011-02-07,-0.047383246518364563,after_hours_ratio (z=1.41),6,6,6,1.6666666666666667,0.0,0.0,0.0
KCF0045,2011-02-10,-0.047383246518364563,after_hours_ratio (z=1.41),6,6,6,1.6666666666666667,0.0,0.0,0.0
KCF0045,2011-02-11,-0.047383246518364563,after_hours_ratio (z=1.41),6,6,6,1.6666666666666667,0.0,0.0,0.0
KCF0045,2011-03-02,-0.047383246518364563,after_hours_ratio (z=1.41),6,6,6,1.6666666666666667,0.0,0.0,0.0
KCF0045,2010-10-14,-0.047383246518364563,after_hours_ratio (z=1.41),6,6,6,1.6666666666666667,0.0,0.0,0.0
KCF0045,2010-10-27,-0.047383246518364563,after_hours_ratio (z=1.41),6,6,6,1.6666666666666667,0.0,0.0,0.0
JLM0364,2011-03-07,-0.047383246518364563,after_hours_ratio (z=1.50),6,6,6,1.6666666666666667,0.0,0.0,0.0
JLM0364,2011-03-24,-0.047383246518364563,after_hours_ratio (z=1.50),6,6,6,1.6666666666666667,0.0,0.0,0.0
JLM0364,2011-03-31,-0.047383246518364563,after_hours_ratio (z=1.50),6,6,6,1.6666666666666667,0.0,0.0,0.0
TSM0363,2010-04-05,-0.047383246518364563,after_hours_ratio (z=1.36),6,6,6,1.6666666666666667,0.0,0.0,0.0
TSM0363,2010-04-08,-0.047383246518364563,after_hours_ratio (z=1.36),6,6,6,1.6666666666666667,0.0,0.0,0.0
TSM0363,2010-04-14,-0.047383246518364563,after_hours_ratio (z=1.36),6,6,6,1.6666666666666667,0.0,0.0,0.0
JLM0364,2010-05-19,-0.047383246518364563,after_hours_ratio (z=1.50),6,6,6,1.6666666666666667,0.0,0.0,0.0
JLM0364,2010-06-14,-0.047383246518364563,after_hours_ratio (z=1.50),6,6,6,1.6666666666666667,0.0,0.0,0.0
JLM0364,2010-08-19,-0.047383246518364563,after_hours_ratio (z=1.50),6,6,6,1.6666666666666667,0.0,0.0,0.0
JLM0364,2010-01-05,-0.047383246518364563,after_hours_ratio (z=1.50),6,6,6,1.6666666666666667,0.0,0.0,0.0
JLM0364,2010-01-19,-0.047383246518364563,after_hours_ratio (z=1.50),6,6,6,1.6666666666666667,0.0,0.0,0.0
JLM0364,2010-01-20,-0.047383246518364563,after_hours_ratio (z=1.50),6,6,6,1.6666666666666667,0.0,0.0,0.0
JLM0364,2010-01-29,-0.047383246518364563,after_hours_ratio (z=1.50),6,6,6,1.6666666666666667,0.0,0.0,0.0
JLM0364,2010-03-01,-0.047383246518364563,after_hours_ratio (z=1.50),6,6,6,1.6666666666666667,0.0,0.0,0.0
JLM0364,2010-03-04,-0.047383246518364563,after_hours_ratio (z=1.50),6,6,6,1.6666666666666667,0.0,0.0,0.0
KCF0045,2010-06-16,-0.047383246518364563,after_hours_ratio (z=1.41),6,6,6,1.6666666666666667,0.0,0.0,0.0
KCF0045,2010-07-14,-0.047383246518364563,after_hours_ratio (z=1.41),6,6,6,1.6666666666666667,0.0,0.0,0.0
DMG0358,2010-11-23,-0.047383246518364563,after_hours_ratio (z=1.82),6,6,6,1.6666666666666667,0.0,0.0,0.0
SAK0375,2010-01-07,-0.047383246518364563,after_hours_ratio (z=1.47),6,6,6,1.6666666666666667,0.0,0.0,0.0
JLM0364,2011-01-21,-0.047383246518364563,after_hours_ratio (z=1.50),6,6,6,1.6666666666666667,0.0,0.0,0.0
JLM0364,2010-09-27,-0.047383246518364563,after_hours_ratio (z=1.50),6,6,6,1.6666666666666667,0.0,0.0,0.0
JLM0364,2010-10-26,-0.047383246518364563,after_hours_ratio (z=1.50),6,6,6,1.6666666666666667,0.0,0.0,0.0
BKW0374,2010-10-07,-0.047383246518364563,logon_count (z=1.52),6,6,6,1.6666666666666667,0.0,0.0,0.0
JLM0364,2010-03-31,-0.047383246518364563,after_hours_ratio (z=1.50),6,6,6,1.6666666666666667,0.0,0.0,0.0
JLM0364,2010-04-29,-0.047383246518364563,after_hours_ratio (z=1.50),6,6,6,1.6666666666666667,0.0,0.0,0.0
BKW0374,2010-03-02,-0.047383246518364563,logon_count (z=1.52),6,6,6,1.6666666666666667,0.0,0.0,0.0
KCF0045,2010-06-10,-0.047383246518364563,after_hours_ratio (z=1.41),6,6,6,1.6666666666666667,0.0,0.0,0.0
DMG0358,2010-07-08,-0.047383246518364563,after_hours_ratio (z=1.82),6,6,6,1.6666666666666667,0.0,0.0,0.0
BKW0374,2010-03-09,-0.047383246518364563,logon_count (z=1.52),6,6,6,1.6666666666666667,0.0,0.0,0.0
BKW0374,2010-03-24,-0.047383246518364563,logon_count (z=1.52),6,6,6,1.6666666666666667,0.0,0.0,0.0
BKW0374,2010-05-14,-0.047383246518364563,logon_count (z=1.52),6,6,6,1.6666666666666667,0.0,0.0,0.0
SOB0360,2010-07-29,-0.047383246518364563,logon_count (z=1.51),6,6,6,1.6666666666666667,0.0,0.0,0.0
SOB0360,2010-08-19,-0.047383246518364563,logon_count (z=1.51),6,6,6,1.6666666666666667,0.0,0.0,0.0
KCF0045,2010-08-03,-0.047383246518364563,after_hours_ratio (z=1.41),6,6,6,1.6666666666666667,0.0,0.0,0.0
KCF0045,2010-08-23,-0.047383246518364563,after_hours_ratio (z=1.41),6,6,6,1.6666666666666667,0.0,0.0,0.0
KCF0045,2010-05-05,-0.047383246518364563,after_hours_ratio (z=1.41),6,6,6,1.6666666666666667,0.0,0.0,0.0
KCF0045,2010-05-06,-0.047383246518364563,after_hours_ratio (z=1.41),6,6,6,1.6666666666666667,0.0,0.0,0.0
KCF0045,2010-05-19,-0.047383246518364563,after_hours_ratio (z=1.41),6,6,6,1.6666666666666667,0.0,0.0,0.0
MSO0222,2010-11-16,-0.047383246518364563,unique_pcs (z=1.42),6,6,6,1.6666666666666667,0.0,0.0,0.0
MSO0222,2010-06-29,-0.047383246518364563,unique_pcs (z=1.42),6,6,6,1.6666666666666667,0.0,0.0,0.0
MVH0373,2010-01-21,-0.047383246518364563,logon_count (z=1.63),6,6,6,1.6666666666666667,0.0,0.0,0.0
MSH0040,2011-01-06,-0.047383246518364563,after_hours_ratio (z=1.41),6,6,6,1.6666666666666667,0.0,0.0,0.0
MSO0222,2010-02-26,-0.047383246518364563,unique_pcs (z=1.42),6,6,6,1.6666666666666667,0.0,0.0,0.0
MSO0222,2010-08-18,-0.047383246518364563,unique_pcs (z=1.42),6,6,6,1.6666666666666667,0.0,0.0,0.0
JAV0361,2010-06-23,-0.047383246518364563,logon_count (z=1.46),6,6,6,1.6666666666666667,0.0,0.0,0.0
JAV0361,2010-06-25,-0.047383246518364563,logon_count (z=1.46),6,6,6,1.6666666666666667,0.0,0.0,0.0
JAV0361,2010-07-06,-0.047383246518364563,logon_count (z=1.46),6,6,6,1.6666666666666667,0.0,0.0,0.0
JAV0361,2010-07-15,-0.047383246518364563,logon_count (z=1.46),6,6,6,1.6666666666666667,0.0,0.0,0.0
JAV0361,2010-07-27,-0.047383246518364563,logon_count (z=1.46),6,6,6,1.6666666666666667,0.0,0.0,0.0
KRV0372,2010-05-04,-0.047383246518364563,logon_count (z=1.40),6,6,6,1.6666666666666667,0.0,0.0,0.0
KSP0357,2010-09-21,-0.047383246518364563,after_hours_ratio (z=1.46),6,6,6,1.6666666666666667,0.0,0.0,0.0
JGT0221,2010-07-01,-0.047383246518364563,after_hours_ratio (z=1.43),6,6,6,1.6666666666666667,0.0,0.0,0.0
BKW0374,2010-09-15,-0.047383246518364563,logon_count (z=1.52),6,6,6,1.6666666666666667,0.0,0.0,0.0
BKW0374,2010-10-01,-0.047383246518364563,logon_count (z=1.52),6,6,6,1.6666666666666667,0.0,0.0,0.0
CSC0217,2010-02-23,-0.047383246518364563,after_hours_ratio (z=1.45),6,6,6,1.6666666666666667,0.0,0.0,0.0
CSC0217,2010-03-09,-0.047383246518364563,after_hours_ratio (z=1.45),6,6,6,1.6666666666666667,0.0,0.0,0.0
CSC0217,2010-04-29,-0.047383246518364563,after_hours_ratio (z=1.45),6,6,6,1.6666666666666667,0.0,0.0,0.0
CSC0217,2010-05-04,-0.047383246518364563,after_hours_ratio (z=1.45),6,6,6,1.6666666666666667,0.0,0.0,0.0
DMG0358,2010-08-19,-0.047383246518364563,after_hours_ratio (z=1.82),6,6,6,1.6666666666666667,0.0,0.0,0.0
SOB0360,2010-09-16,-0.047383246518364563,logon_count (z=1.51),6,6,6,1.6666666666666667,0.0,0.0,0.0
SOB0360,2010-09-23,-0.047383246518364563,logon_count (z=1.51),6,6,6,1.6666666666666667,0.0,0.0,0.0
SOB0360,2010-10-05,-0.047383246518364563,logon_count (z=1.51),6,6,6,1.6666666666666667,0.0,0.0,0.0
BKW0374,2010-06-21,-0.047383246518364563,logon_count (z=1.52),6,6,6,1.6666666666666667,0.0,0.0,0.0
BKW0374,2010-07-08,-0.047383246518364563,logon_count (z=1.52),6,6,6,1.6666666666666667,0.0,0.0,0.0
JGT0221,2010-05-18,-0.047383246518364563,after_hours_ratio (z=1.43),6,6,6,1.6666666666666667,0.0,0.0,0.0
JGT0221,2010-06-11,-0.047383246518364563,after_hours_ratio (z=1.43),6,6,6,1.6666666666666667,0.0,0.0,0.0
JGT0221,2010-06-15,-0.047383246518364563,after_hours_ratio (z=1.43),6,6,6,1.6666666666666667,0.0,0.0,0.0
MSO0222,2010-09-10,-0.047383246518364563,unique_pcs (z=1.42),6,6,6,1.6666666666666667,0.0,0.0,0.0
MSO0222,2010-09-14,-0.047383246518364563,unique_pcs (z=1.42),6,6,6,1.6666666666666667,0.0,0.0,0.0
MSO0222,2010-09-27,-0.047383246518364563,unique_pcs (z=1.42),6,6,6,1.6666666666666667,0.0,0.0,0.0
JGT0221,2010-02-16,-0.047383246518364563,after_hours_ratio (z=1.43),6,6,6,1.6666666666666667,0.0,0.0,0.0
JGT0221,2010-03-08,-0.047383246518364563,after_hours_ratio (z=1.43),6,6,6,1.6666666666666667,0.0,0.0,0.0
JGT0221,2010-04-05,-0.047383246518364563,after_hours_ratio (z=1.43),6,6,6,1.6666666666666667,0.0,0.0,0.0
JGT0221,2010-04-13,-0.047383246518364563,after_hours_ratio (z=1.43),6,6,6,1.6666666666666667,0.0,0.0,0.0
JGT0221,2010-04-22,-0.047383246518364563,after_hours_ratio (z=1.43),6,6,6,1.6666666666666667,0.0,0.0,0.0
UIR0043,2010-11-15,-0.047383246518364563,after_hours_ratio (z=1.39),6,6,6,1.6666666666666667,0.0,0.0,0.0
JGT0221,2010-04-27,-0.047383246518364563,after_hours_ratio (z=1.43),6,6,6,1.6666666666666667,0.0,0.0,0.0
MSH0040,2010-06-03,-0.047383246518364563,after_hours_ratio (z=1.41),6,6,6,1.6666666666666667,0.0,0.0,0.0
DMG0358,2010-03-23,-0.047383246518364563,after_hours_ratio (z=1.82),6,6,6,1.6666666666666667,0.0,0.0,0.0
KCF0045,2010-01-08,-0.047383246518364563,after_hours_ratio (z=1.41),6,6,6,1.6666666666666667,0.0,0.0,0.0
DMG0358,2010-05-27,-0.047383246518364563,after_hours_ratio (z=1.82),6,6,6,1.6666666666666667,0.0,0.0,0.0
MSH0040,2010-01-25,-0.047383246518364563,after_hours_ratio (z=1.41),6,6,6,1.6666666666666667,0.0,0.0,0.0
WDD0366,2010-05-13,-0.047383246518364563,after_hours_ratio (z=1.98),6,6,6,1.6666666666666667,0.0,0.0,0.0
WDD0366,2010-05-21,-0.047383246518364563,after_hours_ratio (z=1.98),6,6,6,1.6666666666666667,0.0,0.0,0.0
CSC0217,2010-01-12,-0.047383246518364563,after_hours_ratio (z=1.45),6,6,6,1.6666666666666667,0.0,0.0,0.0
CSC0217,2010-01-25,-0.047383246518364563,after_hours_ratio (z=1.45),6,6,6,1.6666666666666667,0.0,0.0,0.0
BKW0374,2011-05-02,-0.047383246518364563,logon_count (z=1.52),6,6,6,1.6666666666666667,0.0,0.0,0.0
CSC0217,2010-05-24,-0.047383246518364563,after_hours_ratio (z=1.45),6,6,6,1.6666666666666667,0.0,0.0,0.0
CSC0217,2010-06-08,-0.047383246518364563,after_hours_ratio (z=1.45),6,6,6,1.6666666666666667,0.0,0.0,0.0
KCF0045,2010-02-10,-0.047383246518364563,after_hours_ratio (z=1.41),6,6,6,1.6666666666666667,0.0,0.0,0.0
KCF0045,2010-02-24,-0.047383246518364563,after_hours_ratio (z=1.41),6,6,6,1.6666666666666667,0.0,0.0,0.0
KCF0045,2010-03-05,-0.047383246518364563,after_hours_ratio (z=1.41),6,6,6,1.6666666666666667,0.0,0.0,0.0
BKW0374,2011-03-07,-0.047383246518364563,logon_count (z=1.52),6,6,6,1.6666666666666667,0.0,0.0,0.0
UIR0043,2010-08-31,-0.047383246518364563,after_hours_ratio (z=1.39),6,6,6,1.6666666666666667,0.0,0.0,0.0
UIR0043,2010-09-07,-0.047383246518364563,after_hours_ratio (z=1.39),6,6,6,1.6666666666666667,0.0,0.0,0.0
QNP0216,2011-03-16,-0.047383246518364563,logon_count (z=1.40),6,6,6,1.6666666666666667,0.0,0.0,0.0
QNP0216,2011-03-25,-0.047383246518364563,logon_count (z=1.40),6,6,6,1.6666666666666667,0.0,0.0,0.0
QNP0216,2011-04-06,-0.047383246518364563,logon_count (z=1.40),6,6,6,1.6666666666666667,0.0,0.0,0.0
JGT0221,2010-05-13,-0.047383246518364563,after_hours_ratio (z=1.43),6,6,6,1.6666666666666667,0.0,0.0,0.0
JGT0221,2010-05-14,-0.047383246518364563,after_hours_ratio (z=1.43),6,6,6,1.6666666666666667,0.0,0.0,0.0
UIR0043,2010-12-14,-0.047383246518364563,after_hours_ratio (z=1.39),6,6,6,1.6666666666666667,0.0,0.0,0.0
BKW0374,2010-12-13,-0.047383246518364563,logon_count (z=1.52),6,6,6,1.6666666666666667,0.0,0.0,0.0
QNP0216,2010-06-07,-0.047383246518364563,logon_count (z=1.40),6,6,6,1.6666666666666667,0.0,0.0,0.0
DFR0218,2011-02-07,-0.047383246518364563,logon_count (z=1.49),6,6,6,1.6666666666666667,0.0,0.0,0.0
UIR0043,2010-03-31,-0.047383246518364563,after_hours_ratio (z=1.39),6,6,6,1.6666666666666667,0.0,0.0,0.0
UIR0043,2010-04-07,-0.047383246518364563,after_hours_ratio (z=1.39),6,6,6,1.6666666666666667,0.0,0.0,0.0
TSM0363,2011-04-20,-0.047383246518364563,after_hours_ratio (z=1.36),6,6,6,1.6666666666666667,0.0,0.0,0.0
TSM0363,2011-04-29,-0.047383246518364563,after_hours_ratio (z=1.36),6,6,6,1.6666666666666667,0.0,0.0,0.0
JCC0225,2010-04-05,-0.047383246518364563,after_hours_ratio (z=1.46),6,6,6,1.6666666666666667,0.0,0.0,0.0
JCC0225,2010-05-06,-0.047383246518364563,after_hours_ratio (z=1.46),6,6,6,1.6666666666666667,0.0,0.0,0.0
JCC0225,2010-05-14,-0.047383246518364563,after_hours_ratio (z=1.46),6,6,6,1.6666666666666667,0.0,0.0,0.0
JCC0225,2010-05-20,-0.047383246518364563,after_hours_ratio (z=1.46),6,6,6,1.6666666666666667,0.0,0.0,0.0
JCC0225,2010-05-28,-0.047383246518364563,after_hours_ratio (z=1.46),6,6,6,1.6666666666666667,0.0,0.0,0.0
JCC0225,2010-06-04,-0.047383246518364563,after_hours_ratio (z=1.46),6,6,6,1.6666666666666667,0.0,0.0,0.0
KJP0371,2010-11-16,-0.047383246518364563,logon_count (z=1.39),6,6,6,1.6666666666666667,0.0,0.0,0.0
JGT0221,2010-01-20,-0.047383246518364563,after_hours_ratio (z=1.43),6,6,6,1.6666666666666667,0.0,0.0,0.0
JGT0221,2010-02-10,-0.047383246518364563,after_hours_ratio (z=1.43),6,6,6,1.6666666666666667,0.0,0.0,0.0
UIR0043,2010-10-13,-0.047383246518364563,after_hours_ratio (z=1.39),6,6,6,1.6666666666666667,0.0,0.0,0.0
KJP0371,2011-04-12,-0.047383246518364563,logon_count (z=1.39),6,6,6,1.6666666666666667,0.0,0.0,0.0
KJP0371,2011-05-12,-0.047383246518364563,logon_count (z=1.39),6,6,6,1.6666666666666667,0.0,0.0,0.0
JAV0361,2010-01-07,-0.047383246518364563,logon_count (z=1.46),6,6,6,1.6666666666666667,0.0,0.0,0.0
JAV0361,2010-01-22,-0.047383246518364563,logon_count (z=1.46),6,6,6,1.6666666666666667,0.0,0.0,0.0
MNS0224,2010-07-07,-0.047383246518364563,logon_count (z=1.40),6,6,6,1.6666666666666667,0.0,0.0,0.0
JTM0223,2010-01-14,-0.047383246518364563,after_hours_ratio (z=2.27),6,6,6,1.6666666666666667,0.0,0.0,0.0
MSH0040,2010-06-21,-0.047383246518364563,after_hours_ratio (z=1.41),6,6,6,1.6666666666666667,0.0,0.0,0.0
MSH0040,2010-05-19,-0.047383246518364563,after_hours_ratio (z=1.41),6,6,6,1.6666666666666667,0.0,0.0,0.0
MSH0040,2010-09-17,-0.047383246518364563,after_hours_ratio (z=1.41),6,6,6,1.6666666666666667,0.0,0.0,0.0
UIR0043,2010-09-23,-0.047383246518364563,after_hours_ratio (z=1.39),6,6,6,1.6666666666666667,0.0,0.0,0.0
WPR0368,2011-01-05,-0.047383246518364563,after_hours_ratio (z=1.43),6,6,6,1.6666666666666667,0.0,0.0,0.0
KJP0371,2010-10-19,-0.047383246518364563,logon_count (z=1.39),6,6,6,1.6666666666666667,0.0,0.0,0.0
ACC0042,2011-03-01,-0.047383246518364563,after_hours_ratio (z=1.51),6,6,6,1.6666666666666667,0.0,0.0,0.0
ACC0042,2011-03-31,-0.047383246518364563,after_hours_ratio (z=1.51),6,6,6,1.6666666666666667,0.0,0.0,0.0
WPR0368,2011-03-10,-0.047383246518364563,after_hours_ratio (z=1.43),6,6,6,1.6666666666666667,0.0,0.0,0.0
WPR0368,2011-03-18,-0.047383246518364563,after_hours_ratio (z=1.43),6,6,6,1.6666666666666667,0.0,0.0,0.0
DFR0218,2010-01-06,-0.047383246518364563,logon_count (z=1.49),6,6,6,1.6666666666666667,0.0,0.0,0.0
DFR0218,2010-01-28,-0.047383246518364563,logon_count (z=1.49),6,6,6,1.6666666666666667,0.0,0.0,0.0
QNP0216,2010-10-15,-0.047383246518364563,logon_count (z=1.40),6,6,6,1.6666666666666667,0.0,0.0,0.0
QNP0216,2010-10-26,-0.047383246518364563,logon_count (z=1.40),6,6,6,1.6666666666666667,0.0,0.0,0.0
QNP0216,2010-10-29,-0.047383246518364563,logon_count (z=1.40),6,6,6,1.6666666666666667,0.0,0.0,0.0
UIR0043,2010-06-21,-0.047383246518364563,after_hours_ratio (z=1.39),6,6,6,1.6666666666666667,0.0,0.0,0.0
UIR0043,2010-07-01,-0.047383246518364563,after_hours_ratio (z=1.39),6,6,6,1.6666666666666667,0.0,0.0,0.0
WPR0368,2010-12-06,-0.047383246518364563,after_hours_ratio (z=1.43),6,6,6,1.6666666666666667,0.0,0.0,0.0
KJP0371,2011-01-21,-0.047383246518364563,logon_count (z=1.39),6,6,6,1.6666666666666667,0.0,0.0,0.0
MSH0040,2010-12-20,-0.047383246518364563,after_hours_ratio (z=1.41),6,6,6,1.6666666666666667,0.0,0.0,0.0
MSH0040,2010-12-22,-0.047383246518364563,after_hours_ratio (z=1.41),6,6,6,1.6666666666666667,0.0,0.0,0.0
JCC0225,2011-02-08,-0.047383246518364563,after_hours_ratio (z=1.46),6,6,6,1.6666666666666667,0.0,0.0,0.0
JCC0225,2011-03-25,-0.047383246518364563,after_hours_ratio (z=1.46),6,6,6,1.6666666666666667,0.0,0.0,0.0
UIR0043,2010-07-30,-0.047383246518364563,after_hours_ratio (z=1.39),6,6,6,1.6666666666666667,0.0,0.0,0.0
UIR0043,2010-08-11,-0.047383246518364563,after_hours_ratio (z=1.39),6,6,6,1.6666666666666667,0.0,0.0,0.0
JCC0225,2010-10-07,-0.047383246518364563,after_hours_ratio (z=1.46),6,6,6,1.6666666666666667,0.0,0.0,0.0
WPR0368,2011-02-11,-0.047383246518364563,after_hours_ratio (z=1.43),6,6,6,1.6666666666666667,0.0,0.0,0.0
UIR0043,2010-05-20,-0.047383246518364563,after_hours_ratio (z=1.39),6,6,6,1.6666666666666667,0.0,0.0,0.0
KRV0372,2010-01-11,-0.047383246518364563,logon_count (z=1.40),6,6,6,1.6666666666666667,0.0,0.0,0.0
KRV0372,2010-01-18,-0.047383246518364563,logon_count (z=1.40),6,6,6,1.6666666666666667,0.0,0.0,0.0
KSP0357,2010-11-17,-0.047383246518364563,after_hours_ratio (z=1.46),6,6,6,1.6666666666666667,0.0,0.0,0.0
DFR0218,2010-03-31,-0.047383246518364563,logon_count (z=1.49),6,6,6,1.6666666666666667,0.0,0.0,0.0
DFR0218,2010-04-16,-0.047383246518364563,logon_count (z=1.49),6,6,6,1.6666666666666667,0.0,0.0,0.0
JAV0361,2010-02-03,-0.047383246518364563,logon_count (z=1.46),6,6,6,1.6666666666666667,0.0,0.0,0.0
JAV0361,2010-02-08,-0.047383246518364563,logon_count (z=1.46),6,6,6,1.6666666666666667,0.0,0.0,0.0
JAV0361,2010-03-03,-0.047383246518364563,logon_count (z=1.46),6,6,6,1.6666666666666667,0.0,0.0,0.0
JCC0225,2010-10-08,-0.047383246518364563,after_hours_ratio (z=1.46),6,6,6,1.6666666666666667,0.0,0.0,0.0
JCC0225,2010-10-27,-0.047383246518364563,after_hours_ratio (z=1.46),6,6,6,1.6666666666666667,0.0,0.0,0.0
QNP0216,2011-05-04,-0.047383246518364563,logon_count (z=1.40),6,6,6,1.6666666666666667,0.0,0.0,0.0
QNP0216,2011-05-12,-0.047383246518364563,logon_count (z=1.40),6,6,6,1.6666666666666667,0.0,0.0,0.0
QNP0216,2011-01-25,-0.047383246518364563,logon_count (z=1.40),6,6,6,1.6666666666666667,0.0,0.0,0.0
QNP0216,2011-03-08,-0.047383246518364563,logon_count (z=1.40),6,6,6,1.6666666666666667,0.0,0.0,0.0
MSO0222,2010-08-19,-0.047383246518364563,unique_pcs (z=1.42),6,6,6,1.6666666666666667,0.0,0.0,0.0
MSO0222,2010-04-23,-0.047383246518364563,unique_pcs (z=1.42),6,6,6,1.6666666666666667,0.0,0.0,0.0
MSO0222,2010-04-28,-0.047383246518364563,unique_pcs (z=1.42),6,6,6,1.6666666666666667,0.0,0.0,0.0
MSO0222,2010-05-06,-0.047383246518364563,unique_pcs (z=1.42),6,6,6,1.6666666666666667,0.0,0.0,0.0
WDD0366,2010-12-09,-0.047383246518364563,after_hours_ratio (z=1.98),6,6,6,1.6666666666666667,0.0,0.0,0.0
DFR0218,2010-07-08,-0.047383246518364563,logon_count (z=1.49),6,6,6,1.6666666666666667,0.0,0.0,0.0
WDD0366,2010-07-29,-0.047383246518364563,after_hours_ratio (z=1.98),6,6,6,1.6666666666666667,0.0,0.0,0.0
JCC0225,2010-07-20,-0.047383246518364563,after_hours_ratio (z=1.46),6,6,6,1.6666666666666667,0.0,0.0,0.0
JCC0225,2010-08-16,-0.047383246518364563,after_hours_ratio (z=1.46),6,6,6,1.6666666666666667,0.0,0.0,0.0
UIR0043,2010-03-26,-0.047383246518364563,after_hours_ratio (z=1.39),6,6,6,1.6666666666666667,0.0,0.0,0.0
QNP0216,2011-04-28,-0.047383246518364563,logon_count (z=1.40),6,6,6,1.6666666666666667,0.0,0.0,0.0
JCC0225,2010-12-16,-0.047383246518364563,after_hours_ratio (z=1.46),6,6,6,1.6666666666666667,0.0,0.0,0.0
JCC0225,2011-02-04,-0.047383246518364563,after_hours_ratio (z=1.46),6,6,6,1.6666666666666667,0.0,0.0,0.0
JCC0225,2010-10-05,-0.047383246518364563,after_hours_ratio (z=1.46),6,6,6,1.6666666666666667,0.0,0.0,0.0
WPR0368,2011-03-31,-0.047383246518364563,after_hours_ratio (z=1.43),6,6,6,1.6666666666666667,0.0,0.0,0.0
WPR0368,2011-02-10,-0.047383246518364563,after_hours_ratio (z=1.43),6,6,6,1.6666666666666667,0.0,0.0,0.0
MVH0373,2010-03-31,-0.047383246518364563,logon_count (z=1.63),6,6,6,1.6666666666666667,0.0,0.0,0.0
JAV0361,2010-12-13,-0.047383246518364563,logon_count (z=1.46),6,6,6,1.6666666666666667,0.0,0.0,0.0
JAV0361,2010-12-28,-0.047383246518364563,logon_count (z=1.46),6,6,6,1.6666666666666667,0.0,0.0,0.0
JAV0361,2011-01-31,-0.047383246518364563,logon_count (z=1.46),6,6,6,1.6666666666666667,0.0,0.0,0.0
JAV0361,2011-02-09,-0.047383246518364563,logon_count (z=1.46),6,6,6,1.6666666666666667,0.0,0.0,0.0
TSM0363,2010-09-27,-0.047383246518364563,after_hours_ratio (z=1.36),6,6,6,1.6666666666666667,0.0,0.0,0.0
UIR0043,2010-01-04,-0.047383246518364563,after_hours_ratio (z=1.39),6,6,6,1.6666666666666667,0.0,0.0,0.0
TSM0363,2011-02-17,-0.047383246518364563,after_hours_ratio (z=1.36),6,6,6,1.6666666666666667,0.0,0.0,0.0
DFR0218,2010-09-15,-0.047383246518364563,logon_count (z=1.49),6,6,6,1.6666666666666667,0.0,0.0,0.0
DFR0218,2010-10-14,-0.047383246518364563,logon_count (z=1.49),6,6,6,1.6666666666666667,0.0,0.0,0.0
DFR0218,2010-11-22,-0.047383246518364563,logon_count (z=1.49),6,6,6,1.6666666666666667,0.0,0.0,0.0
QNP0216,2010-05-07,-0.047383246518364563,logon_count (z=1.40),6,6,6,1.6666666666666667,0.0,0.0,0.0
MSO0222,2010-03-01,-0.047383246518364563,unique_pcs (z=1.42),6,6,6,1.6666666666666667,0.0,0.0,0.0
MSO0222,2010-03-02,-0.047383246518364563,unique_pcs (z=1.42),6,6,6,1.6666666666666667,0.0,0.0,0.0
MSH0040,2010-10-19,-0.047383246518364563,after_hours_ratio (z=1.41),6,6,6,1.6666666666666667,0.0,0.0,0.0
MSH0040,2010-10-27,-0.047383246518364563,after_hours_ratio (z=1.41),6,6,6,1.6666666666666667,0.0,0.0,0.0
SAK0375,2010-08-26,-0.047383246518364563,after_hours_ratio (z=1.47),6,6,6,1.6666666666666667,0.0,0.0,0.0
SAK0375,2010-10-07,-0.047383246518364563,after_hours_ratio (z=1.47),6,6,6,1.6666666666666667,0.0,0.0,0.0
WPR0368,2010-10-04,-0.047383246518364563,after_hours_ratio (z=1.43),6,6,6,1.6666666666666667,0.0,0.0,0.0
WPR0368,2010-06-29,-0.047383246518364563,after_hours_ratio (z=1.43),6,6,6,1.6666666666666667,0.0,0.0,0.0
KJP0371,2010-06-22,-0.047383246518364563,logon_count (z=1.39),6,6,6,1.6666666666666667,0.0,0.0,0.0
KJP0371,2010-07-15,-0.047383246518364563,logon_count (z=1.39),6,6,6,1.6666666666666667,0.0,0.0,0.0
KJP0371,2010-07-19,-0.047383246518364563,logon_count (z=1.39),6,6,6,1.6666666666666667,0.0,0.0,0.0
SAK0375,2010-04-09,-0.047383246518364563,after_hours_ratio (z=1.47),6,6,6,1.6666666666666667,0.0,0.0,0.0
SAK0375,2010-04-19,-0.047383246518364563,after_hours_ratio (z=1.47),6,6,6,1.6666666666666667,0.0,0.0,0.0
SAK0375,2010-05-19,-0.047383246518364563,after_hours_ratio (z=1.47),6,6,6,1.6666666666666667,0.0,0.0,0.0
CBB0365,2011-01-25,-0.047383246518364563,after_hours_ratio (z=2.15),6,6,6,1.6666666666666667,0.0,0.0,0.0
JRS0362,2010-07-20,-0.047383246518364563,logon_count (z=1.39),6,6,6,1.6666666666666667,0.0,0.0,0.0
MNS0224,2010-07-14,-0.047383246518364563,logon_count (z=1.40),6,6,6,1.6666666666666667,0.0,0.0,0.0
MNS0224,2010-07-20,-0.047383246518364563,logon_count (z=1.40),6,6,6,1.6666666666666667,0.0,0.0,0.0
MNS0224,2010-07-21,-0.047383246518364563,logon_count (z=1.40),6,6,6,1.6666666666666667,0.0,0.0,0.0
UIR0043,2011-05-06,-0.047383246518364563,after_hours_ratio (z=1.39),6,6,6,1.6666666666666667,0.0,0.0,0.0
KRV0372,2010-06-21,-0.047383246518364563,logon_count (z=1.40),6,6,6,1.6666666666666667,0.0,0.0,0.0
KSP0357,2010-05-17,-0.047383246518364563,after_hours_ratio (z=1.46),6,6,6,1.6666666666666667,0.0,0.0,0.0
KSP0357,2010-05-07,-0.047383246518364563,after_hours_ratio (z=1.46),6,6,6,1.6666666666666667,0.0,0.0,0.0
KSP0357,2010-04-23,-0.047383246518364563,after_hours_ratio (z=1.46),6,6,6,1.6666666666666667,0.0,0.0,0.0
KRV0372,2011-04-20,-0.047383246518364563,logon_count (z=1.40),6,6,6,1.6666666666666667,0.0,0.0,0.0
KRV0372,2010-08-10,-0.047383246518364563,logon_count (z=1.40),6,6,6,1.6666666666666667,0.0,0.0,0.0
BAL0044,2010-05-13,-0.04737042114665024,file_count (z=1.41),4,3,3,1.0,5.0,18.0,18.0
MPM0220,2010-07-14,-0.04726571547380409,logoff_count (z=-1.44),3,2,2,0.6666666666666666,10.0,26.0,26.0
EIS0041,2011-01-03,-0.047207793577011326,device_connects (z=0.70),4,4,4,1.0,5.0,14.0,14.0
GTD0219,2010-03-18,-0.04719289015207728,unique_pcs (z=0.59),5,5,5,1.2,4.0,10.0,10.0
IBB0359,2011-04-05,-0.04717035299056349,file_count (z=-0.67),4,4,4,1.0,11.0,5.0,5.0
MPM0220,2010-08-02,-0.047155450313520975,logon_count (z=-1.80),2,2,2,1.0,10.0,25.0,25.0
AJF0370,2010-04-27,-0.047155450313520975,logon_count (z=-1.91),2,2,2,1.0,10.0,25.0,25.0
MPM0220,2010-08-19,-0.047155450313520975,logon_count (z=-1.80),2,2,2,1.0,10.0,25.0,25.0
BJM0111,2010-10-05,-0.04711801235379065,logoff_count (z=5.10),3,3,1,1.0,8.0,21.0,21.0
EIS0041,2010-03-26,-0.04708782298982228,after_hours_ratio (z=1.14),6,5,5,1.3333333333333333,3.0,5.0,5.0
BAJ0654,2010-06-02,-0.04699286959165905,after_hours_ratio (z=2.85),2,2,2,1.5,2.0,25.0,25.0
HDS0367,2011-04-20,-0.04687293356414113,after_hours_ratio (z=1.07),6,5,5,1.3333333333333333,4.0,3.0,3.0
AJF0370,2010-04-05,-0.0467610540802762,device_connects (z=-1.59),3,2,2,0.6666666666666666,9.0,30.0,30.0
HDS0367,2010-08-24,-0.046703171359391726,after_hours_ratio (z=0.71),5,4,4,1.2,4.0,12.0,12.0
EIS0041,2011-02-16,-0.046703171359391726,after_hours_ratio (z=0.79),5,4,4,1.2,4.0,12.0,12.0
EIS0041,2011-01-12,-0.046703171359391726,file_count (z=0.32),5,4,4,1.0,4.0,13.0,13.0
BAL0044,2010-10-12,-0.04670042190683232,logon_count (z=0.72),6,5,5,1.0,4.0,6.0,6.0
EIS0041,2011-01-19,-0.04670042190683232,logon_count (z=0.81),6,5,5,1.0,4.0,6.0,6.0
BAL0044,2010-02-26,-0.04670042190683232,logon_count (z=0.72),6,5,5,1.0,4.0,6.0,6.0
BSS0369,2010-04-11,-0.046665756096164746,device_connects (z=-0.86),4,4,4,1.0,10.0,5.0,5.0
WIF0691,2010-03-23,-0.04659855930768719,logoff_count (z=5.79),2,2,2,1.5,8.0,26.0,26.0
AJF0370,2010-03-23,-0.04656114929415778,logoff_count (z=-1.44),3,2,2,0.6666666666666666,10.0,25.0,25.0
AJF0370,2010-06-23,-0.04656114929415778,logoff_count (z=-1.44),3,2,2,0.6666666666666666,10.0,25.0,25.0
MPM0220,2010-06-25,-0.04656114929415778,logoff_count (z=-1.44),3,2,2,0.6666666666666666,10.0,25.0,25.0
BMG0917,2011-03-10,-0.04656114929415778,logon_count (z=4.54),4,2,1,1.0,6.0,21.0,21.0
MPM0220,2010-03-15,-0.04656114929415778,logoff_count (z=-1.44),3,2,2,0.6666666666666666,10.0,25.0,25.0
CCA0046,2010-08-13,-0.046456557169425206,after_hours_ratio (z=1.05),4,4,4,1.5,4.0,11.0,11.0
HDS0367,2010-03-25,-0.04645098825439309,after_hours_ratio (z=0.71),5,4,4,1.2,3.0,13.0,13.0
MOS0047,2010-08-20,-0.04645098825439309,device_connects (z=-0.95),5,4,4,1.2,3.0,13.0,13.0
BAL0044,2010-11-11,-0.04645098825439309,after_hours_ratio (z=0.79),5,4,4,1.2,3.0,13.0,13.0
EIS0041,2011-05-11,-0.04645098825439309,after_hours_ratio (z=0.79),5,4,4,1.2,3.0,13.0,13.0
HDS0367,2011-04-01,-0.046413585646352895,after_hours_ratio (z=-1.40),5,4,4,0.4,5.0,14.0,14.0
BSS0369,2010-05-27,-0.04629412875469119,after_hours_ratio (z=0.79),3,3,3,1.3333333333333333,11.0,9.0,9.0
BSS0369,2010-01-26,-0.04629412875469119,after_hours_ratio (z=0.79),3,3,3,1.3333333333333333,11.0,9.0,9.0
HDS0367,2010-07-01,-0.04619614285383811,logon_count (z=0.81),6,5,5,0.6666666666666666,5.0,7.0,7.0
BAL0044,2011-01-13,-0.046184007175118946,after_hours_ratio (z=0.79),5,5,5,1.2,4.0,9.0,9.0
IBB0359,2011-01-04,-0.046109230630897,after_hours_ratio (z=-1.29),5,4,4,0.4,12.0,5.0,5.0
CBB0365,2010-12-28,-0.04604932063108824,logon_count (z=1.90),8,7,7,0.5,0.0,0.0,0.0
MPM0220,2010-07-26,-0.0460047019144143,logoff_count (z=-1.44),3,2,2,0.6666666666666666,9.0,28.0,28.0
AJF0370,2010-01-19,-0.0460047019144143,device_connects (z=-1.59),3,2,2,0.6666666666666666,9.0,29.0,29.0
CBB0365,2010-05-14,-0.04599705864253156,logon_count (z=1.90),8,7,7,0.75,0.0,0.0,0.0
JTM0223,2010-06-07,-0.04599705864253156,logon_count (z=1.83),8,7,7,0.75,0.0,0.0,0.0
CBB0365,2010-01-22,-0.04599705864253156,logoff_count (z=1.73),7,7,7,0.7142857142857143,0.0,0.0,0.0
WDD0366,2010-11-03,-0.04599705864253156,logon_count (z=2.19),8,7,7,0.75,0.0,0.0,0.0
CBB0365,2010-06-25,-0.04599705864253156,logon_count (z=1.90),8,7,7,0.75,0.0,0.0,0.0
CBB0365,2010-06-22,-0.04599705864253156,logon_count (z=1.90),8,7,7,0.75,0.0,0.0,0.0
HSB0196,2010-06-23,-0.04590018786424965,logon_count (z=9.49),3,2,1,1.0,7.0,27.0,27.0
IBB0359,2010-08-04,-0.04579012450111031,logon_count (z=-1.15),3,3,3,1.3333333333333333,10.0,9.0,9.0
BSS0369,2010-07-15,-0.04579012450111031,device_connects (z=-0.86),3,3,3,1.3333333333333333,10.0,9.0,9.0
WDD0366,2010-02-11,-0.04574511437023343,logon_count (z=1.52),7,6,6,0.5714285714285714,0.0,0.0,0.0
DMG0358,2011-01-31,-0.04574511437023343,logon_count (z=1.47),7,6,6,0.5714285714285714,0.0,0.0,0.0
LBC0356,2010-08-06,-0.04574511437023343,logon_count (z=1.51),7,6,6,0.5714285714285714,0.0,0.0,0.0
CBB0365,2010-03-19,-0.04574511437023343,logon_count (z=1.25),7,6,6,0.5714285714285714,0.0,0.0,0.0
CBB0365,2010-06-07,-0.04574511437023343,logon_count (z=1.25),7,6,6,0.5714285714285714,0.0,0.0,0.0
CBB0365,2011-02-02,-0.04574511437023343,logon_count (z=1.25),7,6,6,0.5714285714285714,0.0,0.0,0.0
CBB0365,2011-02-25,-0.04574511437023343,logon_count (z=1.25),7,6,6,0.5714285714285714,0.0,0.0,0.0
JTM0223,2010-06-08,-0.04574511437023343,logon_count (z=1.16),7,6,6,0.5714285714285714,0.0,0.0,0.0
JTM0223,2010-06-25,-0.04574511437023343,logon_count (z=1.16),7,6,6,0.5714285714285714,0.0,0.0,0.0
DMG0358,2010-04-22,-0.04574511437023343,logon_count (z=1.47),7,6,6,0.5714285714285714,0.0,0.0,0.0
DMG0358,2011-03-21,-0.04574511437023343,logon_count (z=1.47),7,6,6,0.5714285714285714,0.0,0.0,0.0
JTM0223,2010-01-18,-0.04574511437023343,logon_count (z=1.16),7,6,6,0.5714285714285714,0.0,0.0,0.0
JTM0223,2010-02-15,-0.04574511437023343,logon_count (z=1.16),7,6,6,0.5714285714285714,0.0,0.0,0.0
WDD0366,2011-02-18,-0.04574511437023343,logon_count (z=1.52),7,6,6,0.5714285714285714,0.0,0.0,0.0
LBC0356,2010-01-21,-0.04574511437023343,logon_count (z=1.51),7,6,6,0.5714285714285714,0.0,0.0,0.0
CBB0365,2010-12-30,-0.04574511437023343,logon_count (z=1.25),7,6,6,0.5714285714285714,0.0,0.0,0.0
CBB0365,2011-04-26,-0.04574511437023343,logon_count (z=1.25),7,6,6,0.5714285714285714,0.0,0.0,0.0
LBC0356,2011-01-19,-0.04574511437023343,logon_count (z=1.51),7,6,6,0.5714285714285714,0.0,0.0,0.0
EIS0041,2011-03-03,-0.04561258382034461,after_hours_ratio (z=1.14),6,5,5,1.3333333333333333,4.0,4.0,4.0
HDS0367,2010-03-18,-0.04561258382034461,after_hours_ratio (z=1.07),6,5,5,1.3333333333333333,4.0,4.0,4.0
HDS0367,2010-03-03,-0.04561258382034461,after_hours_ratio (z=1.07),6,5,5,1.3333333333333333,4.0,4.0,4.0
IBB0359,2010-10-06,-0.045553120593515684,file_count (z=-1.31),5,4,4,1.2,11.0,1.0,1.0
JTM0223,2010-07-23,-0.045463131701912074,logon_count (z=1.83),8,7,6,0.375,0.0,0.0,0.0
CBB0365,2010-03-24,-0.045448263127339406,after_hours_ratio (z=-1.58),7,6,6,0.2857142857142857,0.0,0.0,0.0
LBC0356,2010-02-12,-0.045448263127339406,after_hours_ratio (z=-1.59),7,6,6,0.2857142857142857,0.0,0.0,0.0
DMG0358,2010-10-22,-0.045448263127339406,logon_count (z=1.47),7,6,6,0.2857142857142857,0.0,0.0,0.0
WDD0366,2010-03-05,-0.045448263127339406,after_hours_ratio (z=-1.53),7,6,6,0.2857142857142857,0.0,0.0,0.0
WDD0366,2010-11-29,-0.045448263127339406,after_hours_ratio (z=-1.53),7,6,6,0.2857142857142857,0.0,0.0,0.0
LBC0356,2010-02-26,-0.045448263127339406,after_hours_ratio (z=-1.59),7,6,6,0.2857142857142857,0.0,0.0,0.0
LBC0356,2011-04-21,-0.045448263127339406,after_hours_ratio (z=-1.59),7,6,6,0.2857142857142857,0.0,0.0,0.0
CBB0365,2010-08-25,-0.045448263127339406,after_hours_ratio (z=-1.58),7,6,6,0.2857142857142857,0.0,0.0,0.0
BAL0044,2010-07-06,-0.04544036371395832,logon_count (z=0.72),6,5,5,0.8333333333333334,4.0,6.0,6.0
BAL0044,2011-05-05,-0.04544036371395832,logon_count (z=0.72),6,5,5,0.8333333333333334,4.0,6.0,6.0
BSS0369,2010-05-31,-0.045405756489761084,after_hours_ratio (z=-1.06),4,4,4,0.5,10.0,6.0,6.0
HDS0367,2011-04-15,-0.045405756489761084,after_hours_ratio (z=-1.40),5,4,4,0.4,2.0,14.0,14.0
CCA0046,2010-02-10,-0.045390889061282524,file_count (z=0.83),4,4,4,1.0,4.0,14.0,14.0
DLM0051,2010-12-20,-0.045390889061282524,after_hours_ratio (z=3.68),2,2,2,1.5,9.0,24.0,24.0
CCA0046,2010-02-02,-0.04519135161338783,after_hours_ratio (z=-0.70),5,5,5,0.8,4.0,10.0,10.0
IBB0359,2010-09-17,-0.045154012217104134,device_connects (z=-1.23),4,3,3,1.0,9.0,12.0,12.0
MPM0220,2010-06-01,-0.0450869516835799,logon_count (z=-1.80),2,2,2,1.0,9.0,27.0,27.0
MPM0220,2010-07-06,-0.0450869516835799,logon_count (z=-1.80),2,2,2,1.0,9.0,27.0,27.0
CCA0046,2010-08-27,-0.04504170112773154,device_connects (z=0.72),5,5,5,1.2,5.0,8.0,8.0
CCA0046,2010-10-01,-0.04504170112773154,device_connects (z=0.72),5,5,5,1.2,5.0,8.0,8.0
HDS0367,2010-01-05,-0.04501922894871502,logon_count (z=0.81),6,5,5,0.6666666666666666,4.0,8.0,8.0
HDS0367,2011-01-28,-0.04490235309340862,after_hours_ratio (z=-0.35),5,4,4,0.8,4.0,12.0,12.0
BAL0044,2010-12-29,-0.04490235309340862,file_count (z=0.54),5,4,4,0.8,4.0,12.0,12.0
EIS0041,2010-11-24,-0.04490235309340862,device_connects (z=0.70),5,4,4,0.8,5.0,11.0,11.0
BMG0917,2010-09-28,-0.04489305295366164,logoff_count (z=4.28),3,2,1,1.0,9.0,27.0,27.0
HDS0367,2010-08-09,-0.04485017157260118,file_count (z=1.22),4,3,3,1.0,4.0,18.0,18.0
EIS0041,2011-03-22,-0.04485017157260118,file_count (z=1.12),4,3,3,1.0,3.0,19.0,19.0
HDS0367,2010-04-28,-0.04485017157260118,file_count (z=1.22),4,3,3,1.0,4.0,18.0,18.0
HDS0367,2010-04-20,-0.04485017157260118,file_count (z=1.22),4,3,3,1.0,4.0,18.0,18.0
DMG0358,2010-07-23,-0.044738189158941566,logon_count (z=1.47),7,6,6,0.7142857142857143,0.0,0.0,0.0
LBC0356,2010-05-03,-0.044738189158941566,logon_count (z=1.51),7,6,6,0.7142857142857143,0.0,0.0,0.0
LBC0356,2010-05-19,-0.044738189158941566,logon_count (z=1.51),7,6,6,0.7142857142857143,0.0,0.0,0.0
LBC0356,2010-01-26,-0.044738189158941566,logon_count (z=1.51),7,6,6,0.7142857142857143,0.0,0.0,0.0
WDD0366,2010-12-17,-0.044738189158941566,logon_count (z=1.52),7,6,6,0.7142857142857143,0.0,0.0,0.0
CBB0365,2011-02-11,-0.044738189158941566,logon_count (z=1.25),7,6,6,0.7142857142857143,0.0,0.0,0.0
BAL0044,2010-12-08,-0.04468809323137768,after_hours_ratio (z=0.79),5,4,4,1.2,4.0,11.0,11.0
EIS0041,2010-07-22,-0.04468809323137768,after_hours_ratio (z=0.79),5,4,4,1.2,4.0,11.0,11.0
IBB0359,2010-04-20,-0.044650779089874026,after_hours_ratio (z=-1.03),4,3,3,0.5,10.0,13.0,13.0
IBB0359,2010-12-28,-0.0444942984551675,after_hours_ratio (z=0.94),4,3,3,1.25,11.0,7.0,7.0
HDS0367,2010-10-27,-0.0444942984551675,after_hours_ratio (z=1.77),5,5,5,1.6,4.0,1.0,1.0
CBB0365,2011-03-21,-0.044456587803799685,logon_count (z=1.25),7,6,6,0.42857142857142855,0.0,0.0,0.0
GTD0219,2010-04-22,-0.0444190025897826,unique_pcs (z=0.59),5,5,5,1.2,5.0,7.0,7.0
MOS0047,2010-03-10,-0.04439929017770983,after_hours_ratio (z=0.90),5,4,4,1.2,6.0,6.0,6.0
ILH0958,2010-08-04,-0.0443471439502644,logoff_count (z=2.95),3,3,3,0.0,2.0,27.0,27.0
BAL0044,2010-09-28,-0.04422246600709001,unique_pcs (z=0.66),5,5,5,1.0,4.0,9.0,9.0
HDS0367,2011-01-19,-0.04422246600709001,after_hours_ratio (z=0.71),5,4,4,1.2,5.0,10.0,10.0
JTM0223,2010-05-13,-0.044062891055774545,unique_pcs (z=1.71),7,7,7,1.2857142857142858,0.0,0.0,0.0
JTM0223,2010-06-14,-0.04401076842906693,logon_count (z=1.83),8,7,7,1.25,0.0,0.0,0.0
CBB0365,2010-12-21,-0.04401076842906693,logon_count (z=1.90),8,7,7,1.25,0.0,0.0,0.0
JTM0223,2010-01-28,-0.04401076842906693,logon_count (z=1.83),8,7,7,1.25,0.0,0.0,0.0
CBB0365,2010-01-19,-0.04401076842906693,logon_count (z=1.90),8,7,7,1.25,0.0,0.0,0.0
HDS0367,2010-05-10,-0.04393384380373533,after_hours_ratio (z=0.71),5,4,4,1.2,3.0,12.0,12.0
EIS0041,2011-03-01,-0.04393384380373533,device_connects (z=-1.08),5,4,4,1.2,2.0,12.0,12.0
IBB0359,2010-01-15,-0.04390142619753434,unique_pcs (z=-0.66),4,4,3,0.75,11.0,6.0,6.0
MOS0047,2010-08-25,-0.043896567512378026,device_connects (z=0.91),5,4,4,1.2,7.0,5.0,5.0
CSC0217,2010-06-11,-0.04381160098847381,logon_count (z=1.89),7,7,6,1.2857142857142858,0.0,0.0,0.0
GTD0219,2010-03-25,-0.04368814561521139,after_hours_ratio (z=1.05),4,4,4,1.5,3.0,11.0,11.0
GTD0219,2010-04-29,-0.04368814561521139,after_hours_ratio (z=1.05),4,4,4,1.5,3.0,11.0,11.0
CCA0046,2010-03-10,-0.043630501438391756,file_count (z=0.98),4,4,4,1.0,3.0,15.0,15.0
MPM0220,2010-01-26,-0.04348906466908398,logoff_count (z=-1.44),3,2,2,0.6666666666666666,9.0,27.0,27.0
AJF0370,2010-04-30,-0.04348906466908398,device_connects (z=-2.24),3,2,2,0.6666666666666666,8.0,29.0,29.0
AJF0370,2010-07-30,-0.04348906466908398,device_connects (z=-1.59),3,2,2,0.6666666666666666,9.0,27.0,27.0
CCA0046,2010-05-13,-0.0434314359465412,device_connects (z=0.72),4,4,4,1.0,5.0,13.0,13.0
AJF0370,2010-08-17,-0.04337935762080092,logon_count (z=-1.91),2,2,2,1.0,10.0,24.0,24.0
AJF0370,2011-04-04,-0.04337935762080092,logon_count (z=-1.91),2,2,2,1.0,10.0,24.0,24.0
HDS0367,2010-01-22,-0.04327521193003414,after_hours_ratio (z=1.51),4,4,4,1.5,5.0,9.0,9.0
BAL0044,2010-11-01,-0.043177622998401666,logon_count (z=0.72),6,5,5,0.6666666666666666,4.0,6.0,6.0
BAL0044,2010-11-03,-0.043177622998401666,logon_count (z=0.72),6,5,5,0.6666666666666666,4.0,7.0,7.0
CAS0507,2011-03-30,-0.04309106288200948,after_hours_ratio (z=7.77),3,3,2,0.6666666666666666,1.0,27.0,27.0
MOS0047,2010-02-08,-0.04292663236057692,file_count (z=-0.61),6,5,5,1.0,4.0,5.0,5.0
EIS0041,2010-04-14,-0.04289214201244773,file_count (z=1.26),4,3,3,0.5,4.0,20.0,20.0
AJF0370,2010-11-11,-0.04289214201244773,file_count (z=-1.82),3,3,3,0.6666666666666666,9.0,16.0,16.0
IBB0359,2010-04-19,-0.04284010152192741,file_count (z=-1.31),5,4,4,0.8,12.0,1.0,1.0
IBB0359,2011-01-10,-0.04284010152192741,file_count (z=-1.31),5,4,4,0.8,12.0,1.0,1.0
AJF0370,2010-11-16,-0.04267846122763408,logon_count (z=-1.91),2,2,2,1.0,10.0,22.0,22.0
AJF0370,2010-01-09,-0.04267846122763408,logon_count (z=-1.91),2,2,2,1.0,10.0,22.0,22.0
MPM0220,2010-04-19,-0.04267846122763408,logon_count (z=-1.80),2,2,2,1.0,10.0,22.0,22.0
AJF0370,2010-09-10,-0.04267846122763408,logon_count (z=-1.91),2,2,2,1.0,10.0,22.0,22.0
BAL0044,2011-02-09,-0.0426757266168073,logon_count (z=0.72),6,5,5,0.8333333333333334,3.0,7.0,7.0
BAL0044,2010-07-15,-0.042641247934553594,device_connects (z=0.51),5,4,4,0.8,4.0,11.0,11.0
BSS0369,2010-01-20,-0.04263197606730773,file_count (z=-1.55),4,4,4,1.5,12.0,0.0,0.0
EIS0041,2010-09-13,-0.04262643572830671,logon_count (z=-0.54),4,4,4,1.0,3.0,14.0,14.0
AJF0370,2011-05-07,-0.04257441387893002,device_connects (z=-2.24),2,2,2,1.0,8.0,27.0,27.0
JTM0223,2010-01-07,-0.042556425007139076,after_hours_ratio (z=1.20),7,6,6,1.2857142857142858,0.0,0.0,0.0
DMG0358,2010-06-11,-0.042556425007139076,logon_count (z=1.47),7,6,6,1.2857142857142858,0.0,0.0,0.0
DMG0358,2011-04-21,-0.042556425007139076,logon_count (z=1.47),7,6,6,1.2857142857142858,0.0,0.0,0.0
DMG0358,2010-05-07,-0.042556425007139076,logon_count (z=1.47),7,6,6,1.2857142857142858,0.0,0.0,0.0
WDD0366,2010-05-19,-0.042556425007139076,logon_count (z=1.52),7,6,6,1.2857142857142858,0.0,0.0,0.0
CBB0365,2011-02-24,-0.042556425007139076,logon_count (z=1.25),7,6,6,1.2857142857142858,0.0,0.0,0.0
LBC0356,2010-09-20,-0.042556425007139076,logon_count (z=1.51),7,6,6,1.2857142857142858,0.0,0.0,0.0
LBC0356,2010-01-13,-0.042556425007139076,logon_count (z=1.51),7,6,6,1.2857142857142858,0.0,0.0,0.0
BSS0369,2010-09-04,-0.042182439438047115,after_hours_ratio (z=0.79),3,3,3,1.3333333333333333,11.0,7.0,7.0
BSS0369,2010-04-27,-0.0421304487380979,file_count (z=-1.55),4,4,4,1.5,11.0,0.0,0.0
BAJ0654,2011-05-05,-0.04198497331329176,after_hours_ratio (z=2.85),2,2,2,1.5,1.0,25.0,25.0
BAJ0654,2011-01-07,-0.04198497331329176,after_hours_ratio (z=2.85),2,2,2,1.5,1.0,25.0,25.0
GTD0219,2010-04-27,-0.04192625029966912,device_connects (z=1.19),4,4,4,1.0,6.0,10.0,10.0
SOB0360,2010-09-07,-0.04190180592147075,logon_count (z=1.51),6,6,6,1.5,0.0,0.0,0.0
MNS0224,2010-05-14,-0.04190180592147075,logon_count (z=1.40),6,6,6,1.5,0.0,0.0,0.0
KCF0045,2010-01-20,-0.04190180592147075,logon_count (z=1.39),6,6,6,1.5,0.0,0.0,0.0
MSH0040,2010-01-20,-0.04190180592147075,logon_count (z=1.27),6,6,6,1.5,0.0,0.0,0.0
UIR0043,2010-11-09,-0.04190180592147075,logon_count (z=1.32),6,6,6,1.5,0.0,0.0,0.0
JGT0221,2010-07-13,-0.04190180592147075,unique_pcs (z=1.19),6,6,6,1.5,0.0,0.0,0.0
ACC0042,2010-03-10,-0.04190180592147075,logon_count (z=1.51),6,6,6,1.5,0.0,0.0,0.0
BKW0374,2011-04-14,-0.04190180592147075,logon_count (z=1.52),6,6,6,1.5,0.0,0.0,0.0
QNP0216,2011-03-14,-0.04190180592147075,logon_count (z=1.40),6,6,6,1.5,0.0,0.0,0.0
WPR0368,2010-04-23,-0.04190180592147075,logon_count (z=1.39),6,6,6,1.5,0.0,0.0,0.0
KJP0371,2010-08-30,-0.04190180592147075,logon_count (z=1.39),6,6,6,1.5,0.0,0.0,0.0
WPR0368,2010-01-28,-0.04190180592147075,logon_count (z=1.39),6,6,6,1.5,0.0,0.0,0.0
SAK0375,2011-03-17,-0.04190180592147075,logon_count (z=1.34),6,6,6,1.5,0.0,0.0,0.0
LBC0356,2010-03-23,-0.04190180592147075,after_hours_ratio (z=1.64),6,6,6,1.5,0.0,0.0,0.0
SAK0375,2010-04-01,-0.04190180592147075,logon_count (z=1.34),6,6,6,1.5,0.0,0.0,0.0
KSP0357,2010-03-10,-0.04190180592147075,logon_count (z=1.43),6,6,6,1.5,0.0,0.0,0.0
KJP0371,2010-10-08,-0.04190180592147075,logon_count (z=1.39),6,6,6,1.5,0.0,0.0,0.0
QNP0216,2010-10-13,-0.04190180592147075,logon_count (z=1.40),6,6,6,1.5,0.0,0.0,0.0
WPR0368,2010-03-16,-0.04190180592147075,logon_count (z=1.39),6,6,6,1.5,0.0,0.0,0.0
QNP0216,2011-01-10,-0.04190180592147075,logon_count (z=1.40),6,6,6,1.5,0.0,0.0,0.0
JRS0362,2010-08-24,-0.04190180592147075,logon_count (z=1.39),6,6,6,1.5,0.0,0.0,0.0
KJP0371,2010-02-16,-0.04190180592147075,logon_count (z=1.39),6,6,6,1.5,0.0,0.0,0.0
UIR0043,2011-05-11,-0.04190180592147075,logon_count (z=1.32),6,6,6,1.5,0.0,0.0,0.0
LBC0356,2010-09-14,-0.04190180592147075,after_hours_ratio (z=1.64),6,6,6,1.5,0.0,0.0,0.0
KSP0357,2010-10-29,-0.04190180592147075,logon_count (z=1.43),6,6,6,1.5,0.0,0.0,0.0
JAV0361,2010-06-10,-0.04190180592147075,logon_count (z=1.46),6,6,6,1.5,0.0,0.0,0.0
HWY0038,2010-04-05,-0.04190180592147075,logon_count (z=1.31),6,6,6,1.5,0.0,0.0,0.0
BBS0039,2010-03-29,-0.04190180592147075,unique_pcs (z=1.27),6,6,6,1.5,0.0,0.0,0.0
DMG0358,2010-04-27,-0.04190180592147075,after_hours_ratio (z=1.42),6,6,6,1.5,0.0,0.0,0.0
MSH0040,2010-03-15,-0.04190180592147075,logon_count (z=1.27),6,6,6,1.5,0.0,0.0,0.0
UIR0043,2010-05-13,-0.04190180592147075,logon_count (z=1.32),6,6,6,1.5,0.0,0.0,0.0
JCC0225,2010-06-24,-0.04190180592147075,logon_count (z=1.43),6,6,6,1.5,0.0,0.0,0.0
MSO0222,2010-03-18,-0.04190180592147075,unique_pcs (z=1.42),6,6,6,1.5,0.0,0.0,0.0
MSH0040,2010-12-13,-0.04190180592147075,logon_count (z=1.27),6,6,6,1.5,0.0,0.0,0.0
JCC0225,2010-09-08,-0.04190180592147075,logon_count (z=1.43),6,6,6,1.5,0.0,0.0,0.0
CBB0365,2010-11-05,-0.04190180592147075,after_hours_ratio (z=1.70),6,6,6,1.5,0.0,0.0,0.0
QNP0216,2010-09-14,-0.04190180592147075,logon_count (z=1.40),6,6,6,1.5,0.0,0.0,0.0
DFR0218,2010-07-01,-0.04190180592147075,logon_count (z=1.49),6,6,6,1.5,0.0,0.0,0.0
ACC0042,2010-03-12,-0.04190180592147075,logon_count (z=1.51),6,6,6,1.5,0.0,0.0,0.0
KRV0372,2011-01-14,-0.04190180592147075,logon_count (z=1.40),6,6,6,1.5,0.0,0.0,0.0
ACC0042,2010-10-28,-0.04190180592147075,logon_count (z=1.51),6,6,6,1.5,0.0,0.0,0.0
TSM0363,2010-05-03,-0.04190180592147075,logon_count (z=1.35),6,6,6,1.5,0.0,0.0,0.0
TSM0363,2011-01-03,-0.04190180592147075,logon_count (z=1.35),6,6,6,1.5,0.0,0.0,0.0
KJP0371,2010-12-01,-0.04190180592147075,logon_count (z=1.39),6,6,6,1.5,0.0,0.0,0.0
SAK0375,2010-02-01,-0.04190180592147075,logon_count (z=1.34),6,6,6,1.5,0.0,0.0,0.0
BBS0039,2010-03-31,-0.04190180592147075,unique_pcs (z=1.27),6,6,6,1.5,0.0,0.0,0.0
EIS0041,2011-04-04,-0.041889074754437816,after_hours_ratio (z=-2.43),4,3,3,0.0,5.0,20.0,20.0
MPM0220,2010-02-17,-0.041879812292246466,after_hours_ratio (z=-2.32),3,2,2,0.0,10.0,32.0,32.0
MPM0220,2010-06-16,-0.041879812292246466,after_hours_ratio (z=-2.32),3,2,2,0.0,10.0,36.0,36.0
AJF0370,2010-03-09,-0.041837104636061384,logoff_count (z=-1.44),3,2,2,0.6666666666666666,10.0,21.0,21.0
CCA0046,2010-05-05,-0.041837104636061384,file_count (z=1.42),3,3,3,1.3333333333333333,3.0,18.0,18.0
CCA0046,2010-07-09,-0.041837104636061384,file_count (z=1.42),3,3,3,1.3333333333333333,3.0,18.0,18.0
AJF0370,2010-10-19,-0.04178513816375007,logoff_count (z=-1.44),3,2,2,0.6666666666666666,10.0,24.0,24.0
AJF0370,2010-06-01,-0.04178513816375007,logoff_count (z=-1.44),3,2,2,0.6666666666666666,10.0,24.0,24.0
BSS0369,2010-05-25,-0.04168121615630005,device_connects (z=-0.86),3,3,3,1.3333333333333333,10.0,7.0,7.0
TDS0984,2011-02-12,-0.04166005610354073,logoff_count (z=5.10),3,3,3,0.0,1.0,27.0,27.0
AJF0370,2010-06-11,-0.04158656740972888,logoff_count (z=-1.44),3,2,2,0.6666666666666666,10.0,20.0,20.0
AJF0370,2010-09-01,-0.04158656740972888,logoff_count (z=-1.44),3,2,2,0.6666666666666666,10.0,20.0,20.0
AJF0370,2010-11-30,-0.04158656740972888,logoff_count (z=-1.44),3,2,2,0.6666666666666666,10.0,20.0,20.0
AJF0370,2010-12-22,-0.04158656740972888,logoff_count (z=-1.44),3,2,2,0.6666666666666666,10.0,20.0,20.0
BAJ0654,2010-06-23,-0.041431941897837166,after_hours_ratio (z=2.85),2,2,2,1.5,1.0,26.0,26.0
GTD0219,2010-02-10,-0.04126939850138178,after_hours_ratio (z=1.05),4,4,4,1.5,5.0,8.0,8.0
HDS0367,2010-11-01,-0.041137664552211795,file_count (z=1.67),4,3,3,0.5,3.0,21.0,21.0
DLM0051,2010-03-18,-0.04112288238068118,logoff_count (z=2.19),2,2,2,1.0,9.0,25.0,25.0
AJF0370,2011-01-19,-0.041033833391128094,logoff_count (z=-1.44),3,2,2,0.6666666666666666,10.0,23.0,23.0
AJF0370,2010-08-30,-0.041033833391128094,logoff_count (z=-1.44),3,2,2,0.6666666666666666,10.0,23.0,23.0
AJF0370,2010-11-06,-0.041033833391128094,logoff_count (z=-1.44),3,2,2,0.6666666666666666,10.0,23.0,23.0
MPM0220,2010-02-04,-0.041033833391128094,logoff_count (z=-1.44),3,2,2,0.6666666666666666,10.0,23.0,23.0
MPM0220,2010-03-22,-0.041033833391128094,logoff_count (z=-1.44),3,2,2,0.6666666666666666,10.0,23.0,23.0
MPM0220,2010-07-29,-0.04098192327388095,logoff_count (z=-1.44),3,2,2,0.6666666666666666,9.0,26.0,26.0
MPM0220,2010-01-25,-0.04098192327388095,logoff_count (z=-1.44),3,2,2,0.6666666666666666,9.0,26.0,26.0
AJF0370,2011-05-02,-0.04098192327388095,device_connects (z=-1.59),3,2,2,0.6666666666666666,9.0,26.0,26.0
AJF0370,2010-07-12,-0.04098192327388095,device_connects (z=-2.24),3,2,2,0.6666666666666666,8.0,27.0,27.0
HDS0367,2010-03-15,-0.04096161631343176,after_hours_ratio (z=0.71),5,4,4,1.2,4.0,10.0,10.0
EIS0041,2010-11-10,-0.04090698317442332,after_hours_ratio (z=0.79),5,5,5,1.2,4.0,6.0,6.0
IBB0359,2010-07-27,-0.04078356786000248,logoff_count (z=-0.70),4,3,3,1.0,11.0,7.0,7.0
IBB0359,2010-09-02,-0.04078356786000248,logoff_count (z=-0.70),4,3,3,1.0,11.0,7.0,7.0
CCA0046,2010-07-08,-0.04064985756267725,after_hours_ratio (z=1.05),4,4,4,1.5,5.0,6.0,6.0
HDS0367,2010-03-09,-0.04064985756267725,after_hours_ratio (z=1.51),4,4,4,1.5,5.0,6.0,6.0
IBB0359,2010-09-08,-0.04063714791177586,after_hours_ratio (z=-1.03),4,3,3,0.5,11.0,11.0,11.0
EIS0041,2011-01-18,-0.04063714791177586,after_hours_ratio (z=-1.36),5,4,4,0.4,3.0,13.0,13.0
JTM0223,2010-07-06,-0.04048373536260341,unique_pcs (z=1.71),7,7,7,0.8571428571428571,0.0,0.0,0.0
WDD0366,2010-08-02,-0.04048373536260341,unique_pcs (z=2.07),7,7,7,0.8571428571428571,0.0,0.0,0.0
CBB0365,2010-10-19,-0.04048373536260341,logoff_count (z=1.73),7,7,7,0.8571428571428571,0.0,0.0,0.0
WDD0366,2010-08-12,-0.04048373536260341,unique_pcs (z=2.07),7,7,7,0.8571428571428571,0.0,0.0,0.0
CBB0365,2010-12-14,-0.04048373536260341,logoff_count (z=1.73),7,7,7,0.8571428571428571,0.0,0.0,0.0
MOS0047,2010-05-04,-0.040387016553937394,after_hours_ratio (z=-1.39),5,4,4,0.4,4.0,12.0,12.0
MOS0047,2010-09-08,-0.04033515181538949,file_count (z=1.19),4,3,3,1.0,3.0,17.0,17.0
IBB0359,2011-03-18,-0.04033515181538949,file_count (z=-0.83),4,4,4,1.0,12.0,4.0,4.0
HDS0367,2011-01-14,-0.04033515181538949,file_count (z=1.07),4,3,3,1.0,3.0,17.0,17.0
CCA0046,2010-01-14,-0.04033515181538949,after_hours_ratio (z=-1.45),4,4,4,0.5,3.0,14.0,14.0
BAL0044,2010-09-15,-0.04033515181538949,after_hours_ratio (z=-1.05),4,4,4,0.5,3.0,14.0,14.0
BAL0044,2011-05-10,-0.040171332039814045,logon_count (z=0.72),6,5,5,0.6666666666666666,3.0,7.0,7.0
CCA0046,2010-06-25,-0.040171332039814045,device_connects (z=0.72),5,5,5,0.8,5.0,7.0,7.0
HDS0367,2010-12-17,-0.04013696979951453,device_connects (z=-0.54),5,4,4,0.8,3.0,11.0,11.0
EIS0041,2011-02-01,-0.04013696979951453,device_connects (z=-0.49),5,4,4,0.8,3.0,11.0,11.0
IBB0359,2010-02-05,-0.04013696979951453,after_hours_ratio (z=-1.03),4,3,3,0.5,10.0,11.0,11.0
IBB0359,2011-01-06,-0.04013696979951453,after_hours_ratio (z=-1.03),4,3,3,0.5,10.0,11.0,11.0
HDS0367,2010-02-12,-0.04013696979951453,device_connects (z=-0.54),5,4,4,0.8,3.0,11.0,11.0
BSS0369,2010-03-11,-0.04008512260348551,file_count (z=-1.23),4,4,4,1.0,12.0,2.0,2.0
HDS0367,2010-12-14,-0.04000309537823976,file_count (z=-1.33),6,5,5,0.6666666666666666,5.0,1.0,1.0
CBB0365,2010-09-28,-0.04000059207223161,logoff_count (z=1.73),7,7,7,1.1428571428571428,0.0,0.0,0.0
CBB0365,2010-03-18,-0.04000059207223161,logoff_count (z=1.73),7,7,7,1.1428571428571428,0.0,0.0,0.0
JTM0223,2010-01-27,-0.04000059207223161,unique_pcs (z=1.71),7,7,7,1.1428571428571428,0.0,0.0,0.0
JTM0223,2010-06-21,-0.04000059207223161,unique_pcs (z=1.71),7,7,7,1.1428571428571428,0.0,0.0,0.0
CBB0365,2010-12-08,-0.04000059207223161,logoff_count (z=1.73),7,7,7,1.1428571428571428,0.0,0.0,0.0
JTM0223,2010-03-23,-0.04000059207223161,logon_count (z=1.83),8,7,7,1.125,0.0,0.0,0.0
JTM0223,2010-05-27,-0.04000059207223161,unique_pcs (z=1.71),7,7,7,1.1428571428571428,0.0,0.0,0.0
BSS0369,2010-04-05,-0.039966680048059255,device_connects (z=-0.86),3,3,3,1.3333333333333333,10.0,6.0,6.0
BMG0917,2011-03-02,-0.03992960283902558,logoff_count (z=4.28),3,2,1,1.0,9.0,25.0,25.0
CLB0774,2010-11-24,-0.03992960283902558,logon_count (z=4.07),3,2,1,1.0,9.0,25.0,25.0
EIS0041,2010-08-06,-0.03992135823764631,logon_count (z=0.81),6,5,5,0.6666666666666666,4.0,5.0,5.0
AJF0370,2010-10-28,-0.039877770191230844,after_hours_ratio (z=-2.47),3,2,2,0.0,10.0,31.0,31.0
BSS0369,2010-04-23,-0.039835177960447665,file_count (z=-0.91),4,4,4,1.0,11.0,4.0,4.0
IBB0359,2010-08-30,-0.03978335193721483,logoff_count (z=-0.70),4,3,3,1.0,11.0,6.0,6.0
CCA0046,2010-02-18,-0.039716775466550835,after_hours_ratio (z=1.05),4,4,4,1.5,3.0,10.0,10.0
THR0873,2011-02-10,-0.03967971079836197,after_hours_ratio (z=3.99),2,2,1,1.0,6.0,27.0,27.0
BMG0917,2011-04-06,-0.03964909948678941,after_hours_ratio (z=5.23),1,2,1,2.0,9.0,20.0,20.0
BDV0168,2010-07-30,-0.03963712998646196,logon_count (z=9.64),3,3,1,1.3333333333333333,6.0,15.0,15.0
BSS0369,2010-09-16,-0.03958531785767183,file_count (z=-1.23),4,4,4,1.0,11.0,2.0,2.0
CCA0046,2010-06-03,-0.039429903280168266,after_hours_ratio (z=1.05),4,4,4,1.5,2.0,10.0,10.0
EIS0041,2010-12-01,-0.03938733687062945,after_hours_ratio (z=-1.36),5,4,4,0.4,5.0,11.0,11.0
GTD0219,2010-02-02,-0.03933554226656344,file_count (z=0.88),3,3,3,1.3333333333333333,3.0,17.0,17.0
IBB0359,2010-07-26,-0.03928375129624917,logoff_count (z=-0.70),4,3,3,1.0,10.0,6.0,6.0
WDD0366,2010-10-12,-0.03923418359419806,logon_count (z=1.52),7,6,6,0.8571428571428571,0.0,0.0,0.0
WDD0366,2010-02-18,-0.03923418359419806,logon_count (z=1.52),7,6,6,0.8571428571428571,0.0,0.0,0.0
DMG0358,2010-09-16,-0.03923418359419806,logon_count (z=1.47),7,6,6,0.8571428571428571,0.0,0.0,0.0
DMG0358,2010-03-31,-0.03923418359419806,logon_count (z=1.47),7,6,6,0.8571428571428571,0.0,0.0,0.0
DMG0358,2010-10-06,-0.03923418359419806,logon_count (z=1.47),7,6,6,0.8571428571428571,0.0,0.0,0.0
LBC0356,2011-04-20,-0.03923418359419806,logon_count (z=1.51),7,6,6,0.8571428571428571,0.0,0.0,0.0
DMG0358,2010-07-20,-0.03923418359419806,logon_count (z=1.47),7,6,6,0.8571428571428571,0.0,0.0,0.0
LBC0356,2011-02-02,-0.03923418359419806,logon_count (z=1.51),7,6,6,0.8571428571428571,0.0,0.0,0.0
LBC0356,2011-01-28,-0.03923418359419806,logon_count (z=1.51),7,6,6,0.8571428571428571,0.0,0.0,0.0
LBC0356,2011-03-08,-0.03923418359419806,logon_count (z=1.51),7,6,6,0.8571428571428571,0.0,0.0,0.0
WDD0366,2010-02-19,-0.03923418359419806,logon_count (z=1.52),7,6,6,0.8571428571428571,0.0,0.0,0.0
DMG0358,2010-11-18,-0.03923418359419806,logon_count (z=1.47),7,6,6,0.8571428571428571,0.0,0.0,0.0
DMG0358,2010-04-13,-0.03923418359419806,logon_count (z=1.47),7,6,6,0.8571428571428571,0.0,0.0,0.0
DMG0358,2011-04-29,-0.03923418359419806,logon_count (z=1.47),7,6,6,0.8571428571428571,0.0,0.0,0.0
DMG0358,2010-05-14,-0.03923418359419806,logon_count (z=1.47),7,6,6,0.8571428571428571,0.0,0.0,0.0
DMG0358,2010-07-15,-0.03923418359419806,logon_count (z=1.47),7,6,6,0.8571428571428571,0.0,0.0,0.0
JTM0223,2010-01-20,-0.03923418359419806,logon_count (z=1.16),7,6,6,0.8571428571428571,0.0,0.0,0.0
LBC0356,2010-04-22,-0.03923418359419806,logon_count (z=1.51),7,6,6,0.8571428571428571,0.0,0.0,0.0
LBC0356,2010-08-11,-0.03923418359419806,logon_count (z=1.51),7,6,6,0.8571428571428571,0.0,0.0,0.0
CBB0365,2010-04-21,-0.03923418359419806,logon_count (z=1.25),7,6,6,0.8571428571428571,0.0,0.0,0.0
CBB0365,2010-02-02,-0.03923418359419806,logon_count (z=1.25),7,6,6,0.8571428571428571,0.0,0.0,0.0
LBC0356,2010-06-15,-0.03923418359419806,logon_count (z=1.51),7,6,6,0.8571428571428571,0.0,0.0,0.0
LBC0356,2010-05-12,-0.03923418359419806,logon_count (z=1.51),7,6,6,0.8571428571428571,0.0,0.0,0.0
DMG0358,2010-02-02,-0.03923418359419806,logon_count (z=1.47),7,6,6,0.8571428571428571,0.0,0.0,0.0
DMG0358,2011-03-11,-0.03923418359419806,logon_count (z=1.47),7,6,6,0.8571428571428571,0.0,0.0,0.0
LBC0356,2011-01-18,-0.03923418359419806,logon_count (z=1.51),7,6,6,0.8571428571428571,0.0,0.0,0.0
DMG0358,2010-05-11,-0.03923418359419806,logon_count (z=1.47),7,6,6,0.8571428571428571,0.0,0.0,0.0
LBC0356,2010-12-27,-0.03923418359419806,logon_count (z=1.51),7,6,6,0.8571428571428571,0.0,0.0,0.0
DMG0358,2010-11-11,-0.03923418359419806,logon_count (z=1.47),7,6,6,0.8571428571428571,0.0,0.0,0.0
WDD0366,2010-03-03,-0.03923418359419806,logon_count (z=1.52),7,6,6,0.8571428571428571,0.0,0.0,0.0
LBC0356,2010-06-25,-0.03923418359419806,logon_count (z=1.51),7,6,6,0.8571428571428571,0.0,0.0,0.0
WDD0366,2010-05-17,-0.03923418359419806,logon_count (z=1.52),7,6,6,0.8571428571428571,0.0,0.0,0.0
CBB0365,2010-07-07,-0.03923418359419806,logon_count (z=1.25),7,6,6,0.8571428571428571,0.0,0.0,0.0
JTM0223,2010-02-18,-0.03923418359419806,logon_count (z=1.16),7,6,6,0.8571428571428571,0.0,0.0,0.0
CBB0365,2010-10-14,-0.03923418359419806,logon_count (z=1.25),7,6,6,0.8571428571428571,0.0,0.0,0.0
CBB0365,2011-04-01,-0.03923418359419806,logon_count (z=1.25),7,6,6,0.8571428571428571,0.0,0.0,0.0
CBB0365,2010-07-14,-0.03923418359419806,logon_count (z=1.25),7,6,6,0.8571428571428571,0.0,0.0,0.0
WDD0366,2010-07-09,-0.03923418359419806,logon_count (z=1.52),7,6,6,0.8571428571428571,0.0,0.0,0.0
LBC0356,2010-03-03,-0.03923418359419806,logon_count (z=1.51),7,6,6,0.8571428571428571,0.0,0.0,0.0
CBB0365,2010-02-25,-0.03923418359419806,logon_count (z=1.25),7,6,6,0.8571428571428571,0.0,0.0,0.0
LBC0356,2010-09-13,-0.03923418359419806,logon_count (z=1.51),7,6,6,0.8571428571428571,0.0,0.0,0.0
LBC0356,2010-02-16,-0.03923418359419806,logon_count (z=1.51),7,6,6,0.8571428571428571,0.0,0.0,0.0
JTM0223,2010-03-30,-0.03923418359419806,logon_count (z=1.16),7,6,6,0.8571428571428571,0.0,0.0,0.0
JTM0223,2010-02-19,-0.03923418359419806,logon_count (z=1.16),7,6,6,0.8571428571428571,0.0,0.0,0.0
JTM0223,2010-04-07,-0.03923418359419806,logon_count (z=1.16),7,6,6,0.8571428571428571,0.0,0.0,0.0
CBB0365,2010-06-03,-0.03923418359419806,logon_count (z=1.25),7,6,6,0.8571428571428571,0.0,0.0,0.0
CBB0365,2010-08-06,-0.03923418359419806,logon_count (z=1.25),7,6,6,0.8571428571428571,0.0,0.0,0.0
CBB0365,2010-10-05,-0.03923418359419806,logon_count (z=1.25),7,6,6,0.8571428571428571,0.0,0.0,0.0
WDD0366,2010-01-07,-0.03923418359419806,logon_count (z=1.52),7,6,6,0.8571428571428571,0.0,0.0,0.0
WDD0366,2010-01-13,-0.03923418359419806,logon_count (z=1.52),7,6,6,0.8571428571428571,0.0,0.0,0.0
WDD0366,2010-08-24,-0.03923418359419806,logon_count (z=1.52),7,6,6,0.8571428571428571,0.0,0.0,0.0
LBC0356,2010-11-19,-0.03923418359419806,logon_count (z=1.51),7,6,6,0.8571428571428571,0.0,0.0,0.0
MOS0047,2010-03-18,-0.03917466570755512,device_connects (z=-0.49),5,4,4,0.8,4.0,10.0,10.0
HDS0367,2010-07-14,-0.03917466570755512,after_hours_ratio (z=-0.35),5,4,4,0.8,4.0,10.0,10.0
AJF0370,2010-01-22,-0.03912840018526731,after_hours_ratio (z=-2.47),3,2,2,0.0,10.0,29.0,29.0
CCA0046,2010-05-20,-0.039111489110915554,after_hours_ratio (z=1.05),4,4,4,1.5,4.0,9.0,9.0
AJF0370,2010-12-07,-0.03908585115853769,logoff_count (z=-1.44),3,2,2,0.6666666666666666,10.0,19.0,19.0
HSB0196,2011-02-03,-0.03893054169684651,after_hours_ratio (z=5.07),2,2,1,1.0,7.0,27.0,27.0
BJM0111,2011-04-26,-0.03893054169684651,logoff_count (z=2.35),2,2,1,1.0,7.0,27.0,27.0
HSB0196,2010-07-23,-0.03893054169684651,after_hours_ratio (z=5.07),2,2,1,1.0,7.0,27.0,27.0
HSB0196,2010-10-12,-0.03893054169684651,after_hours_ratio (z=5.07),2,2,1,1.0,7.0,27.0,27.0
HSB0196,2010-09-15,-0.03893054169684651,after_hours_ratio (z=5.07),2,2,1,1.0,7.0,27.0,27.0
BAL0044,2011-05-16,-0.038888004077417104,after_hours_ratio (z=-2.36),5,4,4,0.0,5.0,11.0,11.0
BMG0917,2010-01-15,-0.03887877914013871,logoff_count (z=4.28),3,2,1,1.0,8.0,25.0,25.0
EIS0041,2010-05-21,-0.03883624450501921,logon_count (z=-1.22),3,3,3,1.3333333333333333,4.0,16.0,16.0
LBC0356,2010-05-14,-0.03875185683341187,logon_count (z=1.51),7,6,6,1.1428571428571428,0.0,0.0,0.0
LBC0356,2010-03-16,-0.03875185683341187,logon_count (z=1.51),7,6,6,1.1428571428571428,0.0,0.0,0.0
LBC0356,2010-11-03,-0.03875185683341187,logon_count (z=1.51),7,6,6,1.1428571428571428,0.0,0.0,0.0
LBC0356,2010-07-14,-0.03875185683341187,logon_count (z=1.51),7,6,6,1.1428571428571428,0.0,0.0,0.0
CBB0365,2010-01-29,-0.03875185683341187,logon_count (z=1.25),7,6,6,1.1428571428571428,0.0,0.0,0.0
CBB0365,2011-05-16,-0.03875185683341187,logon_count (z=1.25),7,6,6,1.1428571428571428,0.0,0.0,0.0
CBB0365,2010-04-22,-0.03875185683341187,logon_count (z=1.25),7,6,6,1.1428571428571428,0.0,0.0,0.0
LBC0356,2010-06-10,-0.03875185683341187,logon_count (z=1.51),7,6,6,1.1428571428571428,0.0,0.0,0.0
CBB0365,2010-04-09,-0.03875185683341187,logon_count (z=1.25),7,6,6,1.1428571428571428,0.0,0.0,0.0
WDD0366,2011-02-10,-0.03875185683341187,logon_count (z=1.52),7,6,6,1.1428571428571428,0.0,0.0,0.0
DMG0358,2011-04-19,-0.03875185683341187,logon_count (z=1.47),7,6,6,1.1428571428571428,0.0,0.0,0.0
LBC0356,2010-04-28,-0.03875185683341187,logon_count (z=1.51),7,6,6,1.1428571428571428,0.0,0.0,0.0
LBC0356,2010-05-06,-0.03875185683341187,logon_count (z=1.51),7,6,6,1.1428571428571428,0.0,0.0,0.0
WDD0366,2010-05-26,-0.03875185683341187,logon_count (z=1.52),7,6,6,1.1428571428571428,0.0,0.0,0.0
DMG0358,2010-04-29,-0.03875185683341187,logon_count (z=1.47),7,6,6,1.1428571428571428,0.0,0.0,0.0
DMG0358,2010-07-07,-0.03875185683341187,logon_count (z=1.47),7,6,6,1.1428571428571428,0.0,0.0,0.0
DMG0358,2010-09-28,-0.03875185683341187,logon_count (z=1.47),7,6,6,1.1428571428571428,0.0,0.0,0.0
DMG0358,2010-06-16,-0.03875185683341187,logon_count (z=1.47),7,6,6,1.1428571428571428,0.0,0.0,0.0
DMG0358,2010-10-14,-0.03875185683341187,logon_count (z=1.47),7,6,6,1.1428571428571428,0.0,0.0,0.0
WDD0366,2010-06-10,-0.03875185683341187,logon_count (z=1.52),7,6,6,1.1428571428571428,0.0,0.0,0.0
DMG0358,2010-02-09,-0.03875185683341187,logon_count (z=1.47),7,6,6,1.1428571428571428,0.0,0.0,0.0
DMG0358,2011-03-03,-0.03875185683341187,logon_count (z=1.47),7,6,6,1.1428571428571428,0.0,0.0,0.0
DMG0358,2010-05-04,-0.03875185683341187,logon_count (z=1.47),7,6,6,1.1428571428571428,0.0,0.0,0.0
DMG0358,2010-01-29,-0.03875185683341187,logon_count (z=1.47),7,6,6,1.1428571428571428,0.0,0.0,0.0
CBB0365,2010-07-23,-0.03875185683341187,logon_count (z=1.25),7,6,6,1.1428571428571428,0.0,0.0,0.0
JTM0223,2010-05-04,-0.03875185683341187,logon_count (z=1.16),7,6,6,1.1428571428571428,0.0,0.0,0.0
WDD0366,2010-07-21,-0.03875185683341187,logon_count (z=1.52),7,6,6,1.1428571428571428,0.0,0.0,0.0
CBB0365,2010-12-06,-0.03875185683341187,logon_count (z=1.25),7,6,6,1.1428571428571428,0.0,0.0,0.0
JTM0223,2010-05-21,-0.03875185683341187,logon_count (z=1.16),7,6,6,1.1428571428571428,0.0,0.0,0.0
CBB0365,2010-03-15,-0.03875185683341187,logon_count (z=1.25),7,6,6,1.1428571428571428,0.0,0.0,0.0
WDD0366,2010-11-22,-0.03875185683341187,logon_count (z=1.52),7,6,6,1.1428571428571428,0.0,0.0,0.0
WDD0366,2011-03-14,-0.03875185683341187,logon_count (z=1.52),7,6,6,1.1428571428571428,0.0,0.0,0.0
CBB0365,2011-04-29,-0.03875185683341187,logon_count (z=1.25),7,6,6,1.1428571428571428,0.0,0.0,0.0
CBB0365,2011-03-10,-0.03875185683341187,logon_count (z=1.25),7,6,6,1.1428571428571428,0.0,0.0,0.0
CBB0365,2011-01-21,-0.03875185683341187,logon_count (z=1.25),7,6,6,1.1428571428571428,0.0,0.0,0.0
CBB0365,2010-02-09,-0.03875185683341187,logon_count (z=1.25),7,6,6,1.1428571428571428,0.0,0.0,0.0
JTM0223,2010-06-17,-0.03875185683341187,logon_count (z=1.16),7,6,6,1.1428571428571428,0.0,0.0,0.0
CBB0365,2011-04-19,-0.03875185683341187,logon_count (z=1.25),7,6,6,1.1428571428571428,0.0,0.0,0.0
JTM0223,2010-02-12,-0.03875185683341187,logon_count (z=1.16),7,6,6,1.1428571428571428,0.0,0.0,0.0
LBC0356,2010-04-26,-0.03875185683341187,logon_count (z=1.51),7,6,6,1.1428571428571428,0.0,0.0,0.0
JTM0223,2010-02-04,-0.03875185683341187,logon_count (z=1.16),7,6,6,1.1428571428571428,0.0,0.0,0.0
DMG0358,2010-04-20,-0.03875185683341187,logon_count (z=1.47),7,6,6,1.1428571428571428,0.0,0.0,0.0
DMG0358,2010-11-12,-0.03875185683341187,logon_count (z=1.47),7,6,6,1.1428571428571428,0.0,0.0,0.0
DMG0358,2010-07-16,-0.03875185683341187,logon_count (z=1.47),7,6,6,1.1428571428571428,0.0,0.0,0.0
DMG0358,2010-08-04,-0.03875185683341187,logon_count (z=1.47),7,6,6,1.1428571428571428,0.0,0.0,0.0
DMG0358,2010-04-01,-0.03875185683341187,logon_count (z=1.47),7,6,6,1.1428571428571428,0.0,0.0,0.0
DMG0358,2011-04-20,-0.03875185683341187,logon_count (z=1.47),7,6,6,1.1428571428571428,0.0,0.0,0.0
DMG0358,2010-09-03,-0.03875185683341187,logon_count (z=1.47),7,6,6,1.1428571428571428,0.0,0.0,0.0
DMG0358,2010-09-01,-0.03875185683341187,logon_count (z=1.47),7,6,6,1.1428571428571428,0.0,0.0,0.0
LBC0356,2011-03-14,-0.03875185683341187,logon_count (z=1.51),7,6,6,1.1428571428571428,0.0,0.0,0.0
WDD0366,2010-04-09,-0.03875185683341187,logon_count (z=1.52),7,6,6,1.1428571428571428,0.0,0.0,0.0
DMG0358,2010-07-09,-0.03875185683341187,logon_count (z=1.47),7,6,6,1.1428571428571428,0.0,0.0,0.0
DMG0358,2011-01-10,-0.03875185683341187,logon_count (z=1.47),7,6,6,1.1428571428571428,0.0,0.0,0.0
DMG0358,2011-01-19,-0.03875185683341187,logon_count (z=1.47),7,6,6,1.1428571428571428,0.0,0.0,0.0
LBC0356,2011-04-11,-0.03875185683341187,logon_count (z=1.51),7,6,6,1.1428571428571428,0.0,0.0,0.0
DMG0358,2010-09-09,-0.03875185683341187,logon_count (z=1.47),7,6,6,1.1428571428571428,0.0,0.0,0.0
DMG0358,2010-04-30,-0.03875185683341187,logon_count (z=1.47),7,6,6,1.1428571428571428,0.0,0.0,0.0
WDD0366,2010-09-13,-0.03875185683341187,logon_count (z=1.52),7,6,6,1.1428571428571428,0.0,0.0,0.0
WDD0366,2010-10-13,-0.03875185683341187,logon_count (z=1.52),7,6,6,1.1428571428571428,0.0,0.0,0.0
WDD0366,2010-10-05,-0.03875185683341187,logon_count (z=1.52),7,6,6,1.1428571428571428,0.0,0.0,0.0
WDD0366,2010-10-25,-0.03875185683341187,logon_count (z=1.52),7,6,6,1.1428571428571428,0.0,0.0,0.0
CBB0365,2010-09-13,-0.03875185683341187,logon_count (z=1.25),7,6,6,1.1428571428571428,0.0,0.0,0.0
CBB0365,2010-09-20,-0.03875185683341187,logon_count (z=1.25),7,6,6,1.1428571428571428,0.0,0.0,0.0
CBB0365,2010-09-10,-0.03875185683341187,logon_count (z=1.25),7,6,6,1.1428571428571428,0.0,0.0,0.0
CBB0365,2010-07-01,-0.03875185683341187,logon_count (z=1.25),7,6,6,1.1428571428571428,0.0,0.0,0.0
CBB0365,2010-05-03,-0.03875185683341187,logon_count (z=1.25),7,6,6,1.1428571428571428,0.0,0.0,0.0
JTM0223,2010-05-26,-0.03875185683341187,logon_count (z=1.16),7,6,6,1.1428571428571428,0.0,0.0,0.0
CBB0365,2010-11-17,-0.03875185683341187,logon_count (z=1.25),7,6,6,1.1428571428571428,0.0,0.0,0.0
WDD0366,2010-06-11,-0.03875185683341187,logon_count (z=1.52),7,6,6,1.1428571428571428,0.0,0.0,0.0
CBB0365,2011-05-02,-0.03875185683341187,logon_count (z=1.25),7,6,6,1.1428571428571428,0.0,0.0,0.0
CBB0365,2011-02-21,-0.03875185683341187,logon_count (z=1.25),7,6,6,1.1428571428571428,0.0,0.0,0.0
CBB0365,2011-05-03,-0.03875185683341187,logon_count (z=1.25),7,6,6,1.1428571428571428,0.0,0.0,0.0
LBC0356,2010-03-15,-0.03875185683341187,logon_count (z=1.51),7,6,6,1.1428571428571428,0.0,0.0,0.0
CBB0365,2010-05-28,-0.03875185683341187,logon_count (z=1.25),7,6,6,1.1428571428571428,0.0,0.0,0.0
CBB0365,2010-05-12,-0.03875185683341187,logon_count (z=1.25),7,6,6,1.1428571428571428,0.0,0.0,0.0
JTM0223,2010-04-27,-0.03875185683341187,logon_count (z=1.16),7,6,6,1.1428571428571428,0.0,0.0,0.0
CBB0365,2010-05-06,-0.03875185683341187,logon_count (z=1.25),7,6,6,1.1428571428571428,0.0,0.0,0.0
WDD0366,2010-08-16,-0.03875185683341187,logon_count (z=1.52),7,6,6,1.1428571428571428,0.0,0.0,0.0
CBB0365,2011-03-01,-0.03875185683341187,logon_count (z=1.25),7,6,6,1.1428571428571428,0.0,0.0,0.0
LBC0356,2010-09-30,-0.03875185683341187,logon_count (z=1.51),7,6,6,1.1428571428571428,0.0,0.0,0.0
WDD0366,2010-12-01,-0.03875185683341187,logon_count (z=1.52),7,6,6,1.1428571428571428,0.0,0.0,0.0
WDD0366,2010-01-22,-0.03875185683341187,logon_count (z=1.52),7,6,6,1.1428571428571428,0.0,0.0,0.0
CBB0365,2010-08-26,-0.03875185683341187,logon_count (z=1.25),7,6,6,1.1428571428571428,0.0,0.0,0.0
CBB0365,2011-03-11,-0.03875185683341187,logon_count (z=1.25),7,6,6,1.1428571428571428,0.0,0.0,0.0
CBB0365,2011-04-14,-0.03875185683341187,logon_count (z=1.25),7,6,6,1.1428571428571428,0.0,0.0,0.0
LBC0356,2011-01-20,-0.03875185683341187,logon_count (z=1.51),7,6,6,1.1428571428571428,0.0,0.0,0.0
HDS0367,2010-05-07,-0.03868098757457017,after_hours_ratio (z=1.77),5,5,5,1.6,4.0,0.0,0.0
CCA0046,2010-04-09,-0.03868098757457017,after_hours_ratio (z=1.30),5,5,5,1.6,4.0,0.0,0.0
BSS0369,2010-04-01,-0.03863846434289264,logon_count (z=-0.71),3,3,3,0.6666666666666666,11.0,11.0,11.0
BSS0369,2010-03-26,-0.03863846434289264,logon_count (z=-0.71),3,3,3,0.6666666666666666,11.0,11.0,11.0
MPM0220,2010-08-16,-0.03858672227744253,logoff_count (z=-1.44),3,2,2,0.6666666666666666,10.0,22.0,22.0
AJF0370,2010-04-29,-0.03858672227744253,logoff_count (z=-1.44),3,2,2,0.6666666666666666,10.0,22.0,22.0
AJF0370,2010-02-17,-0.03858672227744253,logoff_count (z=-1.44),3,2,2,0.6666666666666666,10.0,22.0,22.0
CLB0774,2011-03-08,-0.038431517860467834,logoff_count (z=2.04),2,2,1,1.0,9.0,27.0,27.0
BJM0111,2010-08-03,-0.038431517860467834,logoff_count (z=2.35),2,2,1,1.0,9.0,27.0,27.0
BJM0111,2010-07-20,-0.038431517860467834,logoff_count (z=2.35),2,2,1,1.0,9.0,27.0,27.0
THR0873,2010-03-30,-0.038431517860467834,after_hours_ratio (z=3.99),2,2,1,1.0,9.0,27.0,27.0
HSB0196,2010-02-08,-0.038431517860467834,after_hours_ratio (z=5.07),2,2,1,1.0,9.0,27.0,27.0
BJM0111,2011-02-17,-0.038431517860467834,logoff_count (z=2.35),2,2,1,1.0,9.0,27.0,27.0
GTD0219,2010-01-13,-0.03842600890592984,device_connects (z=0.58),4,4,4,1.0,5.0,11.0,11.0
EIS0041,2010-03-10,-0.03821361467055129,after_hours_ratio (z=0.79),5,4,4,1.2,3.0,10.0,10.0
BAL0044,2010-07-13,-0.03821361467055129,after_hours_ratio (z=0.79),5,4,4,1.2,3.0,10.0,10.0
EIS0041,2010-02-18,-0.03821361467055129,after_hours_ratio (z=0.79),5,4,4,1.2,3.0,10.0,10.0
BAJ0654,2010-11-03,-0.03816190241126027,after_hours_ratio (z=2.85),2,2,2,1.5,2.0,20.0,20.0
BSS0369,2010-03-21,-0.038139638055217806,file_count (z=-1.07),4,4,4,0.5,11.0,3.0,3.0
BSS0369,2010-05-19,-0.038139638055217806,device_connects (z=-0.86),3,3,3,0.6666666666666666,10.0,11.0,11.0
CCA0046,2010-03-25,-0.03812491577053878,file_count (z=0.54),4,4,4,1.0,4.0,12.0,12.0
BAL0044,2011-01-25,-0.037927326314079246,unique_pcs (z=-0.75),5,4,3,1.0,4.0,11.0,11.0
IBB0359,2010-06-30,-0.037927326314079246,after_hours_ratio (z=-1.03),4,3,3,0.5,11.0,10.0,10.0
BSS0369,2010-06-25,-0.03789035144498043,device_connects (z=-1.45),3,3,3,0.6666666666666666,9.0,14.0,14.0
MOS0047,2010-07-19,-0.03789035144498043,device_connects (z=0.91),5,4,4,0.8,7.0,3.0,3.0
HDS0367,2010-12-22,-0.03789035144498043,file_count (z=1.37),4,3,3,0.5,3.0,19.0,19.0
CBB0365,2010-10-20,-0.037737508717505475,logon_count (z=1.90),8,7,7,1.0,0.0,0.0,0.0
CBB0365,2010-05-07,-0.037737508717505475,logon_count (z=1.90),8,7,7,1.0,0.0,0.0,0.0
JTM0223,2010-05-07,-0.037737508717505475,logon_count (z=1.83),8,7,7,1.0,0.0,0.0,0.0
CBB0365,2010-08-19,-0.037737508717505475,logon_count (z=1.90),8,7,7,1.0,0.0,0.0,0.0
CBB0365,2011-02-14,-0.037737508717505475,logon_count (z=1.90),8,7,7,1.0,0.0,0.0,0.0
MOS0047,2010-02-15,-0.03766068233279596,file_count (z=-0.91),5,5,5,1.2,5.0,3.0,3.0
BAL0044,2010-08-13,-0.03758947705558102,file_count (z=1.12),4,3,3,1.0,3.0,16.0,16.0
EIS0041,2010-01-29,-0.03758947705558102,file_count (z=0.72),4,3,3,1.0,3.0,16.0,16.0
EIS0041,2010-02-05,-0.03758947705558102,file_count (z=0.72),4,3,3,1.0,3.0,16.0,16.0
MOS0047,2010-01-08,-0.03758164004273601,after_hours_ratio (z=0.90),5,4,4,1.2,5.0,8.0,8.0
IBB0359,2010-08-27,-0.03742898100993097,after_hours_ratio (z=-1.03),4,3,3,0.5,10.0,10.0,10.0
IBB0359,2010-05-13,-0.03742898100993097,after_hours_ratio (z=-1.03),4,3,3,0.5,10.0,10.0,10.0
DLM0051,2010-04-30,-0.03737732379814784,logoff_count (z=2.19),2,2,2,1.0,9.0,24.0,24.0
DLM0051,2010-05-23,-0.03737732379814784,logoff_count (z=2.19),2,2,2,1.0,9.0,24.0,24.0
DLM0051,2010-09-07,-0.03737732379814784,logoff_count (z=2.19),2,2,2,1.0,9.0,24.0,24.0
BMG0917,2010-12-10,-0.03728872553400542,logoff_count (z=4.28),3,2,1,1.0,9.0,22.0,22.0
HDS0367,2011-05-11,-0.03721415951586082,file_count (z=-0.88),6,5,5,1.0,4.0,4.0,4.0
EIS0041,2011-04-28,-0.03721415951586082,file_count (z=-0.89),6,5,5,1.0,4.0,4.0,4.0
DLM0051,2010-07-29,-0.03712829502999204,logoff_count (z=2.19),2,2,2,1.0,9.0,23.0,23.0
BMG0917,2010-10-01,-0.03698809683007853,logoff_count (z=4.28),3,2,1,1.0,8.0,22.0,22.0
EIS0041,2010-09-20,-0.03698809683007842,file_count (z=-1.42),6,5,5,1.3333333333333333,4.0,0.0,0.0
EIS0041,2011-03-02,-0.03698809683007842,file_count (z=-1.42),6,5,5,1.3333333333333333,4.0,0.0,0.0
HDS0367,2010-01-29,-0.036894047895803195,file_count (z=1.22),4,3,3,0.5,4.0,18.0,18.0
CCA0046,2010-03-11,-0.036842428213298195,after_hours_ratio (z=-1.45),4,4,4,0.5,4.0,12.0,12.0
WIF0691,2010-06-02,-0.03673919971247319,logoff_count (z=5.79),3,2,2,0.3333333333333333,7.0,27.0,27.0
DLM0051,2010-11-27,-0.03673919971247319,device_connects (z=-2.56),3,2,2,0.3333333333333333,7.0,27.0,27.0
HDS0367,2011-01-06,-0.036682094969164414,device_connects (z=-0.54),5,4,4,0.8,3.0,10.0,10.0
BAL0044,2010-05-11,-0.036682094969164414,device_connects (z=0.51),5,4,4,0.8,4.0,9.0,9.0
GTD0219,2010-05-17,-0.03667938247085323,file_count (z=-0.84),5,5,5,0.8,5.0,5.0,5.0
CCA0046,2010-01-27,-0.03661913173353204,after_hours_ratio (z=1.05),4,4,4,1.5,4.0,8.0,8.0
IBB0359,2010-07-02,-0.036610507033242534,file_count (z=-1.47),5,4,4,0.8,12.0,0.0,0.0
SBN0866,2011-04-05,-0.03654198176343659,logoff_count (z=3.52),2,2,1,1.0,2.0,27.0,27.0
SBN0866,2011-01-26,-0.03654198176343659,logoff_count (z=3.52),2,2,1,1.0,2.0,27.0,27.0
CBB0365,2010-12-13,-0.036492598171174784,logoff_count (z=1.73),7,7,7,1.0,0.0,0.0,0.0
BMG0917,2010-08-05,-0.03649038678081917,logoff_count (z=4.28),3,2,1,1.0,9.0,24.0,24.0
BAL0044,2010-12-15,-0.036470203099353005,after_hours_ratio (z=0.79),5,4,4,1.2,3.0,9.0,9.0
BAL0044,2010-09-21,-0.036470203099353005,after_hours_ratio (z=0.79),5,4,4,1.2,3.0,9.0,9.0
EIS0041,2010-06-23,-0.036470203099353005,after_hours_ratio (z=0.79),5,4,4,1.2,3.0,9.0,9.0
THR0873,2011-02-18,-0.03643879541794859,after_hours_ratio (z=3.99),2,2,1,1.0,8.0,27.0,27.0
HSB0196,2010-08-27,-0.03643879541794859,after_hours_ratio (z=5.07),2,2,1,1.0,7.0,26.0,26.0
CLB0774,2010-03-25,-0.03643879541794859,logoff_count (z=2.04),2,2,1,1.0,8.0,27.0,27.0
BJM0111,2010-08-25,-0.03643879541794859,logoff_count (z=2.35),2,2,1,1.0,8.0,27.0,27.0
BJM0111,2010-01-28,-0.03643879541794859,logoff_count (z=2.35),2,2,1,1.0,7.0,26.0,26.0
THR0873,2010-06-08,-0.03643879541794859,after_hours_ratio (z=3.99),2,2,1,1.0,8.0,27.0,27.0
THR0873,2010-11-09,-0.03643879541794859,after_hours_ratio (z=3.99),2,2,1,1.0,8.0,27.0,27.0
BJM0111,2010-12-16,-0.03634481668809775,logoff_count (z=2.35),2,2,1,1.0,10.0,22.0,22.0
BMG0917,2010-07-09,-0.03629323553798147,logoff_count (z=4.28),3,2,1,1.0,9.0,19.0,19.0
CLB0774,2010-06-02,-0.03619008409382429,logoff_count (z=2.04),2,2,1,1.0,9.0,26.0,26.0
BJM0111,2010-01-27,-0.03619008409382429,logoff_count (z=2.35),2,2,1,1.0,9.0,26.0,26.0
BMG0917,2011-02-24,-0.03619008409382429,logoff_count (z=4.28),2,2,1,1.0,9.0,26.0,26.0
CLB0774,2010-07-30,-0.03615961741783824,logoff_count (z=2.04),1,2,1,1.0,10.0,20.0,20.0
SBN0866,2011-02-10,-0.03615961741783824,logoff_count (z=3.52),1,2,1,1.0,2.0,27.0,27.0
SBN0866,2010-08-05,-0.03615961741783824,logoff_count (z=3.52),1,2,1,1.0,2.0,27.0,27.0
MPM0220,2010-08-30,-0.03613851379927557,after_hours_ratio (z=-2.32),3,2,2,0.0,10.0,27.0,27.0
AJF0370,2011-04-22,-0.03613851379927557,after_hours_ratio (z=-2.47),3,2,2,0.0,10.0,27.0,27.0
MPM0220,2010-06-11,-0.03613851379927557,after_hours_ratio (z=-2.32),3,2,2,0.0,10.0,27.0,27.0
DLM0051,2011-02-13,-0.035941456892809254,logon_count (z=2.34),3,2,2,0.3333333333333333,9.0,27.0,27.0
DLM0051,2010-05-11,-0.035941456892809254,logon_count (z=2.34),3,2,2,0.3333333333333333,9.0,27.0,27.0
DLM0051,2010-01-25,-0.035941456892809254,logon_count (z=2.34),3,2,2,0.3333333333333333,9.0,27.0,27.0
DLM0051,2010-06-24,-0.035941456892809254,logon_count (z=2.34),3,2,2,0.3333333333333333,9.0,27.0,27.0
DLM0051,2011-05-06,-0.035941456892809254,logon_count (z=2.34),3,2,2,0.3333333333333333,9.0,27.0,27.0
DLM0051,2010-11-16,-0.035941456892809254,logon_count (z=2.34),3,2,2,0.3333333333333333,9.0,27.0,27.0
DLM0051,2010-08-10,-0.035941456892809254,logon_count (z=2.34),3,2,2,0.3333333333333333,9.0,27.0,27.0
DLM0051,2010-03-06,-0.035941456892809254,logon_count (z=2.34),3,2,2,0.3333333333333333,9.0,27.0,27.0
CCA0046,2010-07-28,-0.0359332567963514,after_hours_ratio (z=-1.70),5,5,5,0.4,5.0,6.0,6.0
GTD0219,2010-05-24,-0.03591857858507452,file_count (z=-0.98),5,5,5,1.2,5.0,4.0,4.0
CCA0046,2010-02-19,-0.035754919206487545,after_hours_ratio (z=1.05),4,4,4,1.5,4.0,6.0,6.0
BAL0044,2011-01-31,-0.035754919206487545,after_hours_ratio (z=1.57),4,4,4,1.5,4.0,6.0,6.0
GTD0219,2010-04-05,-0.035754919206487545,after_hours_ratio (z=1.05),4,4,4,1.5,4.0,6.0,6.0
BJM0111,2010-11-10,-0.03574445281686556,logoff_count (z=2.35),2,2,1,1.0,7.0,25.0,25.0
EIS0041,2011-01-20,-0.035687425293874475,device_connects (z=-1.08),5,4,4,1.2,2.0,9.0,9.0
BAL0044,2010-03-22,-0.035687425293874475,device_connects (z=-0.85),5,4,4,1.2,2.0,9.0,9.0
JLM0364,2011-04-28,-0.0356719248373778,device_connects (z=18.25),6,6,5,0.8333333333333334,2.0,1.0,1.0
ILH0958,2010-11-17,-0.0356719248373778,logoff_count (z=2.95),3,3,3,0.0,1.0,26.0,26.0
THR0873,2010-06-24,-0.035610934438237596,after_hours_ratio (z=3.99),1,2,1,1.0,6.0,27.0,27.0
EIS0041,2010-03-12,-0.035506439193878525,after_hours_ratio (z=1.59),4,4,4,1.5,4.0,7.0,7.0
HDS0367,2010-01-11,-0.035506439193878525,after_hours_ratio (z=1.51),4,4,4,1.5,4.0,7.0,7.0
CCA0046,2010-03-19,-0.03547499302238444,device_connects (z=-1.04),5,5,5,0.8,2.0,8.0,8.0
MOS0047,2010-04-20,-0.035438968110132585,after_hours_ratio (z=-1.97),5,4,4,0.2,5.0,10.0,10.0
BSS0369,2010-02-08,-0.03542978629905413,after_hours_ratio (z=0.79),3,3,3,1.3333333333333333,11.0,5.0,5.0
IBB0359,2011-02-02,-0.03535060309989457,unique_pcs (z=-1.35),4,3,2,1.0,10.0,6.0,6.0
IBB0359,2011-03-14,-0.0353159885757689,file_count (z=-1.47),5,4,4,0.4,12.0,0.0,0.0
JTM0223,2010-05-06,-0.03524979156856589,logon_count (z=1.16),7,6,6,1.0,0.0,0.0,0.0
WDD0366,2010-01-20,-0.03524979156856589,logon_count (z=1.52),7,6,6,1.0,0.0,0.0,0.0
DMG0358,2011-03-16,-0.03524979156856589,logon_count (z=1.47),7,6,6,1.0,0.0,0.0,0.0
DMG0358,2010-10-26,-0.03524979156856589,logon_count (z=1.47),7,6,6,1.0,0.0,0.0,0.0
CBB0365,2010-03-31,-0.03524979156856589,logon_count (z=1.25),7,6,6,1.0,0.0,0.0,0.0
DMG0358,2010-07-30,-0.03524979156856589,logon_count (z=1.47),7,6,6,1.0,0.0,0.0,0.0
WDD0366,2010-09-21,-0.03524979156856589,logon_count (z=1.52),7,6,6,1.0,0.0,0.0,0.0
WDD0366,2010-01-27,-0.03524979156856589,logon_count (z=1.52),7,6,6,1.0,0.0,0.0,0.0
LBC0356,2010-09-27,-0.03524979156856589,logon_count (z=1.51),7,6,6,1.0,0.0,0.0,0.0
BAL0044,2010-09-10,-0.035217595738373464,after_hours_ratio (z=-1.93),6,5,5,0.16666666666666666,4.0,1.0,1.0
BAJ0654,2011-02-01,-0.03519727979247156,after_hours_ratio (z=2.85),2,2,2,1.5,1.0,23.0,23.0
BAJ0654,2011-01-24,-0.03519727979247156,after_hours_ratio (z=2.85),2,2,2,1.5,1.0,23.0,23.0
BJM0111,2010-06-01,-0.03505076586541278,logon_count (z=4.83),3,2,1,1.0,9.0,18.0,18.0
SBN0866,2010-07-09,-0.03505076586541278,logoff_count (z=3.52),2,2,1,1.0,3.0,27.0,27.0
BSS0369,2010-05-15,-0.034942305825673814,file_count (z=-1.23),4,4,4,0.5,12.0,2.0,2.0
MVH0373,2010-03-24,-0.03494025893413233,logon_count (z=1.63),6,6,6,0.6666666666666666,0.0,0.0,0.0
JAV0361,2010-05-28,-0.03494025893413233,logon_count (z=1.46),6,6,6,0.6666666666666666,0.0,0.0,0.0
TSM0363,2010-08-03,-0.03494025893413233,logon_count (z=1.35),6,6,6,0.6666666666666666,0.0,0.0,0.0
TSM0363,2010-10-25,-0.03494025893413233,logon_count (z=1.35),6,6,6,0.6666666666666666,0.0,0.0,0.0
TSM0363,2010-11-02,-0.03494025893413233,logon_count (z=1.35),6,6,6,0.6666666666666666,0.0,0.0,0.0
KRV0372,2010-03-25,-0.03494025893413233,logon_count (z=1.40),6,6,6,0.6666666666666666,0.0,0.0,0.0
LBC0356,2010-02-01,-0.03494025893413233,logoff_count (z=1.42),6,6,6,0.6666666666666666,0.0,0.0,0.0
KRV0372,2010-05-20,-0.03494025893413233,logon_count (z=1.40),6,6,6,0.6666666666666666,0.0,0.0,0.0
KSP0357,2010-01-18,-0.03494025893413233,logon_count (z=1.43),6,6,6,0.6666666666666666,0.0,0.0,0.0
KSP0357,2010-02-02,-0.03494025893413233,logon_count (z=1.43),6,6,6,0.6666666666666666,0.0,0.0,0.0
KRV0372,2011-03-09,-0.03494025893413233,logon_count (z=1.40),6,6,6,0.6666666666666666,0.0,0.0,0.0
KSP0357,2010-01-07,-0.03494025893413233,logon_count (z=1.43),6,6,6,0.6666666666666666,0.0,0.0,0.0
JRS0362,2010-05-20,-0.03494025893413233,logon_count (z=1.39),6,6,6,0.6666666666666666,0.0,0.0,0.0
TSM0363,2010-09-02,-0.03494025893413233,logon_count (z=1.35),6,6,6,0.6666666666666666,0.0,0.0,0.0
JAV0361,2011-02-17,-0.03494025893413233,logon_count (z=1.46),6,6,6,0.6666666666666666,0.0,0.0,0.0
ACC0042,2010-06-04,-0.03494025893413233,logon_count (z=1.51),6,6,6,0.6666666666666666,0.0,0.0,0.0
MNS0224,2010-11-18,-0.03494025893413233,logon_count (z=1.40),6,6,6,0.6666666666666666,0.0,0.0,0.0
KJP0371,2010-03-15,-0.03494025893413233,logon_count (z=1.39),6,6,6,0.6666666666666666,0.0,0.0,0.0
SAK0375,2010-06-11,-0.03494025893413233,logon_count (z=1.34),6,6,6,0.6666666666666666,0.0,0.0,0.0
KJP0371,2010-10-05,-0.03494025893413233,logon_count (z=1.39),6,6,6,0.6666666666666666,0.0,0.0,0.0
WPR0368,2010-05-31,-0.03494025893413233,logon_count (z=1.39),6,6,6,0.6666666666666666,0.0,0.0,0.0
KCF0045,2010-10-04,-0.03494025893413233,logon_count (z=1.39),6,6,6,0.6666666666666666,0.0,0.0,0.0
SAK0375,2010-02-24,-0.03494025893413233,logon_count (z=1.34),6,6,6,0.6666666666666666,0.0,0.0,0.0
JRS0362,2011-01-31,-0.03494025893413233,logon_count (z=1.39),6,6,6,0.6666666666666666,0.0,0.0,0.0
JLM0364,2011-03-18,-0.03494025893413233,unique_pcs (z=1.47),6,6,6,0.6666666666666666,0.0,0.0,0.0
MNS0224,2010-12-22,-0.03494025893413233,logon_count (z=1.40),6,6,6,0.6666666666666666,0.0,0.0,0.0
WPR0368,2010-02-07,-0.03494025893413233,logon_count (z=1.39),6,6,6,0.6666666666666666,0.0,0.0,0.0
SAK0375,2011-03-25,-0.03494025893413233,logon_count (z=1.34),6,6,6,0.6666666666666666,0.0,0.0,0.0
SAK0375,2010-06-28,-0.03494025893413233,logon_count (z=1.34),6,6,6,0.6666666666666666,0.0,0.0,0.0
SAK0375,2011-04-07,-0.03494025893413233,logon_count (z=1.34),6,6,6,0.6666666666666666,0.0,0.0,0.0
BBS0039,2010-07-08,-0.03494025893413233,unique_pcs (z=1.27),6,6,6,0.6666666666666666,0.0,0.0,0.0
BBS0039,2010-06-30,-0.03494025893413233,unique_pcs (z=1.27),6,6,6,0.6666666666666666,0.0,0.0,0.0
JRS0362,2011-03-23,-0.03494025893413233,logon_count (z=1.39),6,6,6,0.6666666666666666,0.0,0.0,0.0
JGT0221,2010-07-02,-0.03494025893413233,unique_pcs (z=1.19),6,6,6,0.6666666666666666,0.0,0.0,0.0
MSH0040,2010-01-15,-0.03494025893413233,logon_count (z=1.27),6,6,6,0.6666666666666666,0.0,0.0,0.0
BKW0374,2010-08-20,-0.03494025893413233,logon_count (z=1.52),6,6,6,0.6666666666666666,0.0,0.0,0.0
MSH0040,2010-02-09,-0.03494025893413233,logon_count (z=1.27),6,6,6,0.6666666666666666,0.0,0.0,0.0
KCF0045,2010-01-05,-0.03494025893413233,logon_count (z=1.39),6,6,6,0.6666666666666666,0.0,0.0,0.0
UIR0043,2010-09-02,-0.03494025893413233,logon_count (z=1.32),6,6,6,0.6666666666666666,0.0,0.0,0.0
KCF0045,2010-06-02,-0.03494025893413233,logon_count (z=1.39),6,6,6,0.6666666666666666,0.0,0.0,0.0
KCF0045,2010-03-02,-0.03494025893413233,logon_count (z=1.39),6,6,6,0.6666666666666666,0.0,0.0,0.0
KCF0045,2010-02-05,-0.03494025893413233,logon_count (z=1.39),6,6,6,0.6666666666666666,0.0,0.0,0.0
CSC0217,2010-04-22,-0.03494025893413233,unique_pcs (z=1.27),6,6,6,0.6666666666666666,0.0,0.0,0.0
MSH0040,2010-10-07,-0.03494025893413233,logon_count (z=1.27),6,6,6,0.6666666666666666,0.0,0.0,0.0
JGT0221,2010-02-03,-0.03494025893413233,unique_pcs (z=1.19),6,6,6,0.6666666666666666,0.0,0.0,0.0
CSC0217,2010-05-12,-0.03494025893413233,unique_pcs (z=1.27),6,6,6,0.6666666666666666,0.0,0.0,0.0
UIR0043,2010-09-08,-0.03494025893413233,logon_count (z=1.32),6,6,6,0.6666666666666666,0.0,0.0,0.0
BKW0374,2011-03-16,-0.03494025893413233,logon_count (z=1.52),6,6,6,0.6666666666666666,0.0,0.0,0.0
BKW0374,2010-05-12,-0.03494025893413233,logon_count (z=1.52),6,6,6,0.6666666666666666,0.0,0.0,0.0
SOB0360,2010-08-24,-0.03494025893413233,logon_count (z=1.51),6,6,6,0.6666666666666666,0.0,0.0,0.0
JGT0221,2010-06-30,-0.03494025893413233,unique_pcs (z=1.19),6,6,6,0.6666666666666666,0.0,0.0,0.0
JGT0221,2010-06-16,-0.03494025893413233,unique_pcs (z=1.19),6,6,6,0.6666666666666666,0.0,0.0,0.0
KCF0045,2010-12-07,-0.03494025893413233,logon_count (z=1.39),6,6,6,0.6666666666666666,0.0,0.0,0.0
JGT0221,2010-05-26,-0.03494025893413233,unique_pcs (z=1.19),6,6,6,0.6666666666666666,0.0,0.0,0.0
KCF0045,2010-04-16,-0.03494025893413233,logon_count (z=1.39),6,6,6,0.6666666666666666,0.0,0.0,0.0
KCF0045,2010-11-22,-0.03494025893413233,logon_count (z=1.39),6,6,6,0.6666666666666666,0.0,0.0,0.0
BKW0374,2010-02-02,-0.03494025893413233,logon_count (z=1.52),6,6,6,0.6666666666666666,0.0,0.0,0.0
BKW0374,2010-03-25,-0.03494025893413233,logon_count (z=1.52),6,6,6,0.6666666666666666,0.0,0.0,0.0
SOB0360,2010-05-20,-0.03494025893413233,logon_count (z=1.51),6,6,6,0.6666666666666666,0.0,0.0,0.0
JLM0364,2010-05-18,-0.03494025893413233,unique_pcs (z=1.47),6,6,6,0.6666666666666666,0.0,0.0,0.0
BKW0374,2010-01-20,-0.03494025893413233,logon_count (z=1.52),6,6,6,0.6666666666666666,0.0,0.0,0.0
JLM0364,2011-02-10,-0.03494025893413233,unique_pcs (z=1.47),6,6,6,0.6666666666666666,0.0,0.0,0.0
SOB0360,2010-06-30,-0.03494025893413233,logon_count (z=1.51),6,6,6,0.6666666666666666,0.0,0.0,0.0
SOB0360,2010-04-23,-0.03494025893413233,logon_count (z=1.51),6,6,6,0.6666666666666666,0.0,0.0,0.0
DFR0218,2011-02-17,-0.03494025893413233,logon_count (z=1.49),6,6,6,0.6666666666666666,0.0,0.0,0.0
LBC0356,2010-03-05,-0.03494025893413233,logoff_count (z=1.42),6,6,6,0.6666666666666666,0.0,0.0,0.0
QNP0216,2011-01-18,-0.03494025893413233,logon_count (z=1.40),6,6,6,0.6666666666666666,0.0,0.0,0.0
WPR0368,2011-03-08,-0.03494025893413233,logon_count (z=1.39),6,6,6,0.6666666666666666,0.0,0.0,0.0
ACC0042,2011-04-27,-0.03494025893413233,logon_count (z=1.51),6,6,6,0.6666666666666666,0.0,0.0,0.0
WPR0368,2011-03-01,-0.03494025893413233,logon_count (z=1.39),6,6,6,0.6666666666666666,0.0,0.0,0.0
KJP0371,2011-03-15,-0.03494025893413233,logon_count (z=1.39),6,6,6,0.6666666666666666,0.0,0.0,0.0
QNP0216,2011-01-03,-0.03494025893413233,logon_count (z=1.40),6,6,6,0.6666666666666666,0.0,0.0,0.0
DFR0218,2011-01-19,-0.03494025893413233,logon_count (z=1.49),6,6,6,0.6666666666666666,0.0,0.0,0.0
JCC0225,2010-07-07,-0.03494025893413233,logon_count (z=1.43),6,6,6,0.6666666666666666,0.0,0.0,0.0
UIR0043,2010-03-29,-0.03494025893413233,logon_count (z=1.32),6,6,6,0.6666666666666666,0.0,0.0,0.0
JCC0225,2010-07-15,-0.03494025893413233,logon_count (z=1.43),6,6,6,0.6666666666666666,0.0,0.0,0.0
UIR0043,2010-06-15,-0.03494025893413233,logon_count (z=1.32),6,6,6,0.6666666666666666,0.0,0.0,0.0
UIR0043,2010-02-15,-0.03494025893413233,logon_count (z=1.32),6,6,6,0.6666666666666666,0.0,0.0,0.0
DFR0218,2010-03-19,-0.03494025893413233,logon_count (z=1.49),6,6,6,0.6666666666666666,0.0,0.0,0.0
JCC0225,2010-09-10,-0.03494025893413233,logon_count (z=1.43),6,6,6,0.6666666666666666,0.0,0.0,0.0
QNP0216,2011-02-15,-0.03494025893413233,logon_count (z=1.40),6,6,6,0.6666666666666666,0.0,0.0,0.0
QNP0216,2010-11-22,-0.03494025893413233,logon_count (z=1.40),6,6,6,0.6666666666666666,0.0,0.0,0.0
KSP0357,2010-08-19,-0.03494025893413233,logon_count (z=1.43),6,6,6,0.6666666666666666,0.0,0.0,0.0
MSO0222,2010-05-24,-0.03494025893413233,unique_pcs (z=1.42),6,6,6,0.6666666666666666,0.0,0.0,0.0
ACC0042,2011-02-14,-0.03494025893413233,logon_count (z=1.51),6,6,6,0.6666666666666666,0.0,0.0,0.0
MVH0373,2010-01-13,-0.03494025893413233,logon_count (z=1.63),6,6,6,0.6666666666666666,0.0,0.0,0.0
MSO0222,2010-08-13,-0.03494025893413233,unique_pcs (z=1.42),6,6,6,0.6666666666666666,0.0,0.0,0.0
UIR0043,2010-01-15,-0.03494025893413233,logon_count (z=1.32),6,6,6,0.6666666666666666,0.0,0.0,0.0
CBB0365,2010-09-15,-0.03494025893413233,logoff_count (z=1.08),6,6,6,0.6666666666666666,0.0,0.0,0.0
JRS0362,2010-02-09,-0.03494025893413233,logon_count (z=1.39),6,6,6,0.6666666666666666,0.0,0.0,0.0
SAK0375,2010-11-30,-0.03494025893413233,logon_count (z=1.34),6,6,6,0.6666666666666666,0.0,0.0,0.0
WPR0368,2010-09-30,-0.03494025893413233,logon_count (z=1.39),6,6,6,0.6666666666666666,0.0,0.0,0.0
KSP0357,2010-10-08,-0.03494025893413233,logon_count (z=1.43),6,6,6,0.6666666666666666,0.0,0.0,0.0
KRV0372,2010-07-27,-0.03494025893413233,logon_count (z=1.40),6,6,6,0.6666666666666666,0.0,0.0,0.0
KSP0357,2010-11-11,-0.03494025893413233,logon_count (z=1.43),6,6,6,0.6666666666666666,0.0,0.0,0.0
JAV0361,2010-09-13,-0.03494025893413233,logon_count (z=1.46),6,6,6,0.6666666666666666,0.0,0.0,0.0
SAK0375,2010-09-21,-0.03494025893413233,logon_count (z=1.34),6,6,6,0.6666666666666666,0.0,0.0,0.0
SAK0375,2010-07-13,-0.03494025893413233,logon_count (z=1.34),6,6,6,0.6666666666666666,0.0,0.0,0.0
DMG0358,2010-01-22,-0.03494025893413233,logoff_count (z=1.37),6,6,6,0.6666666666666666,0.0,0.0,0.0
MSH0040,2010-07-16,-0.03494025893413233,logon_count (z=1.27),6,6,6,0.6666666666666666,0.0,0.0,0.0
UIR0043,2010-07-19,-0.03494025893413233,logon_count (z=1.32),6,6,6,0.6666666666666666,0.0,0.0,0.0
KJP0371,2011-04-05,-0.03494025893413233,logon_count (z=1.39),6,6,6,0.6666666666666666,0.0,0.0,0.0
WPR0368,2010-09-05,-0.03494025893413233,logon_count (z=1.39),6,6,6,0.6666666666666666,0.0,0.0,0.0
UIR0043,2010-07-13,-0.03494025893413233,logon_count (z=1.32),6,6,6,0.6666666666666666,0.0,0.0,0.0
WPR0368,2010-05-14,-0.03494025893413233,logon_count (z=1.39),6,6,6,0.6666666666666666,0.0,0.0,0.0
KJP0371,2010-07-14,-0.03494025893413233,logon_count (z=1.39),6,6,6,0.6666666666666666,0.0,0.0,0.0
WPR0368,2010-11-14,-0.03494025893413233,logon_count (z=1.39),6,6,6,0.6666666666666666,0.0,0.0,0.0
WPR0368,2010-07-04,-0.03494025893413233,logon_count (z=1.39),6,6,6,0.6666666666666666,0.0,0.0,0.0
KJP0371,2010-08-03,-0.03494025893413233,logon_count (z=1.39),6,6,6,0.6666666666666666,0.0,0.0,0.0
CBB0365,2010-03-01,-0.03494025893413233,logoff_count (z=1.08),6,6,6,0.6666666666666666,0.0,0.0,0.0
HDS0367,2010-02-19,-0.03490548075246236,device_connects (z=1.17),5,4,4,1.0,6.0,5.0,5.0
IBB0359,2010-10-20,-0.03481940946943829,file_count (z=-1.47),5,4,4,0.4,11.0,0.0,0.0
AJF0370,2010-04-12,-0.03480252402277295,device_connects (z=-1.59),3,2,2,0.6666666666666666,9.0,24.0,24.0
DLM0051,2011-03-27,-0.03480252402277295,logon_count (z=2.34),3,2,2,0.6666666666666666,9.0,24.0,24.0
IBB0359,2011-02-08,-0.034751051075212924,logoff_count (z=-0.70),4,3,3,1.0,11.0,5.0,5.0
IBB0359,2010-05-18,-0.03469410066811773,logon_count (z=-1.15),3,3,3,0.6666666666666666,11.0,10.0,10.0
BSS0369,2010-01-16,-0.03469410066811773,logon_count (z=-0.71),3,3,3,0.6666666666666666,11.0,10.0,10.0
MPM0220,2010-09-03,-0.034605825292223114,file_count (z=-2.10),3,2,2,0.6666666666666666,10.0,16.0,16.0
AJF0370,2010-08-18,-0.034605825292223114,device_connects (z=-1.59),3,2,2,0.6666666666666666,9.0,21.0,21.0
MPM0220,2010-08-06,-0.034605825292223114,file_count (z=-2.10),3,2,2,0.6666666666666666,10.0,16.0,16.0
AJF0370,2010-05-13,-0.034605825292223114,device_connects (z=-1.59),3,2,2,0.6666666666666666,9.0,21.0,21.0
DLM0051,2010-12-14,-0.034605825292223114,logon_count (z=2.34),3,2,2,0.6666666666666666,9.0,21.0,21.0
BSS0369,2010-05-24,-0.034451458679292335,device_connects (z=-1.45),3,3,3,1.3333333333333333,9.0,7.0,7.0
EIS0041,2011-04-11,-0.0344459794624673,device_connects (z=-0.49),5,4,4,0.8,3.0,9.0,9.0
EIS0041,2011-02-11,-0.0344459794624673,device_connects (z=-0.49),5,4,4,0.8,3.0,9.0,9.0
BAL0044,2010-08-31,-0.03431313597529961,file_count (z=-0.93),6,5,5,1.0,4.0,2.0,2.0
IBB0359,2010-02-10,-0.03425485406858775,logoff_count (z=-0.70),4,3,3,1.0,10.0,5.0,5.0
BSS0369,2010-06-27,-0.03419794218032668,device_connects (z=-0.86),3,3,3,0.6666666666666666,10.0,10.0,10.0
IBB0359,2010-10-15,-0.034146511648387334,after_hours_ratio (z=-1.03),4,3,3,0.5,11.0,9.0,9.0
IBB0359,2010-02-01,-0.034146511648387334,after_hours_ratio (z=-1.03),4,3,3,0.5,11.0,9.0,9.0
BAL0044,2010-04-16,-0.03413519158513534,after_hours_ratio (z=1.57),4,4,4,1.5,3.0,8.0,8.0
AJF0370,2010-11-08,-0.03405830216714634,device_connects (z=-1.59),3,2,2,0.6666666666666666,9.0,23.0,23.0
BJM0111,2010-06-02,-0.03397650524378315,logoff_count (z=2.35),1,2,1,1.0,6.0,20.0,20.0
MPM0220,2010-10-01,-0.03386180296083663,file_count (z=-1.53),3,2,2,0.6666666666666666,9.0,20.0,20.0
CCA0046,2010-05-21,-0.03386180296083663,after_hours_ratio (z=-2.70),4,4,4,0.0,4.0,12.0,12.0
EIS0041,2011-04-05,-0.03386180296083663,after_hours_ratio (z=-1.09),4,4,4,0.5,2.0,12.0,12.0
AJF0370,2011-01-06,-0.03386180296083663,device_connects (z=-1.59),3,2,2,0.6666666666666666,9.0,20.0,20.0
AJF0370,2011-01-31,-0.03386180296083663,device_connects (z=-1.59),3,2,2,0.6666666666666666,9.0,20.0,20.0
AJF0370,2010-12-30,-0.03386180296083663,device_connects (z=-1.59),3,2,2,0.6666666666666666,9.0,20.0,20.0
AJF0370,2010-11-23,-0.03386180296083663,device_connects (z=-1.59),3,2,2,0.6666666666666666,9.0,20.0,20.0
HDS0367,2010-04-07,-0.033817235155828906,device_connects (z=0.60),5,4,4,0.8,5.0,8.0,8.0
SBN0866,2010-09-22,-0.03375899266852078,logoff_count (z=3.52),2,2,1,1.0,1.0,27.0,27.0
BMG0917,2010-12-21,-0.033728626754697566,after_hours_ratio (z=5.23),1,2,1,2.0,8.0,23.0,23.0
BSS0369,2010-08-30,-0.03365783977779846,after_hours_ratio (z=-2.17),3,3,3,0.0,11.0,12.0,12.0
BSS0369,2010-03-16,-0.03365783977779846,after_hours_ratio (z=-2.17),3,3,3,0.0,11.0,12.0,12.0
BSS0369,2010-10-01,-0.03365619680141274,file_count (z=-0.91),4,4,3,1.0,10.0,4.0,4.0
BMG0917,2011-03-11,-0.033511187750006166,logoff_count (z=4.28),2,2,1,1.0,9.0,25.0,25.0
CLB0774,2010-02-16,-0.033511187750006166,logoff_count (z=2.04),2,2,1,1.0,9.0,25.0,25.0
THR0873,2010-06-22,-0.033511187750006166,after_hours_ratio (z=3.99),2,2,1,1.0,9.0,25.0,25.0
HSB0196,2011-03-16,-0.033511187750006166,after_hours_ratio (z=5.07),2,2,1,1.0,9.0,25.0,25.0
CLB0774,2010-08-05,-0.033511187750006166,logoff_count (z=2.04),2,2,1,1.0,9.0,25.0,25.0
SAA0999,2010-07-29,-0.033511187750006166,logoff_count (z=6.11),3,2,2,0.3333333333333333,8.0,27.0,27.0
CLB0774,2010-01-19,-0.033511187750006166,logoff_count (z=2.04),2,2,1,1.0,9.0,25.0,25.0
SAA0999,2010-01-11,-0.033511187750006166,logoff_count (z=6.11),3,2,2,0.3333333333333333,8.0,27.0,27.0
MCF0600,2010-09-29,-0.033511187750006166,device_connects (z=8.13),2,2,1,1.0,9.0,25.0,25.0
AJF0370,2010-05-18,-0.03345433359115302,logon_count (z=-1.91),2,2,2,1.0,9.0,18.0,18.0
EIS0041,2011-04-26,-0.033451632995704306,file_count (z=-0.75),5,5,5,0.8,4.0,5.0,5.0
HWY0038,2010-03-02,-0.033371278376050695,after_hours_ratio (z=-1.88),6,6,6,0.3333333333333333,0.0,0.0,0.0
WPR0368,2011-05-07,-0.033371278376050695,after_hours_ratio (z=-1.60),6,6,6,0.3333333333333333,0.0,0.0,0.0
WPR0368,2010-07-11,-0.033371278376050695,after_hours_ratio (z=-1.60),6,6,6,0.3333333333333333,0.0,0.0,0.0
BBS0039,2010-02-12,-0.033371278376050695,after_hours_ratio (z=-1.81),6,6,6,0.3333333333333333,0.0,0.0,0.0
WDD0366,2011-02-15,-0.033371278376050695,after_hours_ratio (z=-1.41),6,6,6,0.3333333333333333,0.0,0.0,0.0
JRS0362,2010-11-09,-0.033371278376050695,after_hours_ratio (z=-1.72),6,6,6,0.3333333333333333,0.0,0.0,0.0
JRS0362,2010-12-14,-0.033371278376050695,after_hours_ratio (z=-1.72),6,6,6,0.3333333333333333,0.0,0.0,0.0
WPR0368,2010-08-21,-0.033371278376050695,after_hours_ratio (z=-1.60),6,6,6,0.3333333333333333,0.0,0.0,0.0
JCC0225,2010-10-06,-0.033371278376050695,after_hours_ratio (z=-1.87),6,6,6,0.3333333333333333,0.0,0.0,0.0
JTM0223,2010-04-06,-0.033371278376050695,after_hours_ratio (z=-1.47),6,6,6,0.3333333333333333,0.0,0.0,0.0
ACC0042,2010-08-18,-0.033371278376050695,after_hours_ratio (z=-1.96),6,6,6,0.3333333333333333,0.0,0.0,0.0
SAK0375,2011-02-22,-0.033371278376050695,after_hours_ratio (z=-1.89),6,6,6,0.3333333333333333,0.0,0.0,0.0
MSO0222,2010-11-01,-0.033371278376050695,after_hours_ratio (z=-1.89),6,6,6,0.3333333333333333,0.0,0.0,0.0
QNP0216,2010-03-01,-0.033371278376050695,after_hours_ratio (z=-1.69),6,6,6,0.3333333333333333,0.0,0.0,0.0
MVH0373,2010-02-19,-0.033371278376050695,after_hours_ratio (z=-1.76),6,6,6,0.3333333333333333,0.0,0.0,0.0
DFR0218,2010-07-07,-0.033371278376050695,after_hours_ratio (z=-1.75),6,6,6,0.3333333333333333,0.0,0.0,0.0
WPR0368,2011-01-02,-0.033371278376050695,after_hours_ratio (z=-1.60),6,6,6,0.3333333333333333,0.0,0.0,0.0
CCA0046,2010-08-26,-0.03336620740382723,device_connects (z=-1.04),3,3,3,1.3333333333333333,2.0,15.0,15.0
DLM0051,2011-01-08,-0.03331483522386669,logon_count (z=2.34),3,2,2,0.3333333333333333,10.0,23.0,23.0
PNH0761,2011-05-13,-0.03331483522386669,device_connects (z=4.13),3,2,1,1.0,3.0,23.0,23.0
DLM0051,2010-10-31,-0.03326346664802182,logon_count (z=2.34),3,2,2,0.3333333333333333,9.0,26.0,26.0
HDS0367,2010-12-21,-0.033240671718181236,after_hours_ratio (z=0.71),5,4,4,1.2,4.0,6.0,6.0
MPM0220,2010-02-26,-0.03321210167603972,after_hours_ratio (z=-2.32),3,2,2,0.0,10.0,26.0,26.0
BJM0111,2011-01-04,-0.03321210167603972,logoff_count (z=2.35),2,2,1,1.0,8.0,25.0,25.0
HSB0196,2010-08-14,-0.03321210167603972,after_hours_ratio (z=5.07),2,2,1,1.0,8.0,25.0,25.0
THR0873,2010-03-19,-0.03321210167603972,after_hours_ratio (z=3.99),2,2,1,1.0,8.0,25.0,25.0
HWY0038,2010-02-24,-0.0332045896691584,after_hours_ratio (z=-1.47),6,6,6,0.5,0.0,0.0,0.0
WPR0368,2010-01-30,-0.0332045896691584,logon_count (z=1.39),6,6,6,0.5,0.0,0.0,0.0
CSC0217,2010-05-28,-0.0332045896691584,after_hours_ratio (z=-1.34),6,6,6,0.5,0.0,0.0,0.0
MNS0224,2010-03-25,-0.0332045896691584,after_hours_ratio (z=-1.44),6,6,6,0.5,0.0,0.0,0.0
UIR0043,2011-03-02,-0.0332045896691584,after_hours_ratio (z=-1.45),6,6,6,0.5,0.0,0.0,0.0
ACC0042,2010-01-12,-0.0332045896691584,after_hours_ratio (z=-1.52),6,6,6,0.5,0.0,0.0,0.0
HSB0196,2010-06-24,-0.03313039918978633,after_hours_ratio (z=5.07),1,2,1,1.0,7.0,27.0,27.0
SBN0866,2010-04-13,-0.03313039918978633,logoff_count (z=3.52),1,2,1,1.0,1.0,27.0,27.0
SBN0866,2010-01-19,-0.03313039918978633,logoff_count (z=3.52),1,2,1,1.0,1.0,27.0,27.0
SBN0866,2011-01-14,-0.03313039918978633,logoff_count (z=3.52),1,2,1,1.0,1.0,27.0,27.0
CLB0774,2010-10-14,-0.03311853533940701,logoff_count (z=2.04),2,2,1,1.0,9.0,21.0,21.0
CLB0774,2010-05-18,-0.03311853533940701,logoff_count (z=2.04),2,2,1,1.0,9.0,21.0,21.0
CLB0774,2010-01-12,-0.03311853533940701,logoff_count (z=2.04),2,2,1,1.0,9.0,21.0,21.0
CLB0774,2010-12-22,-0.03311853533940701,logoff_count (z=2.04),2,2,1,1.0,9.0,21.0,21.0
BJM0111,2010-11-04,-0.03311853533940701,logoff_count (z=2.35),2,2,1,1.0,7.0,21.0,21.0
BMG0917,2010-04-27,-0.03311853533940701,logoff_count (z=4.28),2,2,1,1.0,9.0,21.0,21.0
BJM0111,2011-02-19,-0.03306718053536417,logoff_count (z=2.35),2,2,1,1.0,6.0,24.0,24.0
MOS0047,2010-05-11,-0.032993042114441984,after_hours_ratio (z=0.90),5,4,4,1.2,4.0,7.0,7.0
MOS0047,2010-02-18,-0.03295631486021988,file_count (z=-0.46),5,4,4,0.8,5.0,6.0,6.0
DLM0051,2011-02-06,-0.03284201227894712,logon_count (z=2.34),3,2,2,0.3333333333333333,10.0,19.0,19.0
SBN0866,2010-11-09,-0.032686622825566225,logoff_count (z=3.52),1,2,1,1.0,2.0,26.0,26.0
BAL0044,2010-11-10,-0.03266643590286478,device_connects (z=-0.85),6,5,5,1.0,2.0,4.0,4.0
EIS0041,2010-06-30,-0.03262344249701454,device_connects (z=-1.08),4,3,3,1.0,2.0,15.0,15.0
BDV0168,2010-08-03,-0.03257212242717766,file_count (z=10.37),2,2,1,1.0,8.0,21.0,21.0
AJF0370,2010-12-03,-0.0325208059578006,device_connects (z=-2.24),3,2,2,0.6666666666666666,8.0,24.0,24.0
AJF0370,2011-02-18,-0.0325208059578006,device_connects (z=-2.24),3,2,2,0.6666666666666666,8.0,24.0,24.0
BAL0044,2010-08-19,-0.032461331736862276,logon_count (z=0.72),6,5,4,0.6666666666666666,4.0,5.0,5.0
BSS0369,2010-02-05,-0.032412719794561395,file_count (z=-1.39),4,4,4,0.5,12.0,1.0,1.0
IBB0359,2010-09-24,-0.032324718950838216,device_connects (z=-1.23),4,3,3,1.0,9.0,7.0,7.0
CCA0046,2010-02-17,-0.03225335189995526,device_connects (z=0.72),4,4,4,1.0,5.0,9.0,9.0
SBN0866,2010-01-15,-0.032128684514370454,logoff_count (z=3.52),2,2,1,1.0,2.0,25.0,25.0
THR0873,2010-12-22,-0.03203796353919253,after_hours_ratio (z=3.99),1,2,1,1.0,9.0,27.0,27.0
THR0873,2010-01-15,-0.03203796353919253,after_hours_ratio (z=3.99),1,2,1,1.0,9.0,27.0,27.0
MPM0220,2010-05-25,-0.032026117394147735,after_hours_ratio (z=-2.32),3,2,2,0.0,10.0,25.0,25.0
BSS0369,2010-06-24,-0.03196937851849391,logon_count (z=-1.39),2,2,2,1.0,10.0,15.0,15.0
GTD0219,2010-06-01,-0.031918104335793784,device_connects (z=-0.65),4,4,4,1.0,3.0,11.0,11.0
CCA0046,2010-01-07,-0.031918104335793784,device_connects (z=-0.45),4,4,4,1.0,3.0,11.0,11.0
CLB0774,2011-04-05,-0.03188143102467156,logoff_count (z=2.04),2,2,1,1.0,9.0,20.0,20.0
BAL0044,2011-04-15,-0.03183016301209962,file_count (z=-1.22),6,5,5,0.6666666666666666,3.0,0.0,0.0
MCF0600,2010-09-28,-0.03183016301209962,file_count (z=6.97),2,2,1,1.0,7.0,23.0,23.0
HDS0367,2010-05-18,-0.031789308487671364,after_hours_ratio (z=1.51),4,4,4,1.5,3.0,6.0,6.0
CCA0046,2010-04-23,-0.031789308487671364,after_hours_ratio (z=1.05),4,4,4,1.5,3.0,6.0,6.0
AJF0370,2010-02-15,-0.031676380554220396,after_hours_ratio (z=-2.47),3,2,2,0.0,9.0,30.0,30.0
EIS0041,2010-02-19,-0.031509022402684383,file_count (z=-1.02),5,5,5,0.8,4.0,3.0,3.0
MOS0047,2010-06-21,-0.031509022402684383,file_count (z=-0.91),5,5,5,0.8,4.0,3.0,3.0
ACC0042,2010-02-10,-0.031487615104442646,logon_count (z=1.51),6,6,6,1.3333333333333333,0.0,0.0,0.0
JAV0361,2011-03-15,-0.031487615104442646,logon_count (z=1.46),6,6,6,1.3333333333333333,0.0,0.0,0.0
JAV0361,2011-03-17,-0.031487615104442646,logon_count (z=1.46),6,6,6,1.3333333333333333,0.0,0.0,0.0
KRV0372,2011-03-25,-0.031487615104442646,logon_count (z=1.40),6,6,6,1.3333333333333333,0.0,0.0,0.0
KRV0372,2011-04-08,-0.031487615104442646,logon_count (z=1.40),6,6,6,1.3333333333333333,0.0,0.0,0.0
KRV0372,2011-04-12,-0.031487615104442646,logon_count (z=1.40),6,6,6,1.3333333333333333,0.0,0.0,0.0
KRV0372,2011-04-25,-0.031487615104442646,logon_count (z=1.40),6,6,6,1.3333333333333333,0.0,0.0,0.0
KRV0372,2011-05-04,-0.031487615104442646,logon_count (z=1.40),6,6,6,1.3333333333333333,0.0,0.0,0.0
KSP0357,2010-03-04,-0.031487615104442646,logon_count (z=1.43),6,6,6,1.3333333333333333,0.0,0.0,0.0
KSP0357,2010-03-30,-0.031487615104442646,logon_count (z=1.43),6,6,6,1.3333333333333333,0.0,0.0,0.0
ACC0042,2010-03-11,-0.031487615104442646,logon_count (z=1.51),6,6,6,1.3333333333333333,0.0,0.0,0.0
ACC0042,2010-04-16,-0.031487615104442646,logon_count (z=1.51),6,6,6,1.3333333333333333,0.0,0.0,0.0
ACC0042,2010-01-25,-0.031487615104442646,logon_count (z=1.51),6,6,6,1.3333333333333333,0.0,0.0,0.0
ACC0042,2010-09-29,-0.031487615104442646,logon_count (z=1.51),6,6,6,1.3333333333333333,0.0,0.0,0.0
ACC0042,2010-11-18,-0.031487615104442646,logon_count (z=1.51),6,6,6,1.3333333333333333,0.0,0.0,0.0
BKW0374,2010-07-12,-0.031487615104442646,logon_count (z=1.52),6,6,6,1.3333333333333333,0.0,0.0,0.0
BKW0374,2010-05-27,-0.031487615104442646,logon_count (z=1.52),6,6,6,1.3333333333333333,0.0,0.0,0.0
ACC0042,2010-06-02,-0.031487615104442646,logon_count (z=1.51),6,6,6,1.3333333333333333,0.0,0.0,0.0
MNS0224,2011-01-05,-0.031487615104442646,logon_count (z=1.40),6,6,6,1.3333333333333333,0.0,0.0,0.0
MNS0224,2011-01-18,-0.031487615104442646,logon_count (z=1.40),6,6,6,1.3333333333333333,0.0,0.0,0.0
MNS0224,2011-02-16,-0.031487615104442646,logon_count (z=1.40),6,6,6,1.3333333333333333,0.0,0.0,0.0
JLM0364,2011-04-25,-0.031487615104442646,unique_pcs (z=1.47),6,6,6,1.3333333333333333,0.0,0.0,0.0
TSM0363,2010-11-11,-0.031487615104442646,logon_count (z=1.35),6,6,6,1.3333333333333333,0.0,0.0,0.0
JAV0361,2010-10-06,-0.031487615104442646,logon_count (z=1.46),6,6,6,1.3333333333333333,0.0,0.0,0.0
JAV0361,2010-10-12,-0.031487615104442646,logon_count (z=1.46),6,6,6,1.3333333333333333,0.0,0.0,0.0
JAV0361,2010-12-07,-0.031487615104442646,logon_count (z=1.46),6,6,6,1.3333333333333333,0.0,0.0,0.0
TSM0363,2010-06-21,-0.031487615104442646,logon_count (z=1.35),6,6,6,1.3333333333333333,0.0,0.0,0.0
TSM0363,2010-08-02,-0.031487615104442646,logon_count (z=1.35),6,6,6,1.3333333333333333,0.0,0.0,0.0
TSM0363,2010-08-04,-0.031487615104442646,logon_count (z=1.35),6,6,6,1.3333333333333333,0.0,0.0,0.0
TSM0363,2010-08-16,-0.031487615104442646,logon_count (z=1.35),6,6,6,1.3333333333333333,0.0,0.0,0.0
DMG0358,2011-05-05,-0.031487615104442646,logoff_count (z=1.37),6,6,6,1.3333333333333333,0.0,0.0,0.0
KSP0357,2010-01-14,-0.031487615104442646,logon_count (z=1.43),6,6,6,1.3333333333333333,0.0,0.0,0.0
MSH0040,2010-03-31,-0.031487615104442646,logon_count (z=1.27),6,6,6,1.3333333333333333,0.0,0.0,0.0
MSH0040,2010-04-01,-0.031487615104442646,logon_count (z=1.27),6,6,6,1.3333333333333333,0.0,0.0,0.0
JGT0221,2010-05-19,-0.031487615104442646,unique_pcs (z=1.19),6,6,6,1.3333333333333333,0.0,0.0,0.0
MSH0040,2010-04-07,-0.031487615104442646,logon_count (z=1.27),6,6,6,1.3333333333333333,0.0,0.0,0.0
KRV0372,2011-02-04,-0.031487615104442646,logon_count (z=1.40),6,6,6,1.3333333333333333,0.0,0.0,0.0
KRV0372,2011-02-16,-0.031487615104442646,logon_count (z=1.40),6,6,6,1.3333333333333333,0.0,0.0,0.0
KRV0372,2011-02-22,-0.031487615104442646,logon_count (z=1.40),6,6,6,1.3333333333333333,0.0,0.0,0.0
KRV0372,2011-03-14,-0.031487615104442646,logon_count (z=1.40),6,6,6,1.3333333333333333,0.0,0.0,0.0
KRV0372,2010-10-18,-0.031487615104442646,logon_count (z=1.40),6,6,6,1.3333333333333333,0.0,0.0,0.0
KRV0372,2010-11-09,-0.031487615104442646,logon_count (z=1.40),6,6,6,1.3333333333333333,0.0,0.0,0.0
KRV0372,2010-11-17,-0.031487615104442646,logon_count (z=1.40),6,6,6,1.3333333333333333,0.0,0.0,0.0
KRV0372,2011-01-21,-0.031487615104442646,logon_count (z=1.40),6,6,6,1.3333333333333333,0.0,0.0,0.0
KRV0372,2011-01-24,-0.031487615104442646,logon_count (z=1.40),6,6,6,1.3333333333333333,0.0,0.0,0.0
DMG0358,2010-10-20,-0.031487615104442646,logoff_count (z=1.37),6,6,6,1.3333333333333333,0.0,0.0,0.0
DMG0358,2010-11-08,-0.031487615104442646,logoff_count (z=1.37),6,6,6,1.3333333333333333,0.0,0.0,0.0
DMG0358,2010-12-13,-0.031487615104442646,logoff_count (z=1.37),6,6,6,1.3333333333333333,0.0,0.0,0.0
KRV0372,2010-08-25,-0.031487615104442646,logon_count (z=1.40),6,6,6,1.3333333333333333,0.0,0.0,0.0
KRV0372,2010-09-10,-0.031487615104442646,logon_count (z=1.40),6,6,6,1.3333333333333333,0.0,0.0,0.0
KRV0372,2010-09-22,-0.031487615104442646,logon_count (z=1.40),6,6,6,1.3333333333333333,0.0,0.0,0.0
KRV0372,2010-10-04,-0.031487615104442646,logon_count (z=1.40),6,6,6,1.3333333333333333,0.0,0.0,0.0
MSH0040,2010-06-17,-0.031487615104442646,logon_count (z=1.27),6,6,6,1.3333333333333333,0.0,0.0,0.0
MSH0040,2010-07-20,-0.031487615104442646,logon_count (z=1.27),6,6,6,1.3333333333333333,0.0,0.0,0.0
MSH0040,2010-08-06,-0.031487615104442646,logon_count (z=1.27),6,6,6,1.3333333333333333,0.0,0.0,0.0
MSH0040,2010-08-09,-0.031487615104442646,logon_count (z=1.27),6,6,6,1.3333333333333333,0.0,0.0,0.0
MSH0040,2010-04-16,-0.031487615104442646,logon_count (z=1.27),6,6,6,1.3333333333333333,0.0,0.0,0.0
MSH0040,2010-05-18,-0.031487615104442646,logon_count (z=1.27),6,6,6,1.3333333333333333,0.0,0.0,0.0
MSH0040,2010-05-28,-0.031487615104442646,logon_count (z=1.27),6,6,6,1.3333333333333333,0.0,0.0,0.0
MSH0040,2010-01-26,-0.031487615104442646,logon_count (z=1.27),6,6,6,1.3333333333333333,0.0,0.0,0.0
MSH0040,2010-02-04,-0.031487615104442646,logon_count (z=1.27),6,6,6,1.3333333333333333,0.0,0.0,0.0
MSH0040,2010-02-25,-0.031487615104442646,logon_count (z=1.27),6,6,6,1.3333333333333333,0.0,0.0,0.0
MSH0040,2010-03-05,-0.031487615104442646,logon_count (z=1.27),6,6,6,1.3333333333333333,0.0,0.0,0.0
MSH0040,2010-03-10,-0.031487615104442646,logon_count (z=1.27),6,6,6,1.3333333333333333,0.0,0.0,0.0
BKW0374,2010-08-19,-0.031487615104442646,logon_count (z=1.52),6,6,6,1.3333333333333333,0.0,0.0,0.0
BKW0374,2010-11-15,-0.031487615104442646,logon_count (z=1.52),6,6,6,1.3333333333333333,0.0,0.0,0.0
BKW0374,2010-11-18,-0.031487615104442646,logon_count (z=1.52),6,6,6,1.3333333333333333,0.0,0.0,0.0
BKW0374,2010-12-14,-0.031487615104442646,logon_count (z=1.52),6,6,6,1.3333333333333333,0.0,0.0,0.0
BKW0374,2011-01-17,-0.031487615104442646,logon_count (z=1.52),6,6,6,1.3333333333333333,0.0,0.0,0.0
BKW0374,2011-01-21,-0.031487615104442646,logon_count (z=1.52),6,6,6,1.3333333333333333,0.0,0.0,0.0
BKW0374,2011-02-14,-0.031487615104442646,logon_count (z=1.52),6,6,6,1.3333333333333333,0.0,0.0,0.0
JGT0221,2010-03-03,-0.031487615104442646,unique_pcs (z=1.19),6,6,6,1.3333333333333333,0.0,0.0,0.0
JGT0221,2010-03-15,-0.031487615104442646,unique_pcs (z=1.19),6,6,6,1.3333333333333333,0.0,0.0,0.0
JGT0221,2010-05-24,-0.031487615104442646,unique_pcs (z=1.19),6,6,6,1.3333333333333333,0.0,0.0,0.0
JGT0221,2010-03-29,-0.031487615104442646,unique_pcs (z=1.19),6,6,6,1.3333333333333333,0.0,0.0,0.0
BKW0374,2011-02-22,-0.031487615104442646,logon_count (z=1.52),6,6,6,1.3333333333333333,0.0,0.0,0.0
BKW0374,2011-03-28,-0.031487615104442646,logon_count (z=1.52),6,6,6,1.3333333333333333,0.0,0.0,0.0
KSP0357,2010-06-01,-0.031487615104442646,logon_count (z=1.43),6,6,6,1.3333333333333333,0.0,0.0,0.0
KRV0372,2010-07-26,-0.031487615104442646,logon_count (z=1.40),6,6,6,1.3333333333333333,0.0,0.0,0.0
KRV0372,2010-08-17,-0.031487615104442646,logon_count (z=1.40),6,6,6,1.3333333333333333,0.0,0.0,0.0
ACC0042,2010-12-14,-0.031487615104442646,logon_count (z=1.51),6,6,6,1.3333333333333333,0.0,0.0,0.0
ACC0042,2011-01-26,-0.031487615104442646,logon_count (z=1.51),6,6,6,1.3333333333333333,0.0,0.0,0.0
ACC0042,2011-01-27,-0.031487615104442646,logon_count (z=1.51),6,6,6,1.3333333333333333,0.0,0.0,0.0
ACC0042,2011-02-07,-0.031487615104442646,logon_count (z=1.51),6,6,6,1.3333333333333333,0.0,0.0,0.0
KSP0357,2010-09-23,-0.031487615104442646,logon_count (z=1.43),6,6,6,1.3333333333333333,0.0,0.0,0.0
KSP0357,2010-09-29,-0.031487615104442646,logon_count (z=1.43),6,6,6,1.3333333333333333,0.0,0.0,0.0
MSH0040,2010-08-25,-0.031487615104442646,logon_count (z=1.27),6,6,6,1.3333333333333333,0.0,0.0,0.0
MSH0040,2010-09-07,-0.031487615104442646,logon_count (z=1.27),6,6,6,1.3333333333333333,0.0,0.0,0.0
MSH0040,2010-09-09,-0.031487615104442646,logon_count (z=1.27),6,6,6,1.3333333333333333,0.0,0.0,0.0
MSH0040,2010-09-21,-0.031487615104442646,logon_count (z=1.27),6,6,6,1.3333333333333333,0.0,0.0,0.0
JGT0221,2010-07-07,-0.031487615104442646,unique_pcs (z=1.19),6,6,6,1.3333333333333333,0.0,0.0,0.0
MSH0040,2010-06-14,-0.031487615104442646,logon_count (z=1.27),6,6,6,1.3333333333333333,0.0,0.0,0.0
KSP0357,2010-05-21,-0.031487615104442646,logon_count (z=1.43),6,6,6,1.3333333333333333,0.0,0.0,0.0
KSP0357,2010-05-25,-0.031487615104442646,logon_count (z=1.43),6,6,6,1.3333333333333333,0.0,0.0,0.0
JGT0221,2010-07-09,-0.031487615104442646,unique_pcs (z=1.19),6,6,6,1.3333333333333333,0.0,0.0,0.0
BKW0374,2010-07-14,-0.031487615104442646,logon_count (z=1.52),6,6,6,1.3333333333333333,0.0,0.0,0.0
MSO0222,2010-01-26,-0.031487615104442646,unique_pcs (z=1.42),6,6,6,1.3333333333333333,0.0,0.0,0.0
MSO0222,2010-02-03,-0.031487615104442646,unique_pcs (z=1.42),6,6,6,1.3333333333333333,0.0,0.0,0.0
MSO0222,2010-02-15,-0.031487615104442646,unique_pcs (z=1.42),6,6,6,1.3333333333333333,0.0,0.0,0.0
ACC0042,2010-04-09,-0.031487615104442646,logon_count (z=1.51),6,6,6,1.3333333333333333,0.0,0.0,0.0
KSP0357,2010-10-01,-0.031487615104442646,logon_count (z=1.43),6,6,6,1.3333333333333333,0.0,0.0,0.0
KRV0372,2010-06-07,-0.031487615104442646,logon_count (z=1.40),6,6,6,1.3333333333333333,0.0,0.0,0.0
KRV0372,2010-04-13,-0.031487615104442646,logon_count (z=1.40),6,6,6,1.3333333333333333,0.0,0.0,0.0
KRV0372,2010-04-16,-0.031487615104442646,logon_count (z=1.40),6,6,6,1.3333333333333333,0.0,0.0,0.0
KSP0357,2010-09-01,-0.031487615104442646,logon_count (z=1.43),6,6,6,1.3333333333333333,0.0,0.0,0.0
KSP0357,2010-09-22,-0.031487615104442646,logon_count (z=1.43),6,6,6,1.3333333333333333,0.0,0.0,0.0
MSO0222,2010-03-03,-0.031487615104442646,unique_pcs (z=1.42),6,6,6,1.3333333333333333,0.0,0.0,0.0
MSH0040,2010-11-18,-0.031487615104442646,logon_count (z=1.27),6,6,6,1.3333333333333333,0.0,0.0,0.0
MSH0040,2010-12-09,-0.031487615104442646,logon_count (z=1.27),6,6,6,1.3333333333333333,0.0,0.0,0.0
MSH0040,2010-08-20,-0.031487615104442646,logon_count (z=1.27),6,6,6,1.3333333333333333,0.0,0.0,0.0
ACC0042,2010-11-22,-0.031487615104442646,logon_count (z=1.51),6,6,6,1.3333333333333333,0.0,0.0,0.0
ACC0042,2010-11-29,-0.031487615104442646,logon_count (z=1.51),6,6,6,1.3333333333333333,0.0,0.0,0.0
JLM0364,2010-08-05,-0.031487615104442646,unique_pcs (z=1.47),6,6,6,1.3333333333333333,0.0,0.0,0.0
JLM0364,2010-01-28,-0.031487615104442646,unique_pcs (z=1.47),6,6,6,1.3333333333333333,0.0,0.0,0.0
JLM0364,2010-03-11,-0.031487615104442646,unique_pcs (z=1.47),6,6,6,1.3333333333333333,0.0,0.0,0.0
JLM0364,2010-03-25,-0.031487615104442646,unique_pcs (z=1.47),6,6,6,1.3333333333333333,0.0,0.0,0.0
KJP0371,2011-05-16,-0.031487615104442646,logon_count (z=1.39),6,6,6,1.3333333333333333,0.0,0.0,0.0
KRV0372,2010-02-01,-0.031487615104442646,logon_count (z=1.40),6,6,6,1.3333333333333333,0.0,0.0,0.0
KRV0372,2010-02-15,-0.031487615104442646,logon_count (z=1.40),6,6,6,1.3333333333333333,0.0,0.0,0.0
KSP0357,2010-12-02,-0.031487615104442646,logon_count (z=1.43),6,6,6,1.3333333333333333,0.0,0.0,0.0
MSO0222,2010-06-28,-0.031487615104442646,unique_pcs (z=1.42),6,6,6,1.3333333333333333,0.0,0.0,0.0
MSO0222,2010-07-28,-0.031487615104442646,unique_pcs (z=1.42),6,6,6,1.3333333333333333,0.0,0.0,0.0
MSO0222,2010-03-17,-0.031487615104442646,unique_pcs (z=1.42),6,6,6,1.3333333333333333,0.0,0.0,0.0
MSO0222,2010-04-30,-0.031487615104442646,unique_pcs (z=1.42),6,6,6,1.3333333333333333,0.0,0.0,0.0
MSO0222,2010-05-05,-0.031487615104442646,unique_pcs (z=1.42),6,6,6,1.3333333333333333,0.0,0.0,0.0
MSO0222,2010-05-17,-0.031487615104442646,unique_pcs (z=1.42),6,6,6,1.3333333333333333,0.0,0.0,0.0
MSO0222,2010-06-02,-0.031487615104442646,unique_pcs (z=1.42),6,6,6,1.3333333333333333,0.0,0.0,0.0
MSO0222,2010-01-21,-0.031487615104442646,unique_pcs (z=1.42),6,6,6,1.3333333333333333,0.0,0.0,0.0
ACC0042,2010-02-04,-0.031487615104442646,logon_count (z=1.51),6,6,6,1.3333333333333333,0.0,0.0,0.0
MSO0222,2010-09-03,-0.031487615104442646,unique_pcs (z=1.42),6,6,6,1.3333333333333333,0.0,0.0,0.0
MSO0222,2010-09-09,-0.031487615104442646,unique_pcs (z=1.42),6,6,6,1.3333333333333333,0.0,0.0,0.0
MSO0222,2010-09-23,-0.031487615104442646,unique_pcs (z=1.42),6,6,6,1.3333333333333333,0.0,0.0,0.0
ACC0042,2011-02-25,-0.031487615104442646,logon_count (z=1.51),6,6,6,1.3333333333333333,0.0,0.0,0.0
ACC0042,2011-04-19,-0.031487615104442646,logon_count (z=1.51),6,6,6,1.3333333333333333,0.0,0.0,0.0
ACC0042,2011-04-26,-0.031487615104442646,logon_count (z=1.51),6,6,6,1.3333333333333333,0.0,0.0,0.0
WPR0368,2011-03-30,-0.031487615104442646,logon_count (z=1.39),6,6,6,1.3333333333333333,0.0,0.0,0.0
BKW0374,2011-03-29,-0.031487615104442646,logon_count (z=1.52),6,6,6,1.3333333333333333,0.0,0.0,0.0
ACC0042,2010-11-05,-0.031487615104442646,logon_count (z=1.51),6,6,6,1.3333333333333333,0.0,0.0,0.0
UIR0043,2010-09-10,-0.031487615104442646,logon_count (z=1.32),6,6,6,1.3333333333333333,0.0,0.0,0.0
JCC0225,2011-04-27,-0.031487615104442646,logon_count (z=1.43),6,6,6,1.3333333333333333,0.0,0.0,0.0
UIR0043,2010-10-22,-0.031487615104442646,logon_count (z=1.32),6,6,6,1.3333333333333333,0.0,0.0,0.0
JLM0364,2010-06-21,-0.031487615104442646,unique_pcs (z=1.47),6,6,6,1.3333333333333333,0.0,0.0,0.0
JLM0364,2010-07-06,-0.031487615104442646,unique_pcs (z=1.47),6,6,6,1.3333333333333333,0.0,0.0,0.0
JLM0364,2010-08-03,-0.031487615104442646,unique_pcs (z=1.47),6,6,6,1.3333333333333333,0.0,0.0,0.0
JCC0225,2011-03-21,-0.031487615104442646,logon_count (z=1.43),6,6,6,1.3333333333333333,0.0,0.0,0.0
UIR0043,2010-07-27,-0.031487615104442646,logon_count (z=1.32),6,6,6,1.3333333333333333,0.0,0.0,0.0
MVH0373,2010-03-16,-0.031487615104442646,logon_count (z=1.63),6,6,6,1.3333333333333333,0.0,0.0,0.0
WPR0368,2011-04-28,-0.031487615104442646,logon_count (z=1.39),6,6,6,1.3333333333333333,0.0,0.0,0.0
WPR0368,2011-05-12,-0.031487615104442646,logon_count (z=1.39),6,6,6,1.3333333333333333,0.0,0.0,0.0
ACC0042,2011-05-06,-0.031487615104442646,logon_count (z=1.51),6,6,6,1.3333333333333333,0.0,0.0,0.0
ACC0042,2011-05-16,-0.031487615104442646,logon_count (z=1.51),6,6,6,1.3333333333333333,0.0,0.0,0.0
WPR0368,2011-01-20,-0.031487615104442646,logon_count (z=1.39),6,6,6,1.3333333333333333,0.0,0.0,0.0
KJP0371,2011-03-17,-0.031487615104442646,logon_count (z=1.39),6,6,6,1.3333333333333333,0.0,0.0,0.0
KJP0371,2011-04-01,-0.031487615104442646,logon_count (z=1.39),6,6,6,1.3333333333333333,0.0,0.0,0.0
KJP0371,2011-05-02,-0.031487615104442646,logon_count (z=1.39),6,6,6,1.3333333333333333,0.0,0.0,0.0
WPR0368,2011-03-04,-0.031487615104442646,logon_count (z=1.39),6,6,6,1.3333333333333333,0.0,0.0,0.0
ACC0042,2010-10-29,-0.031487615104442646,logon_count (z=1.51),6,6,6,1.3333333333333333,0.0,0.0,0.0
MSO0222,2010-11-18,-0.031487615104442646,unique_pcs (z=1.42),6,6,6,1.3333333333333333,0.0,0.0,0.0
MSO0222,2010-11-22,-0.031487615104442646,unique_pcs (z=1.42),6,6,6,1.3333333333333333,0.0,0.0,0.0
MSO0222,2010-11-23,-0.031487615104442646,unique_pcs (z=1.42),6,6,6,1.3333333333333333,0.0,0.0,0.0
KJP0371,2011-01-04,-0.031487615104442646,logon_count (z=1.39),6,6,6,1.3333333333333333,0.0,0.0,0.0
KJP0371,2011-01-10,-0.031487615104442646,logon_count (z=1.39),6,6,6,1.3333333333333333,0.0,0.0,0.0
KJP0371,2011-01-11,-0.031487615104442646,logon_count (z=1.39),6,6,6,1.3333333333333333,0.0,0.0,0.0
KJP0371,2011-02-04,-0.031487615104442646,logon_count (z=1.39),6,6,6,1.3333333333333333,0.0,0.0,0.0
QNP0216,2010-01-08,-0.031487615104442646,logon_count (z=1.40),6,6,6,1.3333333333333333,0.0,0.0,0.0
JLM0364,2010-03-26,-0.031487615104442646,unique_pcs (z=1.47),6,6,6,1.3333333333333333,0.0,0.0,0.0
BKW0374,2010-03-11,-0.031487615104442646,logon_count (z=1.52),6,6,6,1.3333333333333333,0.0,0.0,0.0
MNS0224,2011-05-03,-0.031487615104442646,logon_count (z=1.40),6,6,6,1.3333333333333333,0.0,0.0,0.0
UIR0043,2011-03-10,-0.031487615104442646,logon_count (z=1.32),6,6,6,1.3333333333333333,0.0,0.0,0.0
UIR0043,2011-03-24,-0.031487615104442646,logon_count (z=1.32),6,6,6,1.3333333333333333,0.0,0.0,0.0
BKW0374,2010-01-06,-0.031487615104442646,logon_count (z=1.52),6,6,6,1.3333333333333333,0.0,0.0,0.0
BKW0374,2010-01-25,-0.031487615104442646,logon_count (z=1.52),6,6,6,1.3333333333333333,0.0,0.0,0.0
BKW0374,2010-02-12,-0.031487615104442646,logon_count (z=1.52),6,6,6,1.3333333333333333,0.0,0.0,0.0
BKW0374,2011-05-05,-0.031487615104442646,logon_count (z=1.52),6,6,6,1.3333333333333333,0.0,0.0,0.0
UIR0043,2010-06-28,-0.031487615104442646,logon_count (z=1.32),6,6,6,1.3333333333333333,0.0,0.0,0.0
UIR0043,2010-07-12,-0.031487615104442646,logon_count (z=1.32),6,6,6,1.3333333333333333,0.0,0.0,0.0
ACC0042,2010-08-05,-0.031487615104442646,logon_count (z=1.51),6,6,6,1.3333333333333333,0.0,0.0,0.0
KJP0371,2011-02-15,-0.031487615104442646,logon_count (z=1.39),6,6,6,1.3333333333333333,0.0,0.0,0.0
WPR0368,2010-12-22,-0.031487615104442646,logon_count (z=1.39),6,6,6,1.3333333333333333,0.0,0.0,0.0
WPR0368,2010-12-28,-0.031487615104442646,logon_count (z=1.39),6,6,6,1.3333333333333333,0.0,0.0,0.0
KJP0371,2010-11-04,-0.031487615104442646,logon_count (z=1.39),6,6,6,1.3333333333333333,0.0,0.0,0.0
KJP0371,2010-11-11,-0.031487615104442646,logon_count (z=1.39),6,6,6,1.3333333333333333,0.0,0.0,0.0
KJP0371,2010-11-22,-0.031487615104442646,logon_count (z=1.39),6,6,6,1.3333333333333333,0.0,0.0,0.0
KSP0357,2010-02-16,-0.031487615104442646,logon_count (z=1.43),6,6,6,1.3333333333333333,0.0,0.0,0.0
KJP0371,2010-12-17,-0.031487615104442646,logon_count (z=1.39),6,6,6,1.3333333333333333,0.0,0.0,0.0
KJP0371,2010-12-20,-0.031487615104442646,logon_count (z=1.39),6,6,6,1.3333333333333333,0.0,0.0,0.0
BKW0374,2010-10-25,-0.031487615104442646,logon_count (z=1.52),6,6,6,1.3333333333333333,0.0,0.0,0.0
BKW0374,2010-10-26,-0.031487615104442646,logon_count (z=1.52),6,6,6,1.3333333333333333,0.0,0.0,0.0
WPR0368,2010-11-11,-0.031487615104442646,logon_count (z=1.39),6,6,6,1.3333333333333333,0.0,0.0,0.0
WPR0368,2010-11-13,-0.031487615104442646,logon_count (z=1.39),6,6,6,1.3333333333333333,0.0,0.0,0.0
WPR0368,2010-12-01,-0.031487615104442646,logon_count (z=1.39),6,6,6,1.3333333333333333,0.0,0.0,0.0
LBC0356,2010-06-07,-0.031487615104442646,logoff_count (z=1.42),6,6,6,1.3333333333333333,0.0,0.0,0.0
QNP0216,2010-02-02,-0.031487615104442646,logon_count (z=1.40),6,6,6,1.3333333333333333,0.0,0.0,0.0
QNP0216,2010-03-17,-0.031487615104442646,logon_count (z=1.40),6,6,6,1.3333333333333333,0.0,0.0,0.0
HWY0038,2010-01-04,-0.031487615104442646,logon_count (z=1.31),6,6,6,1.3333333333333333,0.0,0.0,0.0
HWY0038,2010-01-08,-0.031487615104442646,logon_count (z=1.31),6,6,6,1.3333333333333333,0.0,0.0,0.0
KRV0372,2011-05-10,-0.031487615104442646,logon_count (z=1.40),6,6,6,1.3333333333333333,0.0,0.0,0.0
KJP0371,2010-09-16,-0.031487615104442646,logon_count (z=1.39),6,6,6,1.3333333333333333,0.0,0.0,0.0
KJP0371,2010-09-24,-0.031487615104442646,logon_count (z=1.39),6,6,6,1.3333333333333333,0.0,0.0,0.0
ACC0042,2010-10-18,-0.031487615104442646,logon_count (z=1.51),6,6,6,1.3333333333333333,0.0,0.0,0.0
BKW0374,2010-05-19,-0.031487615104442646,logon_count (z=1.52),6,6,6,1.3333333333333333,0.0,0.0,0.0
WPR0368,2010-09-12,-0.031487615104442646,logon_count (z=1.39),6,6,6,1.3333333333333333,0.0,0.0,0.0
HWY0038,2010-01-29,-0.031487615104442646,logon_count (z=1.31),6,6,6,1.3333333333333333,0.0,0.0,0.0
HWY0038,2010-02-16,-0.031487615104442646,logon_count (z=1.31),6,6,6,1.3333333333333333,0.0,0.0,0.0
HWY0038,2010-03-18,-0.031487615104442646,logon_count (z=1.31),6,6,6,1.3333333333333333,0.0,0.0,0.0
HWY0038,2010-03-23,-0.031487615104442646,logon_count (z=1.31),6,6,6,1.3333333333333333,0.0,0.0,0.0
HWY0038,2010-03-24,-0.031487615104442646,logon_count (z=1.31),6,6,6,1.3333333333333333,0.0,0.0,0.0
BKW0374,2010-05-07,-0.031487615104442646,logon_count (z=1.52),6,6,6,1.3333333333333333,0.0,0.0,0.0
JCC0225,2010-11-18,-0.031487615104442646,logon_count (z=1.43),6,6,6,1.3333333333333333,0.0,0.0,0.0
JCC0225,2010-12-02,-0.031487615104442646,logon_count (z=1.43),6,6,6,1.3333333333333333,0.0,0.0,0.0
JLM0364,2011-01-31,-0.031487615104442646,unique_pcs (z=1.47),6,6,6,1.3333333333333333,0.0,0.0,0.0
JLM0364,2011-02-18,-0.031487615104442646,unique_pcs (z=1.47),6,6,6,1.3333333333333333,0.0,0.0,0.0
JLM0364,2010-10-15,-0.031487615104442646,unique_pcs (z=1.47),6,6,6,1.3333333333333333,0.0,0.0,0.0
JLM0364,2010-10-27,-0.031487615104442646,unique_pcs (z=1.47),6,6,6,1.3333333333333333,0.0,0.0,0.0
JLM0364,2010-11-24,-0.031487615104442646,unique_pcs (z=1.47),6,6,6,1.3333333333333333,0.0,0.0,0.0
JLM0364,2010-12-09,-0.031487615104442646,unique_pcs (z=1.47),6,6,6,1.3333333333333333,0.0,0.0,0.0
MNS0224,2011-03-02,-0.031487615104442646,logon_count (z=1.40),6,6,6,1.3333333333333333,0.0,0.0,0.0
MNS0224,2011-03-04,-0.031487615104442646,logon_count (z=1.40),6,6,6,1.3333333333333333,0.0,0.0,0.0
WPR0368,2010-05-17,-0.031487615104442646,logon_count (z=1.39),6,6,6,1.3333333333333333,0.0,0.0,0.0
WPR0368,2010-05-18,-0.031487615104442646,logon_count (z=1.39),6,6,6,1.3333333333333333,0.0,0.0,0.0
DFR0218,2011-03-29,-0.031487615104442646,logon_count (z=1.49),6,6,6,1.3333333333333333,0.0,0.0,0.0
DFR0218,2011-05-06,-0.031487615104442646,logon_count (z=1.49),6,6,6,1.3333333333333333,0.0,0.0,0.0
DFR0218,2011-05-09,-0.031487615104442646,logon_count (z=1.49),6,6,6,1.3333333333333333,0.0,0.0,0.0
BKW0374,2010-04-28,-0.031487615104442646,logon_count (z=1.52),6,6,6,1.3333333333333333,0.0,0.0,0.0
HWY0038,2010-05-04,-0.031487615104442646,logon_count (z=1.31),6,6,6,1.3333333333333333,0.0,0.0,0.0
HWY0038,2010-05-19,-0.031487615104442646,logon_count (z=1.31),6,6,6,1.3333333333333333,0.0,0.0,0.0
QNP0216,2011-02-23,-0.031487615104442646,logon_count (z=1.40),6,6,6,1.3333333333333333,0.0,0.0,0.0
WPR0368,2010-07-22,-0.031487615104442646,logon_count (z=1.39),6,6,6,1.3333333333333333,0.0,0.0,0.0
WPR0368,2010-08-10,-0.031487615104442646,logon_count (z=1.39),6,6,6,1.3333333333333333,0.0,0.0,0.0
WPR0368,2010-08-11,-0.031487615104442646,logon_count (z=1.39),6,6,6,1.3333333333333333,0.0,0.0,0.0
WPR0368,2010-08-18,-0.031487615104442646,logon_count (z=1.39),6,6,6,1.3333333333333333,0.0,0.0,0.0
KJP0371,2010-06-18,-0.031487615104442646,logon_count (z=1.39),6,6,6,1.3333333333333333,0.0,0.0,0.0
KJP0371,2010-08-06,-0.031487615104442646,logon_count (z=1.39),6,6,6,1.3333333333333333,0.0,0.0,0.0
KJP0371,2010-08-20,-0.031487615104442646,logon_count (z=1.39),6,6,6,1.3333333333333333,0.0,0.0,0.0
KJP0371,2010-08-26,-0.031487615104442646,logon_count (z=1.39),6,6,6,1.3333333333333333,0.0,0.0,0.0
UIR0043,2010-07-29,-0.031487615104442646,logon_count (z=1.32),6,6,6,1.3333333333333333,0.0,0.0,0.0
JGT0221,2010-05-10,-0.031487615104442646,unique_pcs (z=1.19),6,6,6,1.3333333333333333,0.0,0.0,0.0
UIR0043,2010-04-20,-0.031487615104442646,logon_count (z=1.32),6,6,6,1.3333333333333333,0.0,0.0,0.0
UIR0043,2010-04-22,-0.031487615104442646,logon_count (z=1.32),6,6,6,1.3333333333333333,0.0,0.0,0.0
JCC0225,2010-11-08,-0.031487615104442646,logon_count (z=1.43),6,6,6,1.3333333333333333,0.0,0.0,0.0
DFR0218,2010-11-30,-0.031487615104442646,logon_count (z=1.49),6,6,6,1.3333333333333333,0.0,0.0,0.0
QNP0216,2010-04-07,-0.031487615104442646,logon_count (z=1.40),6,6,6,1.3333333333333333,0.0,0.0,0.0
QNP0216,2010-05-27,-0.031487615104442646,logon_count (z=1.40),6,6,6,1.3333333333333333,0.0,0.0,0.0
QNP0216,2010-06-01,-0.031487615104442646,logon_count (z=1.40),6,6,6,1.3333333333333333,0.0,0.0,0.0
QNP0216,2010-06-10,-0.031487615104442646,logon_count (z=1.40),6,6,6,1.3333333333333333,0.0,0.0,0.0
QNP0216,2010-07-16,-0.031487615104442646,logon_count (z=1.40),6,6,6,1.3333333333333333,0.0,0.0,0.0
DFR0218,2010-12-08,-0.031487615104442646,logon_count (z=1.49),6,6,6,1.3333333333333333,0.0,0.0,0.0
DFR0218,2010-12-13,-0.031487615104442646,logon_count (z=1.49),6,6,6,1.3333333333333333,0.0,0.0,0.0
UIR0043,2010-11-11,-0.031487615104442646,logon_count (z=1.32),6,6,6,1.3333333333333333,0.0,0.0,0.0
DFR0218,2011-01-27,-0.031487615104442646,logon_count (z=1.49),6,6,6,1.3333333333333333,0.0,0.0,0.0
DFR0218,2011-02-15,-0.031487615104442646,logon_count (z=1.49),6,6,6,1.3333333333333333,0.0,0.0,0.0
DFR0218,2011-02-21,-0.031487615104442646,logon_count (z=1.49),6,6,6,1.3333333333333333,0.0,0.0,0.0
DFR0218,2011-03-10,-0.031487615104442646,logon_count (z=1.49),6,6,6,1.3333333333333333,0.0,0.0,0.0
HWY0038,2010-04-09,-0.031487615104442646,logon_count (z=1.31),6,6,6,1.3333333333333333,0.0,0.0,0.0
HWY0038,2010-04-12,-0.031487615104442646,logon_count (z=1.31),6,6,6,1.3333333333333333,0.0,0.0,0.0
HWY0038,2010-04-13,-0.031487615104442646,logon_count (z=1.31),6,6,6,1.3333333333333333,0.0,0.0,0.0
DFR0218,2010-06-29,-0.031487615104442646,logon_count (z=1.49),6,6,6,1.3333333333333333,0.0,0.0,0.0
DFR0218,2010-07-22,-0.031487615104442646,logon_count (z=1.49),6,6,6,1.3333333333333333,0.0,0.0,0.0
DFR0218,2010-08-04,-0.031487615104442646,logon_count (z=1.49),6,6,6,1.3333333333333333,0.0,0.0,0.0
DFR0218,2010-08-12,-0.031487615104442646,logon_count (z=1.49),6,6,6,1.3333333333333333,0.0,0.0,0.0
DFR0218,2010-08-17,-0.031487615104442646,logon_count (z=1.49),6,6,6,1.3333333333333333,0.0,0.0,0.0
QNP0216,2010-07-19,-0.031487615104442646,logon_count (z=1.40),6,6,6,1.3333333333333333,0.0,0.0,0.0
QNP0216,2010-07-23,-0.031487615104442646,logon_count (z=1.40),6,6,6,1.3333333333333333,0.0,0.0,0.0
QNP0216,2010-09-08,-0.031487615104442646,logon_count (z=1.40),6,6,6,1.3333333333333333,0.0,0.0,0.0
BKW0374,2010-11-02,-0.031487615104442646,logon_count (z=1.52),6,6,6,1.3333333333333333,0.0,0.0,0.0
ACC0042,2010-02-23,-0.031487615104442646,logon_count (z=1.51),6,6,6,1.3333333333333333,0.0,0.0,0.0
QNP0216,2010-09-27,-0.031487615104442646,logon_count (z=1.40),6,6,6,1.3333333333333333,0.0,0.0,0.0
DFR0218,2010-09-30,-0.031487615104442646,logon_count (z=1.49),6,6,6,1.3333333333333333,0.0,0.0,0.0
DFR0218,2010-10-05,-0.031487615104442646,logon_count (z=1.49),6,6,6,1.3333333333333333,0.0,0.0,0.0
DFR0218,2010-10-13,-0.031487615104442646,logon_count (z=1.49),6,6,6,1.3333333333333333,0.0,0.0,0.0
DFR0218,2010-10-19,-0.031487615104442646,logon_count (z=1.49),6,6,6,1.3333333333333333,0.0,0.0,0.0
DFR0218,2010-11-29,-0.031487615104442646,logon_count (z=1.49),6,6,6,1.3333333333333333,0.0,0.0,0.0
WPR0368,2010-07-02,-0.031487615104442646,logon_count (z=1.39),6,6,6,1.3333333333333333,0.0,0.0,0.0
WPR0368,2010-02-20,-0.031487615104442646,logon_count (z=1.39),6,6,6,1.3333333333333333,0.0,0.0,0.0
WPR0368,2010-02-24,-0.031487615104442646,logon_count (z=1.39),6,6,6,1.3333333333333333,0.0,0.0,0.0
WPR0368,2010-02-25,-0.031487615104442646,logon_count (z=1.39),6,6,6,1.3333333333333333,0.0,0.0,0.0
KJP0371,2010-03-26,-0.031487615104442646,logon_count (z=1.39),6,6,6,1.3333333333333333,0.0,0.0,0.0
KJP0371,2010-04-06,-0.031487615104442646,logon_count (z=1.39),6,6,6,1.3333333333333333,0.0,0.0,0.0
KJP0371,2010-04-23,-0.031487615104442646,logon_count (z=1.39),6,6,6,1.3333333333333333,0.0,0.0,0.0
DFR0218,2010-01-14,-0.031487615104442646,logon_count (z=1.49),6,6,6,1.3333333333333333,0.0,0.0,0.0
DFR0218,2010-02-01,-0.031487615104442646,logon_count (z=1.49),6,6,6,1.3333333333333333,0.0,0.0,0.0
QNP0216,2010-10-21,-0.031487615104442646,logon_count (z=1.40),6,6,6,1.3333333333333333,0.0,0.0,0.0
QNP0216,2010-11-08,-0.031487615104442646,logon_count (z=1.40),6,6,6,1.3333333333333333,0.0,0.0,0.0
QNP0216,2010-12-03,-0.031487615104442646,logon_count (z=1.40),6,6,6,1.3333333333333333,0.0,0.0,0.0
DFR0218,2010-03-11,-0.031487615104442646,logon_count (z=1.49),6,6,6,1.3333333333333333,0.0,0.0,0.0
DFR0218,2010-03-18,-0.031487615104442646,logon_count (z=1.49),6,6,6,1.3333333333333333,0.0,0.0,0.0
DFR0218,2010-04-12,-0.031487615104442646,logon_count (z=1.49),6,6,6,1.3333333333333333,0.0,0.0,0.0
DFR0218,2010-04-23,-0.031487615104442646,logon_count (z=1.49),6,6,6,1.3333333333333333,0.0,0.0,0.0
KJP0371,2010-06-04,-0.031487615104442646,logon_count (z=1.39),6,6,6,1.3333333333333333,0.0,0.0,0.0
KJP0371,2010-06-11,-0.031487615104442646,logon_count (z=1.39),6,6,6,1.3333333333333333,0.0,0.0,0.0
KCF0045,2011-05-12,-0.031487615104442646,logon_count (z=1.39),6,6,6,1.3333333333333333,0.0,0.0,0.0
KJP0371,2010-01-18,-0.031487615104442646,logon_count (z=1.39),6,6,6,1.3333333333333333,0.0,0.0,0.0
KJP0371,2010-01-19,-0.031487615104442646,logon_count (z=1.39),6,6,6,1.3333333333333333,0.0,0.0,0.0
KJP0371,2010-02-02,-0.031487615104442646,logon_count (z=1.39),6,6,6,1.3333333333333333,0.0,0.0,0.0
LBC0356,2010-10-19,-0.031487615104442646,logoff_count (z=1.42),6,6,6,1.3333333333333333,0.0,0.0,0.0
LBC0356,2010-11-12,-0.031487615104442646,logoff_count (z=1.42),6,6,6,1.3333333333333333,0.0,0.0,0.0
WPR0368,2010-04-05,-0.031487615104442646,logon_count (z=1.39),6,6,6,1.3333333333333333,0.0,0.0,0.0
WPR0368,2010-04-09,-0.031487615104442646,logon_count (z=1.39),6,6,6,1.3333333333333333,0.0,0.0,0.0
QNP0216,2011-04-21,-0.031487615104442646,logon_count (z=1.40),6,6,6,1.3333333333333333,0.0,0.0,0.0
QNP0216,2010-12-09,-0.031487615104442646,logon_count (z=1.40),6,6,6,1.3333333333333333,0.0,0.0,0.0
QNP0216,2010-12-16,-0.031487615104442646,logon_count (z=1.40),6,6,6,1.3333333333333333,0.0,0.0,0.0
ACC0042,2010-02-26,-0.031487615104442646,logon_count (z=1.51),6,6,6,1.3333333333333333,0.0,0.0,0.0
WPR0368,2010-06-04,-0.031487615104442646,logon_count (z=1.39),6,6,6,1.3333333333333333,0.0,0.0,0.0
WPR0368,2010-06-23,-0.031487615104442646,logon_count (z=1.39),6,6,6,1.3333333333333333,0.0,0.0,0.0
JCC0225,2010-12-09,-0.031487615104442646,logon_count (z=1.43),6,6,6,1.3333333333333333,0.0,0.0,0.0
JCC0225,2010-12-15,-0.031487615104442646,logon_count (z=1.43),6,6,6,1.3333333333333333,0.0,0.0,0.0
JCC0225,2010-12-28,-0.031487615104442646,logon_count (z=1.43),6,6,6,1.3333333333333333,0.0,0.0,0.0
JCC0225,2010-12-30,-0.031487615104442646,logon_count (z=1.43),6,6,6,1.3333333333333333,0.0,0.0,0.0
JCC0225,2010-09-13,-0.031487615104442646,logon_count (z=1.43),6,6,6,1.3333333333333333,0.0,0.0,0.0
JCC0225,2010-09-20,-0.031487615104442646,logon_count (z=1.43),6,6,6,1.3333333333333333,0.0,0.0,0.0
UIR0043,2010-04-26,-0.031487615104442646,logon_count (z=1.32),6,6,6,1.3333333333333333,0.0,0.0,0.0
UIR0043,2010-06-10,-0.031487615104442646,logon_count (z=1.32),6,6,6,1.3333333333333333,0.0,0.0,0.0
UIR0043,2010-06-17,-0.031487615104442646,logon_count (z=1.32),6,6,6,1.3333333333333333,0.0,0.0,0.0
UIR0043,2010-03-04,-0.031487615104442646,logon_count (z=1.32),6,6,6,1.3333333333333333,0.0,0.0,0.0
JCC0225,2010-08-02,-0.031487615104442646,logon_count (z=1.43),6,6,6,1.3333333333333333,0.0,0.0,0.0
QNP0216,2011-05-13,-0.031487615104442646,logon_count (z=1.40),6,6,6,1.3333333333333333,0.0,0.0,0.0
KJP0371,2010-05-07,-0.031487615104442646,logon_count (z=1.39),6,6,6,1.3333333333333333,0.0,0.0,0.0
KJP0371,2010-05-10,-0.031487615104442646,logon_count (z=1.39),6,6,6,1.3333333333333333,0.0,0.0,0.0
KJP0371,2010-05-28,-0.031487615104442646,logon_count (z=1.39),6,6,6,1.3333333333333333,0.0,0.0,0.0
TSM0363,2010-04-01,-0.031487615104442646,logon_count (z=1.35),6,6,6,1.3333333333333333,0.0,0.0,0.0
TSM0363,2010-04-26,-0.031487615104442646,logon_count (z=1.35),6,6,6,1.3333333333333333,0.0,0.0,0.0
JAV0361,2011-01-06,-0.031487615104442646,logon_count (z=1.46),6,6,6,1.3333333333333333,0.0,0.0,0.0
JAV0361,2011-01-18,-0.031487615104442646,logon_count (z=1.46),6,6,6,1.3333333333333333,0.0,0.0,0.0
JAV0361,2011-01-25,-0.031487615104442646,logon_count (z=1.46),6,6,6,1.3333333333333333,0.0,0.0,0.0
JAV0361,2011-02-16,-0.031487615104442646,logon_count (z=1.46),6,6,6,1.3333333333333333,0.0,0.0,0.0
TSM0363,2010-09-14,-0.031487615104442646,logon_count (z=1.35),6,6,6,1.3333333333333333,0.0,0.0,0.0
TSM0363,2010-09-21,-0.031487615104442646,logon_count (z=1.35),6,6,6,1.3333333333333333,0.0,0.0,0.0
MNS0224,2010-10-25,-0.031487615104442646,logon_count (z=1.40),6,6,6,1.3333333333333333,0.0,0.0,0.0
TSM0363,2010-04-30,-0.031487615104442646,logon_count (z=1.35),6,6,6,1.3333333333333333,0.0,0.0,0.0
TSM0363,2010-05-14,-0.031487615104442646,logon_count (z=1.35),6,6,6,1.3333333333333333,0.0,0.0,0.0
JAV0361,2010-07-19,-0.031487615104442646,logon_count (z=1.46),6,6,6,1.3333333333333333,0.0,0.0,0.0
JAV0361,2010-09-28,-0.031487615104442646,logon_count (z=1.46),6,6,6,1.3333333333333333,0.0,0.0,0.0
MNS0224,2011-03-17,-0.031487615104442646,logon_count (z=1.40),6,6,6,1.3333333333333333,0.0,0.0,0.0
KCF0045,2011-01-10,-0.031487615104442646,logon_count (z=1.39),6,6,6,1.3333333333333333,0.0,0.0,0.0
CSC0217,2010-01-18,-0.031487615104442646,unique_pcs (z=1.27),6,6,6,1.3333333333333333,0.0,0.0,0.0
CSC0217,2010-03-04,-0.031487615104442646,unique_pcs (z=1.27),6,6,6,1.3333333333333333,0.0,0.0,0.0
CSC0217,2010-03-29,-0.031487615104442646,unique_pcs (z=1.27),6,6,6,1.3333333333333333,0.0,0.0,0.0
WPR0368,2010-01-06,-0.031487615104442646,logon_count (z=1.39),6,6,6,1.3333333333333333,0.0,0.0,0.0
WPR0368,2010-02-05,-0.031487615104442646,logon_count (z=1.39),6,6,6,1.3333333333333333,0.0,0.0,0.0
KCF0045,2011-03-08,-0.031487615104442646,logon_count (z=1.39),6,6,6,1.3333333333333333,0.0,0.0,0.0
KCF0045,2011-03-10,-0.031487615104442646,logon_count (z=1.39),6,6,6,1.3333333333333333,0.0,0.0,0.0
KCF0045,2011-04-04,-0.031487615104442646,logon_count (z=1.39),6,6,6,1.3333333333333333,0.0,0.0,0.0
KCF0045,2011-04-25,-0.031487615104442646,logon_count (z=1.39),6,6,6,1.3333333333333333,0.0,0.0,0.0
KCF0045,2011-05-03,-0.031487615104442646,logon_count (z=1.39),6,6,6,1.3333333333333333,0.0,0.0,0.0
KCF0045,2011-05-06,-0.031487615104442646,logon_count (z=1.39),6,6,6,1.3333333333333333,0.0,0.0,0.0
KCF0045,2011-05-11,-0.031487615104442646,logon_count (z=1.39),6,6,6,1.3333333333333333,0.0,0.0,0.0
CSC0217,2010-05-13,-0.031487615104442646,unique_pcs (z=1.27),6,6,6,1.3333333333333333,0.0,0.0,0.0
CSC0217,2010-06-07,-0.031487615104442646,unique_pcs (z=1.27),6,6,6,1.3333333333333333,0.0,0.0,0.0
UIR0043,2011-02-07,-0.031487615104442646,logon_count (z=1.32),6,6,6,1.3333333333333333,0.0,0.0,0.0
UIR0043,2011-02-22,-0.031487615104442646,logon_count (z=1.32),6,6,6,1.3333333333333333,0.0,0.0,0.0
UIR0043,2011-02-25,-0.031487615104442646,logon_count (z=1.32),6,6,6,1.3333333333333333,0.0,0.0,0.0
MNS0224,2011-05-05,-0.031487615104442646,logon_count (z=1.40),6,6,6,1.3333333333333333,0.0,0.0,0.0
CSC0217,2010-01-07,-0.031487615104442646,unique_pcs (z=1.27),6,6,6,1.3333333333333333,0.0,0.0,0.0
KCF0045,2010-10-05,-0.031487615104442646,logon_count (z=1.39),6,6,6,1.3333333333333333,0.0,0.0,0.0
KCF0045,2010-11-12,-0.031487615104442646,logon_count (z=1.39),6,6,6,1.3333333333333333,0.0,0.0,0.0
KCF0045,2010-11-16,-0.031487615104442646,logon_count (z=1.39),6,6,6,1.3333333333333333,0.0,0.0,0.0
KCF0045,2010-11-23,-0.031487615104442646,logon_count (z=1.39),6,6,6,1.3333333333333333,0.0,0.0,0.0
KCF0045,2010-06-29,-0.031487615104442646,logon_count (z=1.39),6,6,6,1.3333333333333333,0.0,0.0,0.0
KCF0045,2011-01-26,-0.031487615104442646,logon_count (z=1.39),6,6,6,1.3333333333333333,0.0,0.0,0.0
KCF0045,2011-02-17,-0.031487615104442646,logon_count (z=1.39),6,6,6,1.3333333333333333,0.0,0.0,0.0
KCF0045,2011-03-07,-0.031487615104442646,logon_count (z=1.39),6,6,6,1.3333333333333333,0.0,0.0,0.0
KCF0045,2010-08-11,-0.031487615104442646,logon_count (z=1.39),6,6,6,1.3333333333333333,0.0,0.0,0.0
KCF0045,2010-08-26,-0.031487615104442646,logon_count (z=1.39),6,6,6,1.3333333333333333,0.0,0.0,0.0
KCF0045,2010-09-21,-0.031487615104442646,logon_count (z=1.39),6,6,6,1.3333333333333333,0.0,0.0,0.0
KCF0045,2010-03-15,-0.031487615104442646,logon_count (z=1.39),6,6,6,1.3333333333333333,0.0,0.0,0.0
KCF0045,2010-03-31,-0.031487615104442646,logon_count (z=1.39),6,6,6,1.3333333333333333,0.0,0.0,0.0
KCF0045,2010-05-04,-0.031487615104442646,logon_count (z=1.39),6,6,6,1.3333333333333333,0.0,0.0,0.0
JCC0225,2010-08-05,-0.031487615104442646,logon_count (z=1.43),6,6,6,1.3333333333333333,0.0,0.0,0.0
JCC0225,2010-08-12,-0.031487615104442646,logon_count (z=1.43),6,6,6,1.3333333333333333,0.0,0.0,0.0
UIR0043,2010-04-14,-0.031487615104442646,logon_count (z=1.32),6,6,6,1.3333333333333333,0.0,0.0,0.0
BBS0039,2010-07-13,-0.031487615104442646,unique_pcs (z=1.27),6,6,6,1.3333333333333333,0.0,0.0,0.0
BBS0039,2010-07-16,-0.031487615104442646,unique_pcs (z=1.27),6,6,6,1.3333333333333333,0.0,0.0,0.0
JRS0362,2010-02-02,-0.031487615104442646,logon_count (z=1.39),6,6,6,1.3333333333333333,0.0,0.0,0.0
JRS0362,2010-02-24,-0.031487615104442646,logon_count (z=1.39),6,6,6,1.3333333333333333,0.0,0.0,0.0
MNS0224,2010-10-15,-0.031487615104442646,logon_count (z=1.40),6,6,6,1.3333333333333333,0.0,0.0,0.0
TSM0363,2010-02-15,-0.031487615104442646,logon_count (z=1.35),6,6,6,1.3333333333333333,0.0,0.0,0.0
TSM0363,2010-02-18,-0.031487615104442646,logon_count (z=1.35),6,6,6,1.3333333333333333,0.0,0.0,0.0
TSM0363,2010-03-12,-0.031487615104442646,logon_count (z=1.35),6,6,6,1.3333333333333333,0.0,0.0,0.0
TSM0363,2010-03-17,-0.031487615104442646,logon_count (z=1.35),6,6,6,1.3333333333333333,0.0,0.0,0.0
JAV0361,2010-04-05,-0.031487615104442646,logon_count (z=1.46),6,6,6,1.3333333333333333,0.0,0.0,0.0
JAV0361,2010-04-27,-0.031487615104442646,logon_count (z=1.46),6,6,6,1.3333333333333333,0.0,0.0,0.0
JAV0361,2010-06-02,-0.031487615104442646,logon_count (z=1.46),6,6,6,1.3333333333333333,0.0,0.0,0.0
WDD0366,2010-12-20,-0.031487615104442646,unique_pcs (z=1.39),6,6,6,1.3333333333333333,0.0,0.0,0.0
JTM0223,2010-06-01,-0.031487615104442646,after_hours_ratio (z=1.33),6,6,6,1.3333333333333333,0.0,0.0,0.0
WDD0366,2010-09-28,-0.031487615104442646,unique_pcs (z=1.39),6,6,6,1.3333333333333333,0.0,0.0,0.0
WDD0366,2010-10-18,-0.031487615104442646,unique_pcs (z=1.39),6,6,6,1.3333333333333333,0.0,0.0,0.0
KCF0045,2010-02-25,-0.031487615104442646,logon_count (z=1.39),6,6,6,1.3333333333333333,0.0,0.0,0.0
WDD0366,2011-03-01,-0.031487615104442646,unique_pcs (z=1.39),6,6,6,1.3333333333333333,0.0,0.0,0.0
JTM0223,2010-06-23,-0.031487615104442646,after_hours_ratio (z=1.33),6,6,6,1.3333333333333333,0.0,0.0,0.0
KCF0045,2010-02-11,-0.031487615104442646,logon_count (z=1.39),6,6,6,1.3333333333333333,0.0,0.0,0.0
KCF0045,2010-02-17,-0.031487615104442646,logon_count (z=1.39),6,6,6,1.3333333333333333,0.0,0.0,0.0
KCF0045,2010-02-18,-0.031487615104442646,logon_count (z=1.39),6,6,6,1.3333333333333333,0.0,0.0,0.0
KCF0045,2010-02-19,-0.031487615104442646,logon_count (z=1.39),6,6,6,1.3333333333333333,0.0,0.0,0.0
JCC0225,2010-03-30,-0.031487615104442646,logon_count (z=1.43),6,6,6,1.3333333333333333,0.0,0.0,0.0
JCC0225,2010-04-06,-0.031487615104442646,logon_count (z=1.43),6,6,6,1.3333333333333333,0.0,0.0,0.0
JCC0225,2010-06-03,-0.031487615104442646,logon_count (z=1.43),6,6,6,1.3333333333333333,0.0,0.0,0.0
JCC0225,2010-06-07,-0.031487615104442646,logon_count (z=1.43),6,6,6,1.3333333333333333,0.0,0.0,0.0
JCC0225,2010-06-22,-0.031487615104442646,logon_count (z=1.43),6,6,6,1.3333333333333333,0.0,0.0,0.0
UIR0043,2010-01-12,-0.031487615104442646,logon_count (z=1.32),6,6,6,1.3333333333333333,0.0,0.0,0.0
UIR0043,2010-01-20,-0.031487615104442646,logon_count (z=1.32),6,6,6,1.3333333333333333,0.0,0.0,0.0
UIR0043,2010-01-21,-0.031487615104442646,logon_count (z=1.32),6,6,6,1.3333333333333333,0.0,0.0,0.0
TSM0363,2011-01-17,-0.031487615104442646,logon_count (z=1.35),6,6,6,1.3333333333333333,0.0,0.0,0.0
TSM0363,2011-01-20,-0.031487615104442646,logon_count (z=1.35),6,6,6,1.3333333333333333,0.0,0.0,0.0
TSM0363,2011-01-24,-0.031487615104442646,logon_count (z=1.35),6,6,6,1.3333333333333333,0.0,0.0,0.0
SAK0375,2010-03-05,-0.031487615104442646,logon_count (z=1.34),6,6,6,1.3333333333333333,0.0,0.0,0.0
SAK0375,2010-03-18,-0.031487615104442646,logon_count (z=1.34),6,6,6,1.3333333333333333,0.0,0.0,0.0
CBB0365,2011-02-01,-0.031487615104442646,after_hours_ratio (z=1.25),6,6,6,1.3333333333333333,0.0,0.0,0.0
CBB0365,2011-05-04,-0.031487615104442646,after_hours_ratio (z=1.25),6,6,6,1.3333333333333333,0.0,0.0,0.0
SAK0375,2010-04-23,-0.031487615104442646,logon_count (z=1.34),6,6,6,1.3333333333333333,0.0,0.0,0.0
SAK0375,2010-06-03,-0.031487615104442646,logon_count (z=1.34),6,6,6,1.3333333333333333,0.0,0.0,0.0
SAK0375,2010-06-21,-0.031487615104442646,logon_count (z=1.34),6,6,6,1.3333333333333333,0.0,0.0,0.0
SAK0375,2010-06-22,-0.031487615104442646,logon_count (z=1.34),6,6,6,1.3333333333333333,0.0,0.0,0.0
SAK0375,2010-06-29,-0.031487615104442646,logon_count (z=1.34),6,6,6,1.3333333333333333,0.0,0.0,0.0
SAK0375,2010-02-03,-0.031487615104442646,logon_count (z=1.34),6,6,6,1.3333333333333333,0.0,0.0,0.0
SAK0375,2010-02-04,-0.031487615104442646,logon_count (z=1.34),6,6,6,1.3333333333333333,0.0,0.0,0.0
SAK0375,2010-02-11,-0.031487615104442646,logon_count (z=1.34),6,6,6,1.3333333333333333,0.0,0.0,0.0
SAK0375,2010-03-01,-0.031487615104442646,logon_count (z=1.34),6,6,6,1.3333333333333333,0.0,0.0,0.0
MNS0224,2011-05-11,-0.031487615104442646,logon_count (z=1.40),6,6,6,1.3333333333333333,0.0,0.0,0.0
JLM0364,2011-01-27,-0.031487615104442646,unique_pcs (z=1.47),6,6,6,1.3333333333333333,0.0,0.0,0.0
JCC0225,2010-03-22,-0.031487615104442646,logon_count (z=1.43),6,6,6,1.3333333333333333,0.0,0.0,0.0
JCC0225,2010-03-25,-0.031487615104442646,logon_count (z=1.43),6,6,6,1.3333333333333333,0.0,0.0,0.0
JRS0362,2010-08-26,-0.031487615104442646,logon_count (z=1.39),6,6,6,1.3333333333333333,0.0,0.0,0.0
MNS0224,2010-07-28,-0.031487615104442646,logon_count (z=1.40),6,6,6,1.3333333333333333,0.0,0.0,0.0
BBS0039,2010-06-07,-0.031487615104442646,unique_pcs (z=1.27),6,6,6,1.3333333333333333,0.0,0.0,0.0
MNS0224,2010-05-19,-0.031487615104442646,logon_count (z=1.40),6,6,6,1.3333333333333333,0.0,0.0,0.0
MNS0224,2010-11-24,-0.031487615104442646,logon_count (z=1.40),6,6,6,1.3333333333333333,0.0,0.0,0.0
JRS0362,2010-06-09,-0.031487615104442646,logon_count (z=1.39),6,6,6,1.3333333333333333,0.0,0.0,0.0
JAV0361,2010-02-01,-0.031487615104442646,logon_count (z=1.46),6,6,6,1.3333333333333333,0.0,0.0,0.0
JAV0361,2010-02-10,-0.031487615104442646,logon_count (z=1.46),6,6,6,1.3333333333333333,0.0,0.0,0.0
MNS0224,2010-08-05,-0.031487615104442646,logon_count (z=1.40),6,6,6,1.3333333333333333,0.0,0.0,0.0
MNS0224,2010-08-13,-0.031487615104442646,logon_count (z=1.40),6,6,6,1.3333333333333333,0.0,0.0,0.0
MNS0224,2010-08-18,-0.031487615104442646,logon_count (z=1.40),6,6,6,1.3333333333333333,0.0,0.0,0.0
MNS0224,2010-09-24,-0.031487615104442646,logon_count (z=1.40),6,6,6,1.3333333333333333,0.0,0.0,0.0
JRS0362,2010-09-03,-0.031487615104442646,logon_count (z=1.39),6,6,6,1.3333333333333333,0.0,0.0,0.0
JRS0362,2010-10-04,-0.031487615104442646,logon_count (z=1.39),6,6,6,1.3333333333333333,0.0,0.0,0.0
MNS0224,2010-04-22,-0.031487615104442646,logon_count (z=1.40),6,6,6,1.3333333333333333,0.0,0.0,0.0
SAK0375,2011-02-10,-0.031487615104442646,logon_count (z=1.34),6,6,6,1.3333333333333333,0.0,0.0,0.0
SAK0375,2011-03-03,-0.031487615104442646,logon_count (z=1.34),6,6,6,1.3333333333333333,0.0,0.0,0.0
CBB0365,2010-05-20,-0.031487615104442646,after_hours_ratio (z=1.25),6,6,6,1.3333333333333333,0.0,0.0,0.0
SAK0375,2010-10-19,-0.031487615104442646,logon_count (z=1.34),6,6,6,1.3333333333333333,0.0,0.0,0.0
SAK0375,2010-10-21,-0.031487615104442646,logon_count (z=1.34),6,6,6,1.3333333333333333,0.0,0.0,0.0
SAK0375,2010-10-26,-0.031487615104442646,logon_count (z=1.34),6,6,6,1.3333333333333333,0.0,0.0,0.0
SAK0375,2010-11-23,-0.031487615104442646,logon_count (z=1.34),6,6,6,1.3333333333333333,0.0,0.0,0.0
SAK0375,2010-12-09,-0.031487615104442646,logon_count (z=1.34),6,6,6,1.3333333333333333,0.0,0.0,0.0
CBB0365,2010-11-16,-0.031487615104442646,after_hours_ratio (z=1.25),6,6,6,1.3333333333333333,0.0,0.0,0.0
CBB0365,2010-11-23,-0.031487615104442646,after_hours_ratio (z=1.25),6,6,6,1.3333333333333333,0.0,0.0,0.0
SAK0375,2010-07-09,-0.031487615104442646,logon_count (z=1.34),6,6,6,1.3333333333333333,0.0,0.0,0.0
SAK0375,2010-10-04,-0.031487615104442646,logon_count (z=1.34),6,6,6,1.3333333333333333,0.0,0.0,0.0
SAK0375,2010-10-14,-0.031487615104442646,logon_count (z=1.34),6,6,6,1.3333333333333333,0.0,0.0,0.0
CBB0365,2011-01-03,-0.031487615104442646,after_hours_ratio (z=1.25),6,6,6,1.3333333333333333,0.0,0.0,0.0
JAV0361,2010-06-03,-0.031487615104442646,logon_count (z=1.46),6,6,6,1.3333333333333333,0.0,0.0,0.0
SAK0375,2011-05-09,-0.031487615104442646,logon_count (z=1.34),6,6,6,1.3333333333333333,0.0,0.0,0.0
SAK0375,2011-05-13,-0.031487615104442646,logon_count (z=1.34),6,6,6,1.3333333333333333,0.0,0.0,0.0
SAK0375,2011-03-22,-0.031487615104442646,logon_count (z=1.34),6,6,6,1.3333333333333333,0.0,0.0,0.0
SAK0375,2011-04-01,-0.031487615104442646,logon_count (z=1.34),6,6,6,1.3333333333333333,0.0,0.0,0.0
SAK0375,2011-04-19,-0.031487615104442646,logon_count (z=1.34),6,6,6,1.3333333333333333,0.0,0.0,0.0
SAK0375,2011-04-26,-0.031487615104442646,logon_count (z=1.34),6,6,6,1.3333333333333333,0.0,0.0,0.0
MNS0224,2010-07-06,-0.031487615104442646,logon_count (z=1.40),6,6,6,1.3333333333333333,0.0,0.0,0.0
JTM0223,2010-02-08,-0.031487615104442646,after_hours_ratio (z=1.33),6,6,6,1.3333333333333333,0.0,0.0,0.0
JTM0223,2010-02-11,-0.031487615104442646,after_hours_ratio (z=1.33),6,6,6,1.3333333333333333,0.0,0.0,0.0
MNS0224,2010-03-10,-0.031487615104442646,logon_count (z=1.40),6,6,6,1.3333333333333333,0.0,0.0,0.0
MNS0224,2010-03-16,-0.031487615104442646,logon_count (z=1.40),6,6,6,1.3333333333333333,0.0,0.0,0.0
CBB0365,2010-04-30,-0.031487615104442646,after_hours_ratio (z=1.25),6,6,6,1.3333333333333333,0.0,0.0,0.0
SAK0375,2011-01-05,-0.031487615104442646,logon_count (z=1.34),6,6,6,1.3333333333333333,0.0,0.0,0.0
SAK0375,2011-01-13,-0.031487615104442646,logon_count (z=1.34),6,6,6,1.3333333333333333,0.0,0.0,0.0
SAK0375,2011-02-03,-0.031487615104442646,logon_count (z=1.34),6,6,6,1.3333333333333333,0.0,0.0,0.0
TSM0363,2011-02-01,-0.031487615104442646,logon_count (z=1.35),6,6,6,1.3333333333333333,0.0,0.0,0.0
TSM0363,2011-02-23,-0.031487615104442646,logon_count (z=1.35),6,6,6,1.3333333333333333,0.0,0.0,0.0
JAV0361,2011-05-12,-0.031487615104442646,logon_count (z=1.46),6,6,6,1.3333333333333333,0.0,0.0,0.0
JCC0225,2010-01-22,-0.031487615104442646,logon_count (z=1.43),6,6,6,1.3333333333333333,0.0,0.0,0.0
JCC0225,2010-01-26,-0.031487615104442646,logon_count (z=1.43),6,6,6,1.3333333333333333,0.0,0.0,0.0
JRS0362,2010-01-04,-0.031487615104442646,logon_count (z=1.39),6,6,6,1.3333333333333333,0.0,0.0,0.0
JRS0362,2010-01-11,-0.031487615104442646,logon_count (z=1.39),6,6,6,1.3333333333333333,0.0,0.0,0.0
JRS0362,2010-01-22,-0.031487615104442646,logon_count (z=1.39),6,6,6,1.3333333333333333,0.0,0.0,0.0
JLM0364,2011-03-02,-0.031487615104442646,unique_pcs (z=1.47),6,6,6,1.3333333333333333,0.0,0.0,0.0
JLM0364,2011-03-17,-0.031487615104442646,unique_pcs (z=1.47),6,6,6,1.3333333333333333,0.0,0.0,0.0
JLM0364,2011-03-23,-0.031487615104442646,unique_pcs (z=1.47),6,6,6,1.3333333333333333,0.0,0.0,0.0
JLM0364,2011-03-25,-0.031487615104442646,unique_pcs (z=1.47),6,6,6,1.3333333333333333,0.0,0.0,0.0
JLM0364,2011-04-06,-0.031487615104442646,unique_pcs (z=1.47),6,6,6,1.3333333333333333,0.0,0.0,0.0
MNS0224,2010-06-15,-0.031487615104442646,logon_count (z=1.40),6,6,6,1.3333333333333333,0.0,0.0,0.0
SAK0375,2011-05-05,-0.031487615104442646,logon_count (z=1.34),6,6,6,1.3333333333333333,0.0,0.0,0.0
MNS0224,2010-07-01,-0.031487615104442646,logon_count (z=1.40),6,6,6,1.3333333333333333,0.0,0.0,0.0
JRS0362,2011-01-20,-0.031487615104442646,logon_count (z=1.39),6,6,6,1.3333333333333333,0.0,0.0,0.0
JRS0362,2011-02-03,-0.031487615104442646,logon_count (z=1.39),6,6,6,1.3333333333333333,0.0,0.0,0.0
BBS0039,2010-01-14,-0.031487615104442646,unique_pcs (z=1.27),6,6,6,1.3333333333333333,0.0,0.0,0.0
BBS0039,2010-02-15,-0.031487615104442646,unique_pcs (z=1.27),6,6,6,1.3333333333333333,0.0,0.0,0.0
BBS0039,2010-03-04,-0.031487615104442646,unique_pcs (z=1.27),6,6,6,1.3333333333333333,0.0,0.0,0.0
BBS0039,2010-03-11,-0.031487615104442646,unique_pcs (z=1.27),6,6,6,1.3333333333333333,0.0,0.0,0.0
SOB0360,2010-01-25,-0.031487615104442646,logon_count (z=1.51),6,6,6,1.3333333333333333,0.0,0.0,0.0
WDD0366,2010-03-24,-0.031487615104442646,unique_pcs (z=1.39),6,6,6,1.3333333333333333,0.0,0.0,0.0
JRS0362,2011-02-25,-0.031487615104442646,logon_count (z=1.39),6,6,6,1.3333333333333333,0.0,0.0,0.0
JRS0362,2011-03-07,-0.031487615104442646,logon_count (z=1.39),6,6,6,1.3333333333333333,0.0,0.0,0.0
JRS0362,2011-04-12,-0.031487615104442646,logon_count (z=1.39),6,6,6,1.3333333333333333,0.0,0.0,0.0
MNS0224,2010-05-25,-0.031487615104442646,logon_count (z=1.40),6,6,6,1.3333333333333333,0.0,0.0,0.0
BBS0039,2010-06-01,-0.031487615104442646,unique_pcs (z=1.27),6,6,6,1.3333333333333333,0.0,0.0,0.0
BBS0039,2010-06-03,-0.031487615104442646,unique_pcs (z=1.27),6,6,6,1.3333333333333333,0.0,0.0,0.0
UIR0043,2011-04-20,-0.031487615104442646,logon_count (z=1.32),6,6,6,1.3333333333333333,0.0,0.0,0.0
UIR0043,2011-04-25,-0.031487615104442646,logon_count (z=1.32),6,6,6,1.3333333333333333,0.0,0.0,0.0
SOB0360,2010-08-18,-0.031487615104442646,logon_count (z=1.51),6,6,6,1.3333333333333333,0.0,0.0,0.0
SOB0360,2010-09-08,-0.031487615104442646,logon_count (z=1.51),6,6,6,1.3333333333333333,0.0,0.0,0.0
SOB0360,2010-05-04,-0.031487615104442646,logon_count (z=1.51),6,6,6,1.3333333333333333,0.0,0.0,0.0
SOB0360,2010-05-06,-0.031487615104442646,logon_count (z=1.51),6,6,6,1.3333333333333333,0.0,0.0,0.0
SOB0360,2010-05-07,-0.031487615104442646,logon_count (z=1.51),6,6,6,1.3333333333333333,0.0,0.0,0.0
SOB0360,2010-06-29,-0.031487615104442646,logon_count (z=1.51),6,6,6,1.3333333333333333,0.0,0.0,0.0
SOB0360,2010-07-06,-0.031487615104442646,logon_count (z=1.51),6,6,6,1.3333333333333333,0.0,0.0,0.0
SOB0360,2010-07-27,-0.031487615104442646,logon_count (z=1.51),6,6,6,1.3333333333333333,0.0,0.0,0.0
SOB0360,2010-03-02,-0.031487615104442646,logon_count (z=1.51),6,6,6,1.3333333333333333,0.0,0.0,0.0
SOB0360,2010-03-23,-0.031487615104442646,logon_count (z=1.51),6,6,6,1.3333333333333333,0.0,0.0,0.0
SOB0360,2010-03-30,-0.031487615104442646,logon_count (z=1.51),6,6,6,1.3333333333333333,0.0,0.0,0.0
JAV0361,2011-03-18,-0.031487615104442646,logon_count (z=1.46),6,6,6,1.3333333333333333,0.0,0.0,0.0
JAV0361,2011-04-05,-0.031487615104442646,logon_count (z=1.46),6,6,6,1.3333333333333333,0.0,0.0,0.0
JAV0361,2011-04-18,-0.031487615104442646,logon_count (z=1.46),6,6,6,1.3333333333333333,0.0,0.0,0.0
JRS0362,2010-10-14,-0.031487615104442646,logon_count (z=1.39),6,6,6,1.3333333333333333,0.0,0.0,0.0
JRS0362,2010-10-28,-0.031487615104442646,logon_count (z=1.39),6,6,6,1.3333333333333333,0.0,0.0,0.0
JRS0362,2010-06-30,-0.031487615104442646,logon_count (z=1.39),6,6,6,1.3333333333333333,0.0,0.0,0.0
JRS0362,2010-07-21,-0.031487615104442646,logon_count (z=1.39),6,6,6,1.3333333333333333,0.0,0.0,0.0
JRS0362,2010-07-26,-0.031487615104442646,logon_count (z=1.39),6,6,6,1.3333333333333333,0.0,0.0,0.0
BBS0039,2010-03-18,-0.031487615104442646,unique_pcs (z=1.27),6,6,6,1.3333333333333333,0.0,0.0,0.0
BBS0039,2010-04-16,-0.031487615104442646,unique_pcs (z=1.27),6,6,6,1.3333333333333333,0.0,0.0,0.0
BBS0039,2010-04-20,-0.031487615104442646,unique_pcs (z=1.27),6,6,6,1.3333333333333333,0.0,0.0,0.0
BBS0039,2010-04-22,-0.031487615104442646,unique_pcs (z=1.27),6,6,6,1.3333333333333333,0.0,0.0,0.0
BBS0039,2010-05-06,-0.031487615104442646,unique_pcs (z=1.27),6,6,6,1.3333333333333333,0.0,0.0,0.0
BBS0039,2010-05-12,-0.031487615104442646,unique_pcs (z=1.27),6,6,6,1.3333333333333333,0.0,0.0,0.0
KSP0357,2010-06-07,-0.031487615104442646,logon_count (z=1.43),6,6,6,1.3333333333333333,0.0,0.0,0.0
KSP0357,2010-06-15,-0.031487615104442646,logon_count (z=1.43),6,6,6,1.3333333333333333,0.0,0.0,0.0
KSP0357,2010-08-06,-0.031487615104442646,logon_count (z=1.43),6,6,6,1.3333333333333333,0.0,0.0,0.0
MNS0224,2010-12-17,-0.031487615104442646,logon_count (z=1.40),6,6,6,1.3333333333333333,0.0,0.0,0.0
MNS0224,2011-01-04,-0.031487615104442646,logon_count (z=1.40),6,6,6,1.3333333333333333,0.0,0.0,0.0
TSM0363,2011-03-01,-0.031487615104442646,logon_count (z=1.35),6,6,6,1.3333333333333333,0.0,0.0,0.0
TSM0363,2011-03-16,-0.031487615104442646,logon_count (z=1.35),6,6,6,1.3333333333333333,0.0,0.0,0.0
TSM0363,2011-03-23,-0.031487615104442646,logon_count (z=1.35),6,6,6,1.3333333333333333,0.0,0.0,0.0
TSM0363,2010-12-21,-0.031487615104442646,logon_count (z=1.35),6,6,6,1.3333333333333333,0.0,0.0,0.0
TSM0363,2011-01-04,-0.031487615104442646,logon_count (z=1.35),6,6,6,1.3333333333333333,0.0,0.0,0.0
JAV0361,2011-03-07,-0.031487615104442646,logon_count (z=1.46),6,6,6,1.3333333333333333,0.0,0.0,0.0
EIS0041,2010-06-25,-0.03138717490703857,logoff_count (z=-0.70),4,3,3,1.0,3.0,14.0,14.0
WDD0366,2011-03-03,-0.03136296268284,after_hours_ratio (z=1.55),6,6,5,1.5,0.0,0.0,0.0
DLM0051,2010-06-27,-0.03133594156997055,logon_count (z=2.34),3,2,2,0.3333333333333333,9.0,25.0,25.0
AJF0370,2010-12-02,-0.03133594156997055,device_connects (z=-2.24),3,2,2,0.6666666666666666,8.0,21.0,21.0
DLM0051,2010-06-09,-0.03133594156997055,logon_count (z=2.34),3,2,2,0.3333333333333333,9.0,25.0,25.0
BJM0111,2010-03-24,-0.03133594156997055,logoff_count (z=2.35),2,2,1,1.0,8.0,20.0,20.0
DLM0051,2010-02-09,-0.03133594156997055,logon_count (z=2.34),3,2,2,0.3333333333333333,9.0,25.0,25.0
BJM0111,2010-06-04,-0.03133594156997055,logoff_count (z=2.35),2,2,1,1.0,8.0,20.0,20.0
GNS0178,2010-07-21,-0.03132135519201651,after_hours_ratio (z=2.46),3,2,1,0.6666666666666666,2.0,27.0,27.0
IBB0359,2010-07-22,-0.03131348435833725,after_hours_ratio (z=-2.34),4,4,4,0.0,11.0,1.0,1.0
BAL0044,2011-01-18,-0.031225338119917567,logon_count (z=0.72),6,5,4,1.0,3.0,5.0,5.0
BSS0369,2010-06-21,-0.031176808333552408,logon_count (z=-0.71),3,3,3,0.6666666666666666,11.0,9.0,9.0
DLM0051,2011-04-07,-0.03114017222254073,logon_count (z=2.34),3,2,2,0.6666666666666666,9.0,19.0,19.0
AJF0370,2011-04-19,-0.03114017222254073,device_connects (z=-1.59),3,2,2,0.6666666666666666,9.0,19.0,19.0
HDS0367,2010-06-21,-0.03113240383883864,after_hours_ratio (z=0.71),5,4,4,1.2,3.0,8.0,8.0
HDS0367,2011-01-10,-0.03113240383883864,after_hours_ratio (z=0.71),5,4,4,1.2,3.0,8.0,8.0
BAL0044,2010-02-19,-0.03113240383883864,after_hours_ratio (z=0.79),5,4,4,1.2,3.0,8.0,8.0
MOS0047,2010-03-29,-0.03113240383883864,device_connects (z=-0.95),5,4,4,1.2,3.0,8.0,8.0
MAR0955,2011-02-05,-0.031007490674056726,after_hours_ratio (z=11.78),1,1,1,2.0,5.0,24.0,24.0
CCA0046,2010-02-05,-0.030993347763129342,file_count (z=-1.08),5,5,5,1.2,5.0,1.0,1.0
BJM0111,2011-03-07,-0.030905080867405732,logoff_count (z=2.35),1,2,1,1.0,7.0,26.0,26.0
IBB0359,2010-08-26,-0.030878675548165146,after_hours_ratio (z=-1.03),4,3,3,0.5,11.0,8.0,8.0
BJM0111,2011-01-19,-0.03084205439821175,logoff_count (z=2.35),2,2,1,1.0,8.0,22.0,22.0
BJM0111,2010-05-13,-0.03084205439821175,logoff_count (z=2.35),2,2,1,1.0,8.0,22.0,22.0
CLB0774,2010-04-07,-0.03084205439821175,logoff_count (z=2.04),2,2,1,1.0,8.0,22.0,22.0
HWY0038,2010-06-03,-0.030821674785061037,after_hours_ratio (z=-2.30),6,6,6,0.16666666666666666,0.0,0.0,0.0
GHL0460,2010-11-03,-0.030646417460844844,after_hours_ratio (z=12.32),2,2,1,1.0,4.0,22.0,22.0
GNS0178,2010-02-09,-0.030580664511015487,after_hours_ratio (z=2.46),3,2,1,0.6666666666666666,1.0,27.0,27.0
GNS0178,2011-05-06,-0.030580664511015487,after_hours_ratio (z=2.46),3,2,1,0.6666666666666666,1.0,27.0,27.0
GNS0178,2010-08-05,-0.030580664511015487,after_hours_ratio (z=2.46),3,2,1,0.6666666666666666,1.0,27.0,27.0
BAL0044,2010-06-18,-0.030521348053595743,device_connects (z=1.20),5,4,4,1.2,5.0,5.0,5.0
CLB0774,2010-04-13,-0.030399665327140335,logoff_count (z=2.04),2,2,1,1.0,9.0,22.0,22.0
CLB0774,2010-08-19,-0.030399665327140335,logoff_count (z=2.04),2,2,1,1.0,9.0,22.0,22.0
CLB0774,2010-03-19,-0.030399665327140335,logoff_count (z=2.04),2,2,1,1.0,9.0,22.0,22.0
MSH0040,2010-04-05,-0.030352837481140593,logon_count (z=1.27),6,6,6,0.8333333333333334,0.0,0.0,0.0
JGT0221,2010-03-26,-0.030352837481140593,unique_pcs (z=1.19),6,6,6,0.8333333333333334,0.0,0.0,0.0
QNP0216,2010-09-16,-0.030352837481140593,logon_count (z=1.40),6,6,6,0.8333333333333334,0.0,0.0,0.0
QNP0216,2010-09-10,-0.030352837481140593,logon_count (z=1.40),6,6,6,0.8333333333333334,0.0,0.0,0.0
UIR0043,2011-05-03,-0.030352837481140593,logon_count (z=1.32),6,6,6,0.8333333333333334,0.0,0.0,0.0
UIR0043,2011-02-03,-0.030352837481140593,logon_count (z=1.32),6,6,6,0.8333333333333334,0.0,0.0,0.0
DFR0218,2011-01-07,-0.030352837481140593,logon_count (z=1.49),6,6,6,0.8333333333333334,0.0,0.0,0.0
UIR0043,2010-05-25,-0.030352837481140593,logon_count (z=1.32),6,6,6,0.8333333333333334,0.0,0.0,0.0
KCF0045,2010-06-25,-0.030352837481140593,logon_count (z=1.39),6,6,6,0.8333333333333334,0.0,0.0,0.0
KJP0371,2010-12-09,-0.030352837481140593,logon_count (z=1.39),6,6,6,0.8333333333333334,0.0,0.0,0.0
JLM0364,2011-02-28,-0.030352837481140593,unique_pcs (z=1.47),6,6,6,0.8333333333333334,0.0,0.0,0.0
UIR0043,2010-04-15,-0.030352837481140593,logon_count (z=1.32),6,6,6,0.8333333333333334,0.0,0.0,0.0
HWY0038,2010-01-20,-0.030352837481140593,logon_count (z=1.31),6,6,6,0.8333333333333334,0.0,0.0,0.0
QNP0216,2010-01-29,-0.030352837481140593,logon_count (z=1.40),6,6,6,0.8333333333333334,0.0,0.0,0.0
BBS0039,2010-06-18,-0.030352837481140593,unique_pcs (z=1.27),6,6,6,0.8333333333333334,0.0,0.0,0.0
BBS0039,2010-03-25,-0.030352837481140593,unique_pcs (z=1.27),6,6,6,0.8333333333333334,0.0,0.0,0.0
UIR0043,2010-08-27,-0.030352837481140593,logon_count (z=1.32),6,6,6,0.8333333333333334,0.0,0.0,0.0
SAK0375,2011-05-02,-0.030352837481140593,logon_count (z=1.34),6,6,6,0.8333333333333334,0.0,0.0,0.0
BAL0044,2010-08-12,-0.03031309879029298,device_connects (z=-0.85),5,4,4,1.2,2.0,8.0,8.0
CLB0774,2010-12-07,-0.030215963608817398,logoff_count (z=2.04),1,2,1,1.0,9.0,21.0,21.0
CLB0774,2010-12-10,-0.030215963608817398,logoff_count (z=2.04),1,2,1,1.0,9.0,21.0,21.0
IBB0359,2010-06-07,-0.030138433905749107,logoff_count (z=-1.37),3,2,2,1.0,10.0,9.0,9.0
HSB0196,2010-08-31,-0.0301136648605268,after_hours_ratio (z=5.07),1,2,1,1.0,8.0,27.0,27.0
HSB0196,2011-03-02,-0.0301136648605268,after_hours_ratio (z=5.07),1,2,1,1.0,8.0,27.0,27.0
MOS0047,2010-01-26,-0.030108654430790582,after_hours_ratio (z=-0.82),5,4,4,0.6,5.0,8.0,8.0
THR0873,2010-12-20,-0.030050706740415545,after_hours_ratio (z=3.99),2,2,1,1.0,8.0,23.0,23.0
CCA0046,2010-09-01,-0.030020930848998928,file_count (z=-1.08),5,5,5,0.8,5.0,1.0,1.0
BJM0111,2010-12-10,-0.029969357070077307,logoff_count (z=2.35),1,2,1,1.0,8.0,21.0,21.0
DLM0051,2010-01-19,-0.02988601938746227,device_connects (z=-2.56),2,2,2,0.5,7.0,27.0,27.0
CCA0046,2010-06-15,-0.029847527250844275,file_count (z=-0.94),5,5,5,1.2,4.0,2.0,2.0
BAL0044,2010-01-15,-0.029781468871560968,after_hours_ratio (z=0.79),5,4,4,1.2,3.0,7.0,7.0
EIS0041,2010-09-10,-0.029781468871560968,after_hours_ratio (z=0.79),5,4,4,1.2,3.0,7.0,7.0
MOS0047,2010-04-06,-0.029744902782217086,device_connects (z=-0.49),5,4,4,0.8,4.0,7.0,7.0
EIS0041,2011-03-11,-0.029744902782217086,file_count (z=-0.49),5,4,4,0.8,4.0,7.0,7.0
WIF0691,2010-09-15,-0.029602965481503762,logoff_count (z=5.79),2,2,2,0.5,9.0,27.0,27.0
DLM0051,2010-05-20,-0.029602965481503762,logoff_count (z=2.19),2,2,2,0.5,9.0,27.0,27.0
DLM0051,2010-04-14,-0.029602965481503762,logoff_count (z=2.19),2,2,2,0.5,9.0,27.0,27.0
DLM0051,2010-04-25,-0.029602965481503762,logoff_count (z=2.19),2,2,2,0.5,9.0,27.0,27.0
DLM0051,2010-05-09,-0.029602965481503762,logoff_count (z=2.19),2,2,2,0.5,9.0,27.0,27.0
IBB0359,2010-08-12,-0.02957020808159505,after_hours_ratio (z=0.94),4,3,3,1.25,10.0,4.0,4.0
BMG0917,2010-08-09,-0.029506583860952174,after_hours_ratio (z=1.38),2,1,1,1.0,9.0,27.0,27.0
CCA0046,2010-07-22,-0.029506583860952174,after_hours_ratio (z=1.05),4,4,4,1.5,5.0,2.0,2.0
HSB0196,2010-05-20,-0.02947639419796999,after_hours_ratio (z=5.07),1,2,1,1.0,7.0,25.0,25.0
MOS0047,2010-04-09,-0.029450040571915137,logoff_count (z=-0.81),4,3,3,1.0,6.0,10.0,10.0
CLB0774,2011-03-30,-0.029362396245058542,logoff_count (z=2.04),2,2,1,1.0,9.0,24.0,24.0
CLB0774,2010-06-03,-0.029362396245058542,logoff_count (z=2.04),2,2,1,1.0,9.0,24.0,24.0
CLB0774,2010-05-28,-0.02931130496029477,logoff_count (z=2.04),2,2,1,1.0,8.0,24.0,24.0
CLB0774,2010-11-11,-0.02931130496029477,logoff_count (z=2.04),2,2,1,1.0,8.0,24.0,24.0
BJM0111,2010-12-25,-0.02931130496029477,logoff_count (z=2.35),2,2,1,1.0,8.0,24.0,24.0
THR0873,2010-10-21,-0.02931130496029477,after_hours_ratio (z=3.99),2,2,1,1.0,8.0,24.0,24.0
CLB0774,2010-01-15,-0.02931130496029477,logoff_count (z=2.04),2,2,1,1.0,8.0,24.0,24.0
HSB0196,2010-05-28,-0.02931130496029477,after_hours_ratio (z=5.07),2,2,1,1.0,8.0,24.0,24.0
DLM0051,2011-04-02,-0.02931130496029477,logon_count (z=2.34),3,2,2,0.3333333333333333,8.0,25.0,25.0
BJM0111,2010-10-13,-0.02931130496029477,logoff_count (z=2.35),2,2,1,1.0,8.0,24.0,24.0
TDS0984,2011-05-06,-0.029290498352850025,logoff_count (z=5.10),3,3,3,0.0,1.0,23.0,23.0
MDM0625,2010-01-18,-0.02926021725993999,logon_count (z=2.47),3,2,2,0.0,7.0,27.0,27.0
MDM0625,2011-04-04,-0.02926021725993999,logon_count (z=2.47),3,2,2,0.0,7.0,27.0,27.0
MDM0625,2010-06-22,-0.02926021725993999,logon_count (z=2.47),3,2,2,0.0,7.0,27.0,27.0
BJM0111,2011-04-08,-0.029167156000783456,logoff_count (z=2.35),2,2,1,1.0,8.0,19.0,19.0
HDS0367,2010-07-19,-0.029042340196818506,after_hours_ratio (z=0.71),5,4,4,1.2,3.0,6.0,6.0
EIS0041,2011-02-15,-0.029042340196818506,file_count (z=-1.02),5,5,5,0.8,3.0,3.0,3.0
CLB0774,2011-03-02,-0.02898376474498965,logoff_count (z=2.04),1,2,1,1.0,9.0,20.0,20.0
CLB0774,2011-01-14,-0.02898376474498965,logoff_count (z=2.04),1,2,1,1.0,9.0,20.0,20.0
CCA0046,2010-09-21,-0.0289719680999877,file_count (z=1.28),3,3,3,0.6666666666666666,4.0,17.0,17.0
BAL0044,2010-02-10,-0.028876636923343968,after_hours_ratio (z=-1.31),5,4,4,0.4,5.0,8.0,8.0
GTD0219,2010-02-01,-0.028876636923343968,file_count (z=-1.27),5,5,5,0.8,4.0,2.0,2.0
CLB0774,2011-02-18,-0.028869843895446667,logoff_count (z=2.04),2,2,1,1.0,9.0,23.0,23.0
BJM0111,2010-12-07,-0.028869843895446667,logoff_count (z=2.35),2,2,1,1.0,9.0,23.0,23.0
CLB0774,2010-09-30,-0.028869843895446667,logoff_count (z=2.04),2,2,1,1.0,9.0,23.0,23.0
CLB0774,2011-01-25,-0.028869843895446667,logoff_count (z=2.04),2,2,1,1.0,9.0,23.0,23.0
CLB0774,2010-10-28,-0.028869843895446667,logoff_count (z=2.04),2,2,1,1.0,9.0,23.0,23.0
BMG0917,2010-10-22,-0.028869843895446667,logoff_count (z=4.28),2,2,1,1.0,9.0,23.0,23.0
AJR0932,2010-09-16,-0.028869843895446667,device_connects (z=9.79),2,2,1,1.0,9.0,23.0,23.0
DLM0051,2011-02-01,-0.028818787166655646,logon_count (z=2.34),3,2,2,0.0,10.0,23.0,23.0
WDD0366,2011-03-02,-0.02864326338257761,device_connects (z=5.46),7,5,5,0.7142857142857143,1.0,0.0,0.0
BAL0044,2011-02-02,-0.028630483393028205,after_hours_ratio (z=-0.26),5,4,4,0.8,3.0,8.0,8.0
BAL0044,2010-04-22,-0.028630483393028205,after_hours_ratio (z=-0.26),5,4,4,0.8,3.0,8.0,8.0
EIS0041,2011-01-05,-0.028630483393028205,device_connects (z=-0.49),5,4,4,0.8,3.0,8.0,8.0
BAL0044,2010-11-05,-0.028630483393028205,after_hours_ratio (z=-0.26),5,4,4,0.8,3.0,8.0,8.0
BAL0044,2010-05-18,-0.028630483393028205,after_hours_ratio (z=-0.26),5,4,4,0.8,3.0,8.0,8.0
GTD0219,2010-02-15,-0.028501652361370033,device_connects (z=-0.65),4,4,4,1.0,3.0,10.0,10.0
PNH0761,2011-02-25,-0.028491903894329318,logon_count (z=3.56),3,2,2,0.3333333333333333,2.0,26.0,26.0
IBB0359,2011-02-24,-0.02837762468730165,after_hours_ratio (z=-1.03),4,3,3,0.5,11.0,7.0,7.0
IBB0359,2011-04-13,-0.02837762468730165,after_hours_ratio (z=-1.03),4,3,3,0.5,11.0,7.0,7.0
IBB0359,2010-08-25,-0.02837762468730165,after_hours_ratio (z=-1.03),4,3,3,0.5,11.0,7.0,7.0
IBB0359,2011-03-28,-0.02837762468730165,after_hours_ratio (z=-1.03),4,3,3,0.5,11.0,7.0,7.0
EIS0041,2010-07-08,-0.028340455043701307,file_count (z=-0.89),5,5,5,1.0,4.0,4.0,4.0
BAL0044,2010-03-24,-0.02828943545521978,after_hours_ratio (z=0.79),5,5,5,1.2,3.0,4.0,4.0
MDM0625,2010-05-13,-0.02797863585971294,logon_count (z=2.47),3,2,2,0.0,9.0,27.0,27.0
DLM0051,2010-09-05,-0.02797863585971294,logon_count (z=2.34),3,2,2,0.0,9.0,27.0,27.0
DLM0051,2011-01-02,-0.02797863585971294,logon_count (z=2.34),3,2,2,0.0,9.0,27.0,27.0
SAA0999,2010-08-09,-0.027897517435264252,device_connects (z=2.15),1,1,1,1.0,10.0,26.0,26.0
MPM0220,2010-02-09,-0.027885738395301063,after_hours_ratio (z=-2.32),3,2,2,0.0,10.0,18.0,18.0
IBB0359,2010-06-01,-0.027883711187031146,logon_count (z=-1.15),3,3,3,1.3333333333333333,11.0,3.0,3.0
ACC0042,2010-10-05,-0.027802603356303246,logon_count (z=1.51),6,6,6,1.1666666666666667,0.0,0.0,0.0
TSM0363,2010-09-30,-0.027802603356303246,logon_count (z=1.35),6,6,6,1.1666666666666667,0.0,0.0,0.0
TSM0363,2010-06-28,-0.027802603356303246,logon_count (z=1.35),6,6,6,1.1666666666666667,0.0,0.0,0.0
JRS0362,2010-01-25,-0.027802603356303246,logon_count (z=1.39),6,6,6,1.1666666666666667,0.0,0.0,0.0
MNS0224,2010-10-21,-0.027802603356303246,logon_count (z=1.40),6,6,6,1.1666666666666667,0.0,0.0,0.0
BBS0039,2010-06-25,-0.027802603356303246,unique_pcs (z=1.27),6,6,6,1.1666666666666667,0.0,0.0,0.0
JAV0361,2010-07-28,-0.027802603356303246,logon_count (z=1.46),6,6,6,1.1666666666666667,0.0,0.0,0.0
TSM0363,2010-05-13,-0.027802603356303246,logon_count (z=1.35),6,6,6,1.1666666666666667,0.0,0.0,0.0
BBS0039,2010-06-08,-0.027802603356303246,unique_pcs (z=1.27),6,6,6,1.1666666666666667,0.0,0.0,0.0
JLM0364,2011-04-11,-0.027802603356303246,unique_pcs (z=1.47),6,6,6,1.1666666666666667,0.0,0.0,0.0
JAV0361,2011-03-04,-0.027802603356303246,logon_count (z=1.46),6,6,6,1.1666666666666667,0.0,0.0,0.0
SAK0375,2011-02-17,-0.027802603356303246,logon_count (z=1.34),6,6,6,1.1666666666666667,0.0,0.0,0.0
JRS0362,2011-02-22,-0.027802603356303246,logon_count (z=1.39),6,6,6,1.1666666666666667,0.0,0.0,0.0
JCC0225,2010-02-24,-0.027802603356303246,logon_count (z=1.43),6,6,6,1.1666666666666667,0.0,0.0,0.0
JRS0362,2011-05-12,-0.027802603356303246,logon_count (z=1.39),6,6,6,1.1666666666666667,0.0,0.0,0.0
SOB0360,2010-03-10,-0.027802603356303246,logon_count (z=1.51),6,6,6,1.1666666666666667,0.0,0.0,0.0
JLM0364,2011-04-01,-0.027802603356303246,unique_pcs (z=1.47),6,6,6,1.1666666666666667,0.0,0.0,0.0
MNS0224,2010-05-28,-0.027802603356303246,logon_count (z=1.40),6,6,6,1.1666666666666667,0.0,0.0,0.0
CBB0365,2010-01-11,-0.027802603356303246,logoff_count (z=1.08),6,6,6,1.1666666666666667,0.0,0.0,0.0
SAK0375,2010-03-12,-0.027802603356303246,logon_count (z=1.34),6,6,6,1.1666666666666667,0.0,0.0,0.0
TSM0363,2011-05-11,-0.027802603356303246,logon_count (z=1.35),6,6,6,1.1666666666666667,0.0,0.0,0.0
QNP0216,2010-08-27,-0.027802603356303246,logon_count (z=1.40),6,6,6,1.1666666666666667,0.0,0.0,0.0
QNP0216,2010-11-02,-0.027802603356303246,logon_count (z=1.40),6,6,6,1.1666666666666667,0.0,0.0,0.0
QNP0216,2010-10-08,-0.027802603356303246,logon_count (z=1.40),6,6,6,1.1666666666666667,0.0,0.0,0.0
JLM0364,2011-02-22,-0.027802603356303246,unique_pcs (z=1.47),6,6,6,1.1666666666666667,0.0,0.0,0.0
JCC0225,2011-02-25,-0.027802603356303246,logon_count (z=1.43),6,6,6,1.1666666666666667,0.0,0.0,0.0
JLM0364,2010-04-12,-0.027802603356303246,unique_pcs (z=1.47),6,6,6,1.1666666666666667,0.0,0.0,0.0
LBC0356,2010-07-29,-0.027802603356303246,logoff_count (z=1.42),6,6,6,1.1666666666666667,0.0,0.0,0.0
CSC0217,2010-03-26,-0.027802603356303246,unique_pcs (z=1.27),6,6,6,1.1666666666666667,0.0,0.0,0.0
UIR0043,2010-05-04,-0.027802603356303246,logon_count (z=1.32),6,6,6,1.1666666666666667,0.0,0.0,0.0
QNP0216,2011-05-16,-0.027802603356303246,logon_count (z=1.40),6,6,6,1.1666666666666667,0.0,0.0,0.0
UIR0043,2010-02-23,-0.027802603356303246,logon_count (z=1.32),6,6,6,1.1666666666666667,0.0,0.0,0.0
WPR0368,2010-06-21,-0.027802603356303246,logon_count (z=1.39),6,6,6,1.1666666666666667,0.0,0.0,0.0
DFR0218,2010-02-18,-0.027802603356303246,logon_count (z=1.49),6,6,6,1.1666666666666667,0.0,0.0,0.0
KJP0371,2010-04-13,-0.027802603356303246,logon_count (z=1.39),6,6,6,1.1666666666666667,0.0,0.0,0.0
KJP0371,2010-04-12,-0.027802603356303246,logon_count (z=1.39),6,6,6,1.1666666666666667,0.0,0.0,0.0
KJP0371,2010-08-12,-0.027802603356303246,logon_count (z=1.39),6,6,6,1.1666666666666667,0.0,0.0,0.0
KSP0357,2010-04-30,-0.027802603356303246,logon_count (z=1.43),6,6,6,1.1666666666666667,0.0,0.0,0.0
KRV0372,2010-06-02,-0.027802603356303246,logon_count (z=1.40),6,6,6,1.1666666666666667,0.0,0.0,0.0
MSO0222,2010-02-04,-0.027802603356303246,unique_pcs (z=1.42),6,6,6,1.1666666666666667,0.0,0.0,0.0
BKW0374,2011-01-25,-0.027802603356303246,logon_count (z=1.52),6,6,6,1.1666666666666667,0.0,0.0,0.0
MSO0222,2010-08-11,-0.027802603356303246,unique_pcs (z=1.42),6,6,6,1.1666666666666667,0.0,0.0,0.0
MSO0222,2010-04-09,-0.027802603356303246,unique_pcs (z=1.42),6,6,6,1.1666666666666667,0.0,0.0,0.0
KRV0372,2011-03-11,-0.027802603356303246,logon_count (z=1.40),6,6,6,1.1666666666666667,0.0,0.0,0.0
JGT0221,2010-04-30,-0.027802603356303246,unique_pcs (z=1.19),6,6,6,1.1666666666666667,0.0,0.0,0.0
UIR0043,2010-11-29,-0.027802603356303246,logon_count (z=1.32),6,6,6,1.1666666666666667,0.0,0.0,0.0
KRV0372,2011-05-06,-0.027802603356303246,logon_count (z=1.40),6,6,6,1.1666666666666667,0.0,0.0,0.0
BKW0374,2010-11-01,-0.027802603356303246,logon_count (z=1.52),6,6,6,1.1666666666666667,0.0,0.0,0.0
KRV0372,2010-10-05,-0.027802603356303246,logon_count (z=1.40),6,6,6,1.1666666666666667,0.0,0.0,0.0
MSH0040,2010-05-25,-0.027802603356303246,logon_count (z=1.27),6,6,6,1.1666666666666667,0.0,0.0,0.0
MSO0222,2010-06-25,-0.027802603356303246,unique_pcs (z=1.42),6,6,6,1.1666666666666667,0.0,0.0,0.0
MSO0222,2010-03-31,-0.027802603356303246,unique_pcs (z=1.42),6,6,6,1.1666666666666667,0.0,0.0,0.0
MSO0222,2010-04-15,-0.027802603356303246,unique_pcs (z=1.42),6,6,6,1.1666666666666667,0.0,0.0,0.0
BKW0374,2011-05-03,-0.027802603356303246,logon_count (z=1.52),6,6,6,1.1666666666666667,0.0,0.0,0.0
WPR0368,2011-04-19,-0.027802603356303246,logon_count (z=1.39),6,6,6,1.1666666666666667,0.0,0.0,0.0
UIR0043,2010-07-26,-0.027802603356303246,logon_count (z=1.32),6,6,6,1.1666666666666667,0.0,0.0,0.0
JLM0364,2010-07-19,-0.027802603356303246,unique_pcs (z=1.47),6,6,6,1.1666666666666667,0.0,0.0,0.0
JLM0364,2010-08-11,-0.027802603356303246,unique_pcs (z=1.47),6,6,6,1.1666666666666667,0.0,0.0,0.0
KRV0372,2011-04-21,-0.027740683206405548,after_hours_ratio (z=-2.79),6,6,6,0.0,0.0,0.0,0.0
SAA0999,2011-02-01,-0.027690894039743008,logoff_count (z=6.11),3,2,2,0.3333333333333333,9.0,21.0,21.0
CLB0774,2010-07-16,-0.027651695078351746,logoff_count (z=2.04),1,2,1,1.0,8.0,26.0,26.0
BJM0111,2010-09-09,-0.027651695078351746,logoff_count (z=2.35),1,2,1,1.0,8.0,26.0,26.0
HDS0367,2011-02-07,-0.027639920022483166,logon_count (z=-1.19),3,3,3,1.3333333333333333,3.0,13.0,13.0
SBN0866,2010-11-23,-0.027466264944633667,logoff_count (z=3.52),2,2,1,1.0,1.0,25.0,25.0
SBN0866,2011-05-05,-0.027466264944633667,logoff_count (z=3.52),2,2,1,1.0,1.0,25.0,25.0
PNH0761,2010-03-02,-0.027466264944633667,after_hours_ratio (z=2.42),2,2,1,1.0,1.0,25.0,25.0
CCA0046,2010-07-30,-0.027413989886465928,after_hours_ratio (z=-0.20),4,4,4,1.0,4.0,9.0,9.0
GTD0219,2010-05-20,-0.027413989886465928,file_count (z=-0.27),4,4,4,1.0,4.0,9.0,9.0
IBB0359,2010-11-16,-0.027392158957121993,logon_count (z=-1.15),3,3,3,1.3333333333333333,10.0,3.0,3.0
WIF0691,2010-08-12,-0.02738837058654453,logoff_count (z=5.79),2,2,2,0.5,8.0,27.0,27.0
DLM0051,2010-06-04,-0.02738837058654453,logoff_count (z=2.19),2,2,2,0.5,8.0,27.0,27.0
DLM0051,2011-03-25,-0.02738837058654453,logoff_count (z=2.19),2,2,2,0.5,8.0,27.0,27.0
DLM0051,2010-08-30,-0.02738837058654453,logoff_count (z=2.19),2,2,2,0.5,8.0,27.0,27.0
SAA0999,2011-03-23,-0.02738837058654453,logoff_count (z=6.11),2,2,2,0.5,9.0,26.0,26.0
SAA0999,2010-08-04,-0.02738837058654453,logoff_count (z=6.11),2,2,2,0.5,8.0,27.0,27.0
SAA0999,2010-11-10,-0.02738837058654453,logoff_count (z=6.11),2,2,2,0.5,9.0,26.0,26.0
DLM0051,2011-01-24,-0.02738837058654453,logoff_count (z=2.19),2,2,2,0.5,9.0,26.0,26.0
DLM0051,2010-11-14,-0.02738837058654453,logoff_count (z=2.19),2,2,2,0.5,8.0,27.0,27.0
DLM0051,2010-03-10,-0.02738837058654453,logoff_count (z=2.19),2,2,2,0.5,8.0,27.0,27.0
SAA0999,2010-12-13,-0.02738837058654453,logoff_count (z=6.11),2,2,2,0.5,9.0,26.0,26.0
HDS0367,2010-12-28,-0.02732062098696475,file_count (z=-0.73),5,4,4,1.2,4.0,5.0,5.0
HDS0367,2010-06-04,-0.02732062098696475,file_count (z=-0.73),5,4,4,1.2,4.0,5.0,5.0
HDS0367,2011-05-16,-0.02732062098696475,file_count (z=-0.73),5,4,4,1.2,4.0,5.0,5.0
GTD0219,2010-03-23,-0.027250415337769618,device_connects (z=1.19),4,4,4,1.0,6.0,5.0,5.0
BJM0111,2010-04-01,-0.02719947222315411,logoff_count (z=2.35),2,2,1,1.0,7.0,19.0,19.0
PNH0761,2010-06-07,-0.027169647430761668,after_hours_ratio (z=2.42),2,2,1,1.0,1.0,26.0,26.0
PNH0761,2010-09-27,-0.027169647430761668,after_hours_ratio (z=2.42),2,2,1,1.0,1.0,26.0,26.0
BSS0369,2010-03-10,-0.027146507530610653,file_count (z=-0.91),3,3,3,1.3333333333333333,11.0,4.0,4.0
BSS0369,2010-07-29,-0.027146507530610653,file_count (z=-0.91),3,3,3,1.3333333333333333,11.0,4.0,4.0
HSB0196,2010-08-21,-0.027067506898731608,after_hours_ratio (z=5.07),1,2,1,1.0,8.0,19.0,19.0
EIS0041,2011-01-10,-0.027038563485597522,file_count (z=-0.75),5,4,4,0.8,5.0,5.0,5.0
BAL0044,2011-03-22,-0.027038563485597522,after_hours_ratio (z=-0.26),5,4,4,0.8,3.0,7.0,7.0
BAL0044,2011-02-03,-0.027038563485597522,after_hours_ratio (z=-0.26),5,4,4,0.8,3.0,7.0,7.0
BAL0044,2010-08-11,-0.027038563485597522,after_hours_ratio (z=-0.26),5,4,4,0.8,3.0,7.0,7.0
CLB0774,2011-04-27,-0.02701657661641499,logoff_count (z=2.04),1,2,1,1.0,9.0,19.0,19.0
CLB0774,2010-12-21,-0.02701657661641499,logoff_count (z=2.04),1,2,1,1.0,9.0,19.0,19.0
CCA0046,2010-08-06,-0.02700481185404513,file_count (z=1.13),3,3,3,0.6666666666666666,2.0,16.0,16.0
CLB0774,2010-06-10,-0.02695388597022197,logoff_count (z=2.04),2,2,1,1.0,9.0,18.0,18.0
CLB0774,2011-05-06,-0.02695388597022197,logoff_count (z=2.04),2,2,1,1.0,9.0,18.0,18.0
MOS0047,2010-03-04,-0.026946162134148688,logon_count (z=-0.66),4,4,4,1.0,5.0,8.0,8.0
CLB0774,2011-02-08,-0.0269147267708717,logoff_count (z=2.04),1,2,1,1.0,9.0,25.0,25.0
CLB0774,2011-01-18,-0.0269147267708717,logoff_count (z=2.04),1,2,1,1.0,9.0,25.0,25.0
BMG0917,2010-12-20,-0.02683754811052419,logon_count (z=2.45),3,1,1,0.6666666666666666,7.0,27.0,27.0
CAS0507,2010-01-06,-0.026801129754579378,device_connects (z=3.21),3,2,2,0.0,4.0,27.0,27.0
BJM0111,2010-06-24,-0.026771052225350922,logoff_count (z=2.35),1,2,1,1.0,9.0,18.0,18.0
MAS0025,2010-09-28,-0.026770025615622473,file_count (z=8.81),2,2,1,1.0,4.0,20.0,20.0
MOS0047,2010-07-01,-0.026759291442246536,after_hours_ratio (z=-1.11),4,3,3,0.5,4.0,15.0,15.0
AJF0370,2011-01-12,-0.02670838278338772,file_count (z=-1.69),3,2,2,0.6666666666666666,9.0,17.0,17.0
EIS0041,2011-02-22,-0.02670838278338772,logoff_count (z=-0.70),4,3,3,1.0,4.0,13.0,13.0
HDS0367,2010-10-29,-0.02670838278338772,logoff_count (z=-0.69),4,3,3,1.0,4.0,13.0,13.0
MOS0047,2010-06-28,-0.0266642500731622,file_count (z=-1.06),5,5,5,0.8,3.0,2.0,2.0
AJF0370,2010-06-02,-0.026657477696125365,after_hours_ratio (z=-2.47),3,2,2,0.0,10.0,22.0,22.0
DLM0051,2010-07-22,-0.026657477696125365,logon_count (z=2.34),3,2,2,0.0,10.0,22.0,22.0
MPM0220,2010-01-20,-0.026657477696125365,after_hours_ratio (z=-2.32),3,2,2,0.0,10.0,22.0,22.0
AJF0370,2010-08-10,-0.026657477696125365,after_hours_ratio (z=-2.47),3,2,2,0.0,10.0,22.0,22.0
CCA0046,2010-08-25,-0.02658398850934185,device_connects (z=0.72),4,4,4,1.0,5.0,7.0,7.0
SBN0866,2010-04-28,-0.0265765067146998,logoff_count (z=3.52),1,2,1,1.0,2.0,23.0,23.0
CLB0774,2010-10-21,-0.026525610879460704,logoff_count (z=2.04),1,2,1,1.0,9.0,22.0,22.0
CLB0774,2010-09-08,-0.026525610879460704,logoff_count (z=2.04),1,2,1,1.0,9.0,22.0,22.0
THR0873,2011-02-04,-0.026525610879460704,after_hours_ratio (z=3.99),1,2,1,1.0,9.0,22.0,22.0
THR0873,2011-03-02,-0.026525610879460704,after_hours_ratio (z=3.99),1,2,1,1.0,9.0,22.0,22.0
DLM0051,2010-09-15,-0.026412074765223115,logon_count (z=2.34),3,2,2,0.3333333333333333,9.0,24.0,24.0
PNH0761,2010-08-19,-0.02627922663528226,device_connects (z=2.58),2,2,1,1.0,2.0,21.0,21.0
BAJ0654,2011-01-03,-0.026167993947963653,after_hours_ratio (z=-2.96),2,2,2,0.5,1.0,27.0,27.0
BAJ0654,2010-05-07,-0.026167993947963653,after_hours_ratio (z=-2.96),2,2,2,0.5,1.0,27.0,27.0
DLM0051,2010-07-28,-0.026166754838412687,logon_count (z=2.34),3,2,2,0.3333333333333333,9.0,23.0,23.0
BSS0369,2010-06-28,-0.0260596076743983,logon_count (z=-1.39),2,2,2,1.0,10.0,12.0,12.0
IBB0359,2010-01-25,-0.026035686847522665,after_hours_ratio (z=-2.34),4,3,3,0.0,11.0,7.0,7.0
BAL0044,2010-07-16,-0.02598411936767775,file_count (z=-1.22),6,5,5,1.0,3.0,0.0,0.0
BJM0111,2010-09-13,-0.025972371338559896,logoff_count (z=2.35),2,2,1,1.0,8.0,18.0,18.0
BAL0044,2010-12-09,-0.025971314006541735,device_connects (z=-0.85),5,3,3,1.0,2.0,12.0,12.0
DLM0051,2010-04-19,-0.025966568513192678,logoff_count (z=2.19),2,2,2,0.5,9.0,25.0,25.0
DLM0051,2010-04-08,-0.025966568513192678,logoff_count (z=2.19),2,2,2,0.5,9.0,25.0,25.0
IBB0359,2011-04-07,-0.025853793850723394,file_count (z=-1.15),4,3,3,1.0,11.0,2.0,2.0
IBB0359,2010-03-22,-0.025853793850723394,file_count (z=-1.15),4,3,3,1.0,11.0,2.0,2.0
SAA0999,2010-03-22,-0.025738944190764723,device_connects (z=2.15),1,1,1,1.0,10.0,25.0,25.0
BJM0111,2010-06-17,-0.02568810711636138,logoff_count (z=2.35),1,2,1,1.0,8.0,25.0,25.0
WIF0691,2010-09-07,-0.025493851940908696,device_connects (z=-2.06),1,1,1,1.0,6.0,27.0,27.0
IBB0359,2010-10-05,-0.025363614570592774,file_count (z=-1.15),4,3,3,1.0,10.0,2.0,2.0
BJM0111,2010-02-11,-0.025350458664282538,logoff_count (z=2.35),1,2,1,1.0,7.0,18.0,18.0
DLM0051,2010-01-29,-0.025329665385851685,logon_count (z=2.34),3,2,2,0.0,8.0,27.0,27.0
DLM0051,2010-04-04,-0.025329665385851685,logon_count (z=2.34),3,2,2,0.0,8.0,27.0,27.0
MOS0047,2010-02-09,-0.025324254324111117,after_hours_ratio (z=-2.54),4,3,3,0.0,5.0,15.0,15.0
CAS0507,2010-06-03,-0.025294506559053742,logoff_count (z=3.36),3,3,2,0.0,1.0,25.0,25.0
IBB0359,2010-11-24,-0.025273446343085926,device_connects (z=-1.23),4,3,3,0.5,9.0,9.0,9.0
WIF0691,2011-03-29,-0.025248842590060883,logon_count (z=-1.77),1,1,1,1.0,7.0,27.0,27.0
WIF0691,2011-01-17,-0.025248842590060883,logon_count (z=-1.77),1,1,1,1.0,7.0,27.0,27.0
DLM0051,2010-10-27,-0.025248842590060883,device_connects (z=-2.56),1,1,1,1.0,7.0,27.0,27.0
EIS0041,2010-02-04,-0.025237106477728588,logoff_count (z=-0.70),4,3,3,1.0,3.0,13.0,13.0
EIS0041,2010-05-10,-0.025237106477728588,logoff_count (z=-0.70),4,3,3,1.0,3.0,13.0,13.0
HDS0367,2010-08-11,-0.025237106477728588,logoff_count (z=-0.69),4,3,3,1.0,3.0,13.0,13.0
HDS0367,2010-09-24,-0.025237106477728588,after_hours_ratio (z=-1.40),5,4,4,0.4,6.0,4.0,4.0
HDS0367,2011-04-29,-0.025237106477728588,logoff_count (z=-0.69),4,3,3,1.0,3.0,13.0,13.0
GTD0219,2010-04-13,-0.025206049495279492,device_connects (z=-0.65),4,4,4,1.0,3.0,9.0,9.0
DLM0051,2010-09-11,-0.025084711568798213,logon_count (z=2.34),3,2,2,0.0,9.0,26.0,26.0
EIS0041,2010-03-08,-0.025076632626030215,file_count (z=-1.02),5,4,4,0.8,5.0,3.0,3.0
BAL0044,2010-06-22,-0.02504297221455365,after_hours_ratio (z=-1.05),4,3,3,0.5,3.0,15.0,15.0
BSS0369,2010-07-30,-0.0249413992834443,device_connects (z=-0.86),3,3,3,0.6666666666666666,10.0,7.0,7.0
DLM0051,2010-09-23,-0.02493560471154921,logoff_count (z=2.19),2,2,2,0.5,8.0,26.0,26.0
MDM0625,2010-01-25,-0.02489061816236271,device_connects (z=-2.91),3,2,2,0.0,5.0,25.0,25.0
CCA0046,2010-08-02,-0.024846596014620914,file_count (z=-1.08),5,5,5,1.2,3.0,1.0,1.0
XWD0923,2010-08-04,-0.024809844364831024,device_connects (z=1.82),1,1,1,1.0,4.0,27.0,27.0
XWD0923,2010-06-10,-0.024809844364831024,device_connects (z=1.82),1,1,1,1.0,4.0,27.0,27.0
XWD0923,2010-11-22,-0.024809844364831024,device_connects (z=1.82),1,1,1,1.0,4.0,27.0,27.0
XWD0923,2010-08-18,-0.024809844364831024,device_connects (z=1.82),1,1,1,1.0,4.0,27.0,27.0
HRB0351,2011-01-21,-0.02474505063685717,logoff_count (z=3.05),3,2,2,0.0,2.0,27.0,27.0
DFH0188,2010-06-22,-0.02474505063685717,logon_count (z=2.16),3,2,2,0.0,2.0,27.0,27.0
PAD0773,2010-04-06,-0.02474505063685717,device_connects (z=2.66),3,2,2,0.0,2.0,27.0,27.0
ILH0958,2010-10-18,-0.02474505063685717,device_connects (z=2.37),3,2,2,0.0,2.0,27.0,27.0
TDS0984,2010-11-08,-0.02474505063685717,device_connects (z=2.52),3,2,2,0.0,2.0,27.0,27.0
CAS0507,2011-01-13,-0.02474505063685717,logon_count (z=1.77),3,2,2,0.0,2.0,27.0,27.0
AIP0982,2010-12-21,-0.02474505063685717,logoff_count (z=4.26),3,2,2,0.0,2.0,27.0,27.0
DFH0188,2010-10-07,-0.02474505063685717,logon_count (z=2.16),3,2,2,0.0,2.0,27.0,27.0
DFH0188,2010-02-23,-0.02474505063685717,logon_count (z=2.16),3,2,2,0.0,2.0,27.0,27.0
CAS0507,2010-06-09,-0.02474505063685717,logon_count (z=1.77),3,2,2,0.0,2.0,27.0,27.0
DFH0188,2011-05-12,-0.02474505063685717,logon_count (z=2.16),3,2,2,0.0,2.0,27.0,27.0
IBB0359,2010-05-12,-0.02470901248160884,file_count (z=-0.83),4,3,3,1.0,10.0,4.0,4.0
GNS0178,2010-07-22,-0.02468806218939701,logon_count (z=4.00),4,2,2,0.25,1.0,24.0,24.0
EIS0041,2010-02-15,-0.024605360004428256,after_hours_ratio (z=1.59),4,4,4,1.5,4.0,4.0,4.0
UIR0043,2011-01-13,-0.024597228082191114,logon_count (z=1.32),6,6,6,1.0,0.0,0.0,0.0
ACC0042,2010-01-29,-0.024597228082191114,logon_count (z=1.51),6,6,6,1.0,0.0,0.0,0.0
ACC0042,2010-03-05,-0.024597228082191114,logon_count (z=1.51),6,6,6,1.0,0.0,0.0,0.0
KSP0357,2010-03-03,-0.024597228082191114,logon_count (z=1.43),6,6,6,1.0,0.0,0.0,0.0
MSH0040,2010-02-10,-0.024597228082191114,logon_count (z=1.27),6,6,6,1.0,0.0,0.0,0.0
KRV0372,2011-05-03,-0.024597228082191114,logon_count (z=1.40),6,6,6,1.0,0.0,0.0,0.0
KSP0357,2010-06-14,-0.024597228082191114,logon_count (z=1.43),6,6,6,1.0,0.0,0.0,0.0
KSP0357,2010-07-26,-0.024597228082191114,logon_count (z=1.43),6,6,6,1.0,0.0,0.0,0.0
KRV0372,2011-01-31,-0.024597228082191114,logon_count (z=1.40),6,6,6,1.0,0.0,0.0,0.0
MSH0040,2010-03-17,-0.024597228082191114,logon_count (z=1.27),6,6,6,1.0,0.0,0.0,0.0
JGT0221,2010-02-24,-0.024597228082191114,unique_pcs (z=1.19),6,6,6,1.0,0.0,0.0,0.0
QNP0216,2011-05-09,-0.024597228082191114,logon_count (z=1.40),6,6,6,1.0,0.0,0.0,0.0
CSC0217,2010-05-03,-0.024597228082191114,unique_pcs (z=1.27),6,6,6,1.0,0.0,0.0,0.0
WPR0368,2010-04-17,-0.024597228082191114,logon_count (z=1.39),6,6,6,1.0,0.0,0.0,0.0
WPR0368,2010-01-12,-0.024597228082191114,logon_count (z=1.39),6,6,6,1.0,0.0,0.0,0.0
UIR0043,2010-11-18,-0.024597228082191114,logon_count (z=1.32),6,6,6,1.0,0.0,0.0,0.0
UIR0043,2011-01-03,-0.024597228082191114,logon_count (z=1.32),6,6,6,1.0,0.0,0.0,0.0
KRV0372,2011-02-28,-0.024597228082191114,logon_count (z=1.40),6,6,6,1.0,0.0,0.0,0.0
KRV0372,2011-03-08,-0.024597228082191114,logon_count (z=1.40),6,6,6,1.0,0.0,0.0,0.0
KRV0372,2010-10-29,-0.024597228082191114,logon_count (z=1.40),6,6,6,1.0,0.0,0.0,0.0
KRV0372,2011-01-11,-0.024597228082191114,logon_count (z=1.40),6,6,6,1.0,0.0,0.0,0.0
DMG0358,2010-12-06,-0.024597228082191114,logoff_count (z=1.37),6,6,6,1.0,0.0,0.0,0.0
MSH0040,2010-01-19,-0.024597228082191114,logon_count (z=1.27),6,6,6,1.0,0.0,0.0,0.0
UIR0043,2011-01-07,-0.024597228082191114,logon_count (z=1.32),6,6,6,1.0,0.0,0.0,0.0
UIR0043,2011-04-04,-0.024597228082191114,logon_count (z=1.32),6,6,6,1.0,0.0,0.0,0.0
BKW0374,2010-01-14,-0.024597228082191114,logon_count (z=1.52),6,6,6,1.0,0.0,0.0,0.0
ACC0042,2010-05-25,-0.024597228082191114,logon_count (z=1.51),6,6,6,1.0,0.0,0.0,0.0
ACC0042,2010-09-03,-0.024597228082191114,logon_count (z=1.51),6,6,6,1.0,0.0,0.0,0.0
ACC0042,2010-02-18,-0.024597228082191114,logon_count (z=1.51),6,6,6,1.0,0.0,0.0,0.0
ACC0042,2010-06-07,-0.024597228082191114,logon_count (z=1.51),6,6,6,1.0,0.0,0.0,0.0
KSP0357,2010-04-22,-0.024597228082191114,logon_count (z=1.43),6,6,6,1.0,0.0,0.0,0.0
ACC0042,2010-01-05,-0.024597228082191114,logon_count (z=1.51),6,6,6,1.0,0.0,0.0,0.0
JLM0364,2010-06-01,-0.024597228082191114,unique_pcs (z=1.47),6,6,6,1.0,0.0,0.0,0.0
JLM0364,2010-06-15,-0.024597228082191114,unique_pcs (z=1.47),6,6,6,1.0,0.0,0.0,0.0
BKW0374,2011-05-04,-0.024597228082191114,logon_count (z=1.52),6,6,6,1.0,0.0,0.0,0.0
KSP0357,2010-04-28,-0.024597228082191114,logon_count (z=1.43),6,6,6,1.0,0.0,0.0,0.0
JCC0225,2011-03-04,-0.024597228082191114,logon_count (z=1.43),6,6,6,1.0,0.0,0.0,0.0
JCC0225,2011-03-15,-0.024597228082191114,logon_count (z=1.43),6,6,6,1.0,0.0,0.0,0.0
JCC0225,2011-03-24,-0.024597228082191114,logon_count (z=1.43),6,6,6,1.0,0.0,0.0,0.0
JCC0225,2011-03-28,-0.024597228082191114,logon_count (z=1.43),6,6,6,1.0,0.0,0.0,0.0
JCC0225,2011-04-07,-0.024597228082191114,logon_count (z=1.43),6,6,6,1.0,0.0,0.0,0.0
UIR0043,2010-07-14,-0.024597228082191114,logon_count (z=1.32),6,6,6,1.0,0.0,0.0,0.0
UIR0043,2010-08-17,-0.024597228082191114,logon_count (z=1.32),6,6,6,1.0,0.0,0.0,0.0
BKW0374,2011-02-17,-0.024597228082191114,logon_count (z=1.52),6,6,6,1.0,0.0,0.0,0.0
BKW0374,2011-03-11,-0.024597228082191114,logon_count (z=1.52),6,6,6,1.0,0.0,0.0,0.0
UIR0043,2010-08-25,-0.024597228082191114,logon_count (z=1.32),6,6,6,1.0,0.0,0.0,0.0
JCC0225,2011-04-28,-0.024597228082191114,logon_count (z=1.43),6,6,6,1.0,0.0,0.0,0.0
JGT0221,2010-01-04,-0.024597228082191114,unique_pcs (z=1.19),6,6,6,1.0,0.0,0.0,0.0
UIR0043,2010-04-19,-0.024597228082191114,logon_count (z=1.32),6,6,6,1.0,0.0,0.0,0.0
JCC0225,2010-10-19,-0.024597228082191114,logon_count (z=1.43),6,6,6,1.0,0.0,0.0,0.0
JCC0225,2010-11-29,-0.024597228082191114,logon_count (z=1.43),6,6,6,1.0,0.0,0.0,0.0
JCC0225,2010-11-30,-0.024597228082191114,logon_count (z=1.43),6,6,6,1.0,0.0,0.0,0.0
JLM0364,2011-02-08,-0.024597228082191114,unique_pcs (z=1.47),6,6,6,1.0,0.0,0.0,0.0
JLM0364,2011-02-16,-0.024597228082191114,unique_pcs (z=1.47),6,6,6,1.0,0.0,0.0,0.0
JLM0364,2010-10-14,-0.024597228082191114,unique_pcs (z=1.47),6,6,6,1.0,0.0,0.0,0.0
JLM0364,2010-12-03,-0.024597228082191114,unique_pcs (z=1.47),6,6,6,1.0,0.0,0.0,0.0
MNS0224,2011-03-03,-0.024597228082191114,logon_count (z=1.40),6,6,6,1.0,0.0,0.0,0.0
MNS0224,2011-03-22,-0.024597228082191114,logon_count (z=1.40),6,6,6,1.0,0.0,0.0,0.0
JCC0225,2011-01-25,-0.024597228082191114,logon_count (z=1.43),6,6,6,1.0,0.0,0.0,0.0
BKW0374,2010-12-06,-0.024597228082191114,logon_count (z=1.52),6,6,6,1.0,0.0,0.0,0.0
BKW0374,2010-02-18,-0.024597228082191114,logon_count (z=1.52),6,6,6,1.0,0.0,0.0,0.0
BKW0374,2010-03-01,-0.024597228082191114,logon_count (z=1.52),6,6,6,1.0,0.0,0.0,0.0
JLM0364,2010-05-14,-0.024597228082191114,unique_pcs (z=1.47),6,6,6,1.0,0.0,0.0,0.0
JLM0364,2010-05-20,-0.024597228082191114,unique_pcs (z=1.47),6,6,6,1.0,0.0,0.0,0.0
MSH0040,2010-05-05,-0.024597228082191114,logon_count (z=1.27),6,6,6,1.0,0.0,0.0,0.0
TSM0363,2010-11-18,-0.024597228082191114,logon_count (z=1.35),6,6,6,1.0,0.0,0.0,0.0
TSM0363,2010-11-23,-0.024597228082191114,logon_count (z=1.35),6,6,6,1.0,0.0,0.0,0.0
JCC0225,2010-08-19,-0.024597228082191114,logon_count (z=1.43),6,6,6,1.0,0.0,0.0,0.0
JCC0225,2010-08-25,-0.024597228082191114,logon_count (z=1.43),6,6,6,1.0,0.0,0.0,0.0
JCC0225,2010-09-15,-0.024597228082191114,logon_count (z=1.43),6,6,6,1.0,0.0,0.0,0.0
UIR0043,2010-04-23,-0.024597228082191114,logon_count (z=1.32),6,6,6,1.0,0.0,0.0,0.0
UIR0043,2010-02-04,-0.024597228082191114,logon_count (z=1.32),6,6,6,1.0,0.0,0.0,0.0
JCC0225,2010-07-06,-0.024597228082191114,logon_count (z=1.43),6,6,6,1.0,0.0,0.0,0.0
UIR0043,2010-03-30,-0.024597228082191114,logon_count (z=1.32),6,6,6,1.0,0.0,0.0,0.0
UIR0043,2011-02-24,-0.024597228082191114,logon_count (z=1.32),6,6,6,1.0,0.0,0.0,0.0
JLM0364,2010-12-28,-0.024597228082191114,unique_pcs (z=1.47),6,6,6,1.0,0.0,0.0,0.0
JLM0364,2011-01-03,-0.024597228082191114,unique_pcs (z=1.47),6,6,6,1.0,0.0,0.0,0.0
TSM0363,2011-03-25,-0.024597228082191114,logon_count (z=1.35),6,6,6,1.0,0.0,0.0,0.0
TSM0363,2011-04-05,-0.024597228082191114,logon_count (z=1.35),6,6,6,1.0,0.0,0.0,0.0
TSM0363,2011-04-28,-0.024597228082191114,logon_count (z=1.35),6,6,6,1.0,0.0,0.0,0.0
JLM0364,2011-04-26,-0.024597228082191114,unique_pcs (z=1.47),6,6,6,1.0,0.0,0.0,0.0
JRS0362,2010-01-12,-0.024597228082191114,logon_count (z=1.39),6,6,6,1.0,0.0,0.0,0.0
JRS0362,2010-01-21,-0.024597228082191114,logon_count (z=1.39),6,6,6,1.0,0.0,0.0,0.0
KRV0372,2011-02-03,-0.024597228082191114,logon_count (z=1.40),6,6,6,1.0,0.0,0.0,0.0
KRV0372,2011-02-25,-0.024597228082191114,logon_count (z=1.40),6,6,6,1.0,0.0,0.0,0.0
MSH0040,2010-10-15,-0.024597228082191114,logon_count (z=1.27),6,6,6,1.0,0.0,0.0,0.0
KCF0045,2011-05-09,-0.024597228082191114,logon_count (z=1.39),6,6,6,1.0,0.0,0.0,0.0
KSP0357,2010-05-26,-0.024597228082191114,logon_count (z=1.43),6,6,6,1.0,0.0,0.0,0.0
KRV0372,2010-06-10,-0.024597228082191114,logon_count (z=1.40),6,6,6,1.0,0.0,0.0,0.0
KRV0372,2010-07-23,-0.024597228082191114,logon_count (z=1.40),6,6,6,1.0,0.0,0.0,0.0
KRV0372,2010-08-02,-0.024597228082191114,logon_count (z=1.40),6,6,6,1.0,0.0,0.0,0.0
KRV0372,2010-09-14,-0.024597228082191114,logon_count (z=1.40),6,6,6,1.0,0.0,0.0,0.0
MSH0040,2010-06-22,-0.024597228082191114,logon_count (z=1.27),6,6,6,1.0,0.0,0.0,0.0
MSH0040,2010-07-23,-0.024597228082191114,logon_count (z=1.27),6,6,6,1.0,0.0,0.0,0.0
MSH0040,2010-08-12,-0.024597228082191114,logon_count (z=1.27),6,6,6,1.0,0.0,0.0,0.0
MSH0040,2010-04-09,-0.024597228082191114,logon_count (z=1.27),6,6,6,1.0,0.0,0.0,0.0
JAV0361,2011-02-28,-0.024597228082191114,logon_count (z=1.46),6,6,6,1.0,0.0,0.0,0.0
JAV0361,2011-03-24,-0.024597228082191114,logon_count (z=1.46),6,6,6,1.0,0.0,0.0,0.0
JAV0361,2011-04-08,-0.024597228082191114,logon_count (z=1.46),6,6,6,1.0,0.0,0.0,0.0
JAV0361,2010-12-17,-0.024597228082191114,logon_count (z=1.46),6,6,6,1.0,0.0,0.0,0.0
JGT0221,2010-01-27,-0.024597228082191114,unique_pcs (z=1.19),6,6,6,1.0,0.0,0.0,0.0
BKW0374,2010-12-03,-0.024597228082191114,logon_count (z=1.52),6,6,6,1.0,0.0,0.0,0.0
MNS0224,2011-02-04,-0.024597228082191114,logon_count (z=1.40),6,6,6,1.0,0.0,0.0,0.0
TSM0363,2010-10-20,-0.024597228082191114,logon_count (z=1.35),6,6,6,1.0,0.0,0.0,0.0
TSM0363,2010-11-01,-0.024597228082191114,logon_count (z=1.35),6,6,6,1.0,0.0,0.0,0.0
TSM0363,2010-11-10,-0.024597228082191114,logon_count (z=1.35),6,6,6,1.0,0.0,0.0,0.0
JAV0361,2010-11-17,-0.024597228082191114,logon_count (z=1.46),6,6,6,1.0,0.0,0.0,0.0
TSM0363,2011-05-04,-0.024597228082191114,logon_count (z=1.35),6,6,6,1.0,0.0,0.0,0.0
JCC0225,2010-03-10,-0.024597228082191114,logon_count (z=1.43),6,6,6,1.0,0.0,0.0,0.0
JCC0225,2010-03-16,-0.024597228082191114,logon_count (z=1.43),6,6,6,1.0,0.0,0.0,0.0
JCC0225,2010-05-13,-0.024597228082191114,logon_count (z=1.43),6,6,6,1.0,0.0,0.0,0.0
JCC0225,2010-02-02,-0.024597228082191114,logon_count (z=1.43),6,6,6,1.0,0.0,0.0,0.0
JAV0361,2010-01-19,-0.024597228082191114,logon_count (z=1.46),6,6,6,1.0,0.0,0.0,0.0
JAV0361,2010-03-15,-0.024597228082191114,logon_count (z=1.46),6,6,6,1.0,0.0,0.0,0.0
TSM0363,2010-05-20,-0.024597228082191114,logon_count (z=1.35),6,6,6,1.0,0.0,0.0,0.0
TSM0363,2010-07-29,-0.024597228082191114,logon_count (z=1.35),6,6,6,1.0,0.0,0.0,0.0
TSM0363,2010-04-28,-0.024597228082191114,logon_count (z=1.35),6,6,6,1.0,0.0,0.0,0.0
TSM0363,2010-05-12,-0.024597228082191114,logon_count (z=1.35),6,6,6,1.0,0.0,0.0,0.0
JAV0361,2010-06-17,-0.024597228082191114,logon_count (z=1.46),6,6,6,1.0,0.0,0.0,0.0
JAV0361,2010-09-08,-0.024597228082191114,logon_count (z=1.46),6,6,6,1.0,0.0,0.0,0.0
JRS0362,2010-06-29,-0.024597228082191114,logon_count (z=1.39),6,6,6,1.0,0.0,0.0,0.0
BBS0039,2010-07-22,-0.024597228082191114,unique_pcs (z=1.27),6,6,6,1.0,0.0,0.0,0.0
JRS0362,2010-02-08,-0.024597228082191114,logon_count (z=1.39),6,6,6,1.0,0.0,0.0,0.0
JRS0362,2010-03-15,-0.024597228082191114,logon_count (z=1.39),6,6,6,1.0,0.0,0.0,0.0
TSM0363,2010-02-01,-0.024597228082191114,logon_count (z=1.35),6,6,6,1.0,0.0,0.0,0.0
TSM0363,2010-02-08,-0.024597228082191114,logon_count (z=1.35),6,6,6,1.0,0.0,0.0,0.0
TSM0363,2010-12-07,-0.024597228082191114,logon_count (z=1.35),6,6,6,1.0,0.0,0.0,0.0
JAV0361,2011-02-23,-0.024597228082191114,logon_count (z=1.46),6,6,6,1.0,0.0,0.0,0.0
MNS0224,2010-12-06,-0.024597228082191114,logon_count (z=1.40),6,6,6,1.0,0.0,0.0,0.0
JRS0362,2010-05-17,-0.024597228082191114,logon_count (z=1.39),6,6,6,1.0,0.0,0.0,0.0
JRS0362,2010-05-18,-0.024597228082191114,logon_count (z=1.39),6,6,6,1.0,0.0,0.0,0.0
TSM0363,2010-01-06,-0.024597228082191114,logon_count (z=1.35),6,6,6,1.0,0.0,0.0,0.0
TSM0363,2010-01-13,-0.024597228082191114,logon_count (z=1.35),6,6,6,1.0,0.0,0.0,0.0
BKW0374,2010-07-30,-0.024597228082191114,logon_count (z=1.52),6,6,6,1.0,0.0,0.0,0.0
MSH0040,2010-05-11,-0.024597228082191114,logon_count (z=1.27),6,6,6,1.0,0.0,0.0,0.0
MSH0040,2010-06-02,-0.024597228082191114,logon_count (z=1.27),6,6,6,1.0,0.0,0.0,0.0
ACC0042,2010-11-24,-0.024597228082191114,logon_count (z=1.51),6,6,6,1.0,0.0,0.0,0.0
ACC0042,2010-12-08,-0.024597228082191114,logon_count (z=1.51),6,6,6,1.0,0.0,0.0,0.0
ACC0042,2011-01-06,-0.024597228082191114,logon_count (z=1.51),6,6,6,1.0,0.0,0.0,0.0
ACC0042,2011-01-14,-0.024597228082191114,logon_count (z=1.51),6,6,6,1.0,0.0,0.0,0.0
ACC0042,2011-02-01,-0.024597228082191114,logon_count (z=1.51),6,6,6,1.0,0.0,0.0,0.0
MSH0040,2010-08-30,-0.024597228082191114,logon_count (z=1.27),6,6,6,1.0,0.0,0.0,0.0
MSH0040,2010-09-01,-0.024597228082191114,logon_count (z=1.27),6,6,6,1.0,0.0,0.0,0.0
MSH0040,2010-09-10,-0.024597228082191114,logon_count (z=1.27),6,6,6,1.0,0.0,0.0,0.0
SOB0360,2010-06-03,-0.024597228082191114,logon_count (z=1.51),6,6,6,1.0,0.0,0.0,0.0
JAV0361,2010-03-17,-0.024597228082191114,logon_count (z=1.46),6,6,6,1.0,0.0,0.0,0.0
JGT0221,2010-06-04,-0.024597228082191114,unique_pcs (z=1.19),6,6,6,1.0,0.0,0.0,0.0
JRS0362,2010-10-06,-0.024597228082191114,logon_count (z=1.39),6,6,6,1.0,0.0,0.0,0.0
JRS0362,2010-10-15,-0.024597228082191114,logon_count (z=1.39),6,6,6,1.0,0.0,0.0,0.0
JRS0362,2010-10-18,-0.024597228082191114,logon_count (z=1.39),6,6,6,1.0,0.0,0.0,0.0
JRS0362,2010-07-12,-0.024597228082191114,logon_count (z=1.39),6,6,6,1.0,0.0,0.0,0.0
JRS0362,2010-08-20,-0.024597228082191114,logon_count (z=1.39),6,6,6,1.0,0.0,0.0,0.0
SOB0360,2010-11-03,-0.024597228082191114,logon_count (z=1.51),6,6,6,1.0,0.0,0.0,0.0
JGT0221,2010-05-21,-0.024597228082191114,unique_pcs (z=1.19),6,6,6,1.0,0.0,0.0,0.0
JRS0362,2010-08-30,-0.024597228082191114,logon_count (z=1.39),6,6,6,1.0,0.0,0.0,0.0
MNS0224,2010-07-29,-0.024597228082191114,logon_count (z=1.40),6,6,6,1.0,0.0,0.0,0.0
MNS0224,2010-11-02,-0.024597228082191114,logon_count (z=1.40),6,6,6,1.0,0.0,0.0,0.0
MNS0224,2010-11-04,-0.024597228082191114,logon_count (z=1.40),6,6,6,1.0,0.0,0.0,0.0
MNS0224,2010-11-11,-0.024597228082191114,logon_count (z=1.40),6,6,6,1.0,0.0,0.0,0.0
MNS0224,2010-11-22,-0.024597228082191114,logon_count (z=1.40),6,6,6,1.0,0.0,0.0,0.0
SOB0360,2010-09-02,-0.024597228082191114,logon_count (z=1.51),6,6,6,1.0,0.0,0.0,0.0
MSH0040,2010-09-28,-0.024597228082191114,logon_count (z=1.27),6,6,6,1.0,0.0,0.0,0.0
MSH0040,2010-10-04,-0.024597228082191114,logon_count (z=1.27),6,6,6,1.0,0.0,0.0,0.0
BKW0374,2010-05-11,-0.024597228082191114,logon_count (z=1.52),6,6,6,1.0,0.0,0.0,0.0
KSP0357,2010-10-14,-0.024597228082191114,logon_count (z=1.43),6,6,6,1.0,0.0,0.0,0.0
KSP0357,2010-10-25,-0.024597228082191114,logon_count (z=1.43),6,6,6,1.0,0.0,0.0,0.0
KSP0357,2010-11-09,-0.024597228082191114,logon_count (z=1.43),6,6,6,1.0,0.0,0.0,0.0
KRV0372,2010-05-14,-0.024597228082191114,logon_count (z=1.40),6,6,6,1.0,0.0,0.0,0.0
KRV0372,2010-03-23,-0.024597228082191114,logon_count (z=1.40),6,6,6,1.0,0.0,0.0,0.0
KRV0372,2010-04-09,-0.024597228082191114,logon_count (z=1.40),6,6,6,1.0,0.0,0.0,0.0
KRV0372,2010-04-19,-0.024597228082191114,logon_count (z=1.40),6,6,6,1.0,0.0,0.0,0.0
KRV0372,2010-05-03,-0.024597228082191114,logon_count (z=1.40),6,6,6,1.0,0.0,0.0,0.0
ACC0042,2011-02-08,-0.024597228082191114,logon_count (z=1.51),6,6,6,1.0,0.0,0.0,0.0
MSO0222,2010-03-16,-0.024597228082191114,unique_pcs (z=1.42),6,6,6,1.0,0.0,0.0,0.0
MSH0040,2010-11-11,-0.024597228082191114,logon_count (z=1.27),6,6,6,1.0,0.0,0.0,0.0
MSH0040,2010-12-10,-0.024597228082191114,logon_count (z=1.27),6,6,6,1.0,0.0,0.0,0.0
SOB0360,2010-07-01,-0.024597228082191114,logon_count (z=1.51),6,6,6,1.0,0.0,0.0,0.0
SOB0360,2010-03-18,-0.024597228082191114,logon_count (z=1.51),6,6,6,1.0,0.0,0.0,0.0
SOB0360,2010-04-06,-0.024597228082191114,logon_count (z=1.51),6,6,6,1.0,0.0,0.0,0.0
MNS0224,2010-06-24,-0.024597228082191114,logon_count (z=1.40),6,6,6,1.0,0.0,0.0,0.0
BKW0374,2010-05-10,-0.024597228082191114,logon_count (z=1.52),6,6,6,1.0,0.0,0.0,0.0
JRS0362,2010-12-20,-0.024597228082191114,logon_count (z=1.39),6,6,6,1.0,0.0,0.0,0.0
JRS0362,2011-01-07,-0.024597228082191114,logon_count (z=1.39),6,6,6,1.0,0.0,0.0,0.0
JRS0362,2011-01-21,-0.024597228082191114,logon_count (z=1.39),6,6,6,1.0,0.0,0.0,0.0
BBS0039,2010-02-16,-0.024597228082191114,unique_pcs (z=1.27),6,6,6,1.0,0.0,0.0,0.0
SOB0360,2010-05-03,-0.024597228082191114,logon_count (z=1.51),6,6,6,1.0,0.0,0.0,0.0
UIR0043,2011-01-27,-0.024597228082191114,logon_count (z=1.32),6,6,6,1.0,0.0,0.0,0.0
SOB0360,2010-08-13,-0.024597228082191114,logon_count (z=1.51),6,6,6,1.0,0.0,0.0,0.0
BBS0039,2010-04-06,-0.024597228082191114,unique_pcs (z=1.27),6,6,6,1.0,0.0,0.0,0.0
BBS0039,2010-04-08,-0.024597228082191114,unique_pcs (z=1.27),6,6,6,1.0,0.0,0.0,0.0
BBS0039,2010-05-21,-0.024597228082191114,unique_pcs (z=1.27),6,6,6,1.0,0.0,0.0,0.0
UIR0043,2011-04-05,-0.024597228082191114,logon_count (z=1.32),6,6,6,1.0,0.0,0.0,0.0
KRV0372,2010-01-26,-0.024597228082191114,logon_count (z=1.40),6,6,6,1.0,0.0,0.0,0.0
KRV0372,2010-02-10,-0.024597228082191114,logon_count (z=1.40),6,6,6,1.0,0.0,0.0,0.0
MSO0222,2010-06-30,-0.024597228082191114,unique_pcs (z=1.42),6,6,6,1.0,0.0,0.0,0.0
MSO0222,2010-07-15,-0.024597228082191114,unique_pcs (z=1.42),6,6,6,1.0,0.0,0.0,0.0
MSO0222,2010-08-16,-0.024597228082191114,unique_pcs (z=1.42),6,6,6,1.0,0.0,0.0,0.0
CBB0365,2010-07-22,-0.024597228082191114,logoff_count (z=1.08),6,6,6,1.0,0.0,0.0,0.0
SAK0375,2010-10-27,-0.024597228082191114,logon_count (z=1.34),6,6,6,1.0,0.0,0.0,0.0
SOB0360,2010-01-11,-0.024597228082191114,logon_count (z=1.51),6,6,6,1.0,0.0,0.0,0.0
SOB0360,2010-02-09,-0.024597228082191114,logon_count (z=1.51),6,6,6,1.0,0.0,0.0,0.0
WDD0366,2010-03-01,-0.024597228082191114,unique_pcs (z=1.39),6,6,6,1.0,0.0,0.0,0.0
JRS0362,2011-04-25,-0.024597228082191114,logon_count (z=1.39),6,6,6,1.0,0.0,0.0,0.0
MNS0224,2010-05-11,-0.024597228082191114,logon_count (z=1.40),6,6,6,1.0,0.0,0.0,0.0
SAK0375,2011-03-10,-0.024597228082191114,logon_count (z=1.34),6,6,6,1.0,0.0,0.0,0.0
SOB0360,2010-06-16,-0.024597228082191114,logon_count (z=1.51),6,6,6,1.0,0.0,0.0,0.0
SAK0375,2011-04-25,-0.024597228082191114,logon_count (z=1.34),6,6,6,1.0,0.0,0.0,0.0
MNS0224,2010-02-01,-0.024597228082191114,logon_count (z=1.40),6,6,6,1.0,0.0,0.0,0.0
WDD0366,2010-06-02,-0.024597228082191114,unique_pcs (z=1.39),6,6,6,1.0,0.0,0.0,0.0
CBB0365,2010-02-15,-0.024597228082191114,logoff_count (z=1.08),6,6,6,1.0,0.0,0.0,0.0
CBB0365,2010-04-16,-0.024597228082191114,logoff_count (z=1.08),6,6,6,1.0,0.0,0.0,0.0
SAK0375,2011-01-14,-0.024597228082191114,logon_count (z=1.34),6,6,6,1.0,0.0,0.0,0.0
SAK0375,2011-02-24,-0.024597228082191114,logon_count (z=1.34),6,6,6,1.0,0.0,0.0,0.0
CBB0365,2010-06-14,-0.024597228082191114,logoff_count (z=1.08),6,6,6,1.0,0.0,0.0,0.0
MSH0040,2011-01-04,-0.024597228082191114,logon_count (z=1.27),6,6,6,1.0,0.0,0.0,0.0
MSO0222,2010-09-28,-0.024597228082191114,unique_pcs (z=1.42),6,6,6,1.0,0.0,0.0,0.0
ACC0042,2011-03-16,-0.024597228082191114,logon_count (z=1.51),6,6,6,1.0,0.0,0.0,0.0
ACC0042,2011-04-08,-0.024597228082191114,logon_count (z=1.51),6,6,6,1.0,0.0,0.0,0.0
WPR0368,2011-03-15,-0.024597228082191114,logon_count (z=1.39),6,6,6,1.0,0.0,0.0,0.0
WPR0368,2011-03-26,-0.024597228082191114,logon_count (z=1.39),6,6,6,1.0,0.0,0.0,0.0
MNS0224,2010-04-08,-0.024597228082191114,logon_count (z=1.40),6,6,6,1.0,0.0,0.0,0.0
MNS0224,2010-04-21,-0.024597228082191114,logon_count (z=1.40),6,6,6,1.0,0.0,0.0,0.0
WDD0366,2010-06-28,-0.024597228082191114,unique_pcs (z=1.39),6,6,6,1.0,0.0,0.0,0.0
WDD0366,2010-08-18,-0.024597228082191114,unique_pcs (z=1.39),6,6,6,1.0,0.0,0.0,0.0
CBB0365,2011-04-06,-0.024597228082191114,logoff_count (z=1.08),6,6,6,1.0,0.0,0.0,0.0
MSO0222,2010-02-18,-0.024597228082191114,unique_pcs (z=1.42),6,6,6,1.0,0.0,0.0,0.0
ACC0042,2011-05-04,-0.024597228082191114,logon_count (z=1.51),6,6,6,1.0,0.0,0.0,0.0
WPR0368,2011-02-05,-0.024597228082191114,logon_count (z=1.39),6,6,6,1.0,0.0,0.0,0.0
WPR0368,2011-02-07,-0.024597228082191114,logon_count (z=1.39),6,6,6,1.0,0.0,0.0,0.0
WPR0368,2011-02-08,-0.024597228082191114,logon_count (z=1.39),6,6,6,1.0,0.0,0.0,0.0
KJP0371,2011-03-14,-0.024597228082191114,logon_count (z=1.39),6,6,6,1.0,0.0,0.0,0.0
KJP0371,2011-03-28,-0.024597228082191114,logon_count (z=1.39),6,6,6,1.0,0.0,0.0,0.0
SAK0375,2011-03-14,-0.024597228082191114,logon_count (z=1.34),6,6,6,1.0,0.0,0.0,0.0
MVH0373,2010-02-22,-0.024597228082191114,logon_count (z=1.63),6,6,6,1.0,0.0,0.0,0.0
WPR0368,2011-03-09,-0.024597228082191114,logon_count (z=1.39),6,6,6,1.0,0.0,0.0,0.0
KJP0371,2011-01-24,-0.024597228082191114,logon_count (z=1.39),6,6,6,1.0,0.0,0.0,0.0
SAK0375,2010-03-08,-0.024597228082191114,logon_count (z=1.34),6,6,6,1.0,0.0,0.0,0.0
SAK0375,2010-11-19,-0.024597228082191114,logon_count (z=1.34),6,6,6,1.0,0.0,0.0,0.0
SAK0375,2010-12-08,-0.024597228082191114,logon_count (z=1.34),6,6,6,1.0,0.0,0.0,0.0
SAK0375,2010-09-20,-0.024597228082191114,logon_count (z=1.34),6,6,6,1.0,0.0,0.0,0.0
SAK0375,2010-10-08,-0.024597228082191114,logon_count (z=1.34),6,6,6,1.0,0.0,0.0,0.0
HWY0038,2010-03-29,-0.024597228082191114,logon_count (z=1.31),6,6,6,1.0,0.0,0.0,0.0
HWY0038,2010-04-07,-0.024597228082191114,logon_count (z=1.31),6,6,6,1.0,0.0,0.0,0.0
WDD0366,2011-02-01,-0.024597228082191114,unique_pcs (z=1.39),6,6,6,1.0,0.0,0.0,0.0
SAK0375,2010-01-29,-0.024597228082191114,logon_count (z=1.34),6,6,6,1.0,0.0,0.0,0.0
KJP0371,2011-02-08,-0.024597228082191114,logon_count (z=1.39),6,6,6,1.0,0.0,0.0,0.0
KJP0371,2011-02-09,-0.024597228082191114,logon_count (z=1.39),6,6,6,1.0,0.0,0.0,0.0
KJP0371,2011-02-21,-0.024597228082191114,logon_count (z=1.39),6,6,6,1.0,0.0,0.0,0.0
WPR0368,2010-12-15,-0.024597228082191114,logon_count (z=1.39),6,6,6,1.0,0.0,0.0,0.0
WPR0368,2010-12-21,-0.024597228082191114,logon_count (z=1.39),6,6,6,1.0,0.0,0.0,0.0
KJP0371,2010-11-03,-0.024597228082191114,logon_count (z=1.39),6,6,6,1.0,0.0,0.0,0.0
KCF0045,2010-01-19,-0.024597228082191114,logon_count (z=1.39),6,6,6,1.0,0.0,0.0,0.0
KCF0045,2010-02-02,-0.024597228082191114,logon_count (z=1.39),6,6,6,1.0,0.0,0.0,0.0
DFR0218,2011-04-21,-0.024597228082191114,logon_count (z=1.49),6,6,6,1.0,0.0,0.0,0.0
DFR0218,2011-05-10,-0.024597228082191114,logon_count (z=1.49),6,6,6,1.0,0.0,0.0,0.0
QNP0216,2010-02-11,-0.024597228082191114,logon_count (z=1.40),6,6,6,1.0,0.0,0.0,0.0
QNP0216,2010-03-18,-0.024597228082191114,logon_count (z=1.40),6,6,6,1.0,0.0,0.0,0.0
KJP0371,2010-09-17,-0.024597228082191114,logon_count (z=1.39),6,6,6,1.0,0.0,0.0,0.0
LBC0356,2010-06-21,-0.024597228082191114,logoff_count (z=1.42),6,6,6,1.0,0.0,0.0,0.0
WPR0368,2010-10-07,-0.024597228082191114,logon_count (z=1.39),6,6,6,1.0,0.0,0.0,0.0
HWY0038,2010-02-02,-0.024597228082191114,logon_count (z=1.31),6,6,6,1.0,0.0,0.0,0.0
HWY0038,2010-03-10,-0.024597228082191114,logon_count (z=1.31),6,6,6,1.0,0.0,0.0,0.0
KCF0045,2010-05-27,-0.024597228082191114,logon_count (z=1.39),6,6,6,1.0,0.0,0.0,0.0
HWY0038,2010-04-08,-0.024597228082191114,logon_count (z=1.31),6,6,6,1.0,0.0,0.0,0.0
QNP0216,2010-03-24,-0.024597228082191114,logon_count (z=1.40),6,6,6,1.0,0.0,0.0,0.0
DFR0218,2010-06-01,-0.024597228082191114,logon_count (z=1.49),6,6,6,1.0,0.0,0.0,0.0
DFR0218,2010-06-23,-0.024597228082191114,logon_count (z=1.49),6,6,6,1.0,0.0,0.0,0.0
QNP0216,2010-08-09,-0.024597228082191114,logon_count (z=1.40),6,6,6,1.0,0.0,0.0,0.0
DFR0218,2010-12-01,-0.024597228082191114,logon_count (z=1.49),6,6,6,1.0,0.0,0.0,0.0
QNP0216,2010-05-19,-0.024597228082191114,logon_count (z=1.40),6,6,6,1.0,0.0,0.0,0.0
QNP0216,2010-05-26,-0.024597228082191114,logon_count (z=1.40),6,6,6,1.0,0.0,0.0,0.0
DFR0218,2010-12-21,-0.024597228082191114,logon_count (z=1.49),6,6,6,1.0,0.0,0.0,0.0
WPR0368,2010-07-09,-0.024597228082191114,logon_count (z=1.39),6,6,6,1.0,0.0,0.0,0.0
WPR0368,2010-07-16,-0.024597228082191114,logon_count (z=1.39),6,6,6,1.0,0.0,0.0,0.0
WPR0368,2010-08-20,-0.024597228082191114,logon_count (z=1.39),6,6,6,1.0,0.0,0.0,0.0
WPR0368,2010-08-23,-0.024597228082191114,logon_count (z=1.39),6,6,6,1.0,0.0,0.0,0.0
KJP0371,2010-06-15,-0.024597228082191114,logon_count (z=1.39),6,6,6,1.0,0.0,0.0,0.0
DFR0218,2011-04-08,-0.024597228082191114,logon_count (z=1.49),6,6,6,1.0,0.0,0.0,0.0
DFR0218,2010-02-15,-0.024597228082191114,logon_count (z=1.49),6,6,6,1.0,0.0,0.0,0.0
QNP0216,2010-10-07,-0.024597228082191114,logon_count (z=1.40),6,6,6,1.0,0.0,0.0,0.0
KCF0045,2010-10-01,-0.024597228082191114,logon_count (z=1.39),6,6,6,1.0,0.0,0.0,0.0
KCF0045,2010-11-17,-0.024597228082191114,logon_count (z=1.39),6,6,6,1.0,0.0,0.0,0.0
LBC0356,2011-03-07,-0.024597228082191114,logoff_count (z=1.42),6,6,6,1.0,0.0,0.0,0.0
KCF0045,2010-07-09,-0.024597228082191114,logon_count (z=1.39),6,6,6,1.0,0.0,0.0,0.0
KCF0045,2010-07-28,-0.024597228082191114,logon_count (z=1.39),6,6,6,1.0,0.0,0.0,0.0
KCF0045,2011-02-03,-0.024597228082191114,logon_count (z=1.39),6,6,6,1.0,0.0,0.0,0.0
KCF0045,2010-08-05,-0.024597228082191114,logon_count (z=1.39),6,6,6,1.0,0.0,0.0,0.0
KCF0045,2010-08-09,-0.024597228082191114,logon_count (z=1.39),6,6,6,1.0,0.0,0.0,0.0
KCF0045,2010-08-10,-0.024597228082191114,logon_count (z=1.39),6,6,6,1.0,0.0,0.0,0.0
KCF0045,2010-09-08,-0.024597228082191114,logon_count (z=1.39),6,6,6,1.0,0.0,0.0,0.0
QNP0216,2011-04-04,-0.024597228082191114,logon_count (z=1.40),6,6,6,1.0,0.0,0.0,0.0
KJP0371,2010-05-05,-0.024597228082191114,logon_count (z=1.39),6,6,6,1.0,0.0,0.0,0.0
KJP0371,2010-05-13,-0.024597228082191114,logon_count (z=1.39),6,6,6,1.0,0.0,0.0,0.0
KJP0371,2010-01-13,-0.024597228082191114,logon_count (z=1.39),6,6,6,1.0,0.0,0.0,0.0
QNP0216,2011-04-13,-0.024597228082191114,logon_count (z=1.40),6,6,6,1.0,0.0,0.0,0.0
DFR0218,2011-04-14,-0.024597228082191114,logon_count (z=1.49),6,6,6,1.0,0.0,0.0,0.0
DFR0218,2011-04-19,-0.024597228082191114,logon_count (z=1.49),6,6,6,1.0,0.0,0.0,0.0
QNP0216,2010-12-08,-0.024597228082191114,logon_count (z=1.40),6,6,6,1.0,0.0,0.0,0.0
QNP0216,2011-02-18,-0.024597228082191114,logon_count (z=1.40),6,6,6,1.0,0.0,0.0,0.0
QNP0216,2011-02-24,-0.024597228082191114,logon_count (z=1.40),6,6,6,1.0,0.0,0.0,0.0
QNP0216,2011-03-09,-0.024597228082191114,logon_count (z=1.40),6,6,6,1.0,0.0,0.0,0.0
WPR0368,2010-02-28,-0.024597228082191114,logon_count (z=1.39),6,6,6,1.0,0.0,0.0,0.0
KJP0371,2010-04-01,-0.024597228082191114,logon_count (z=1.39),6,6,6,1.0,0.0,0.0,0.0
KJP0371,2010-04-09,-0.024597228082191114,logon_count (z=1.39),6,6,6,1.0,0.0,0.0,0.0
WPR0368,2010-02-09,-0.024597228082191114,logon_count (z=1.39),6,6,6,1.0,0.0,0.0,0.0
WPR0368,2010-02-13,-0.024597228082191114,logon_count (z=1.39),6,6,6,1.0,0.0,0.0,0.0
LBC0356,2011-03-15,-0.024597228082191114,logoff_count (z=1.42),6,6,6,1.0,0.0,0.0,0.0
LBC0356,2011-04-04,-0.024597228082191114,logoff_count (z=1.42),6,6,6,1.0,0.0,0.0,0.0
KCF0045,2010-12-09,-0.024597228082191114,logon_count (z=1.39),6,6,6,1.0,0.0,0.0,0.0
KCF0045,2011-01-17,-0.024597228082191114,logon_count (z=1.39),6,6,6,1.0,0.0,0.0,0.0
KCF0045,2011-01-19,-0.024597228082191114,logon_count (z=1.39),6,6,6,1.0,0.0,0.0,0.0
CSC0217,2010-01-19,-0.024597228082191114,unique_pcs (z=1.27),6,6,6,1.0,0.0,0.0,0.0
CSC0217,2010-01-28,-0.024597228082191114,unique_pcs (z=1.27),6,6,6,1.0,0.0,0.0,0.0
CSC0217,2010-02-16,-0.024597228082191114,unique_pcs (z=1.27),6,6,6,1.0,0.0,0.0,0.0
CSC0217,2010-03-10,-0.024597228082191114,unique_pcs (z=1.27),6,6,6,1.0,0.0,0.0,0.0
CSC0217,2010-03-12,-0.024597228082191114,unique_pcs (z=1.27),6,6,6,1.0,0.0,0.0,0.0
CSC0217,2010-04-20,-0.024597228082191114,unique_pcs (z=1.27),6,6,6,1.0,0.0,0.0,0.0
QNP0216,2010-11-11,-0.024597228082191114,logon_count (z=1.40),6,6,6,1.0,0.0,0.0,0.0
DFR0218,2010-05-19,-0.024597228082191114,logon_count (z=1.49),6,6,6,1.0,0.0,0.0,0.0
QNP0216,2011-03-29,-0.024597228082191114,logon_count (z=1.40),6,6,6,1.0,0.0,0.0,0.0
UIR0043,2010-11-17,-0.024597228082191114,logon_count (z=1.32),6,6,6,1.0,0.0,0.0,0.0
UIR0043,2010-10-19,-0.024597228082191114,logon_count (z=1.32),6,6,6,1.0,0.0,0.0,0.0
UIR0043,2010-10-20,-0.024597228082191114,logon_count (z=1.32),6,6,6,1.0,0.0,0.0,0.0
JLM0364,2010-07-01,-0.024597228082191114,unique_pcs (z=1.47),6,6,6,1.0,0.0,0.0,0.0
JLM0364,2010-07-12,-0.024597228082191114,unique_pcs (z=1.47),6,6,6,1.0,0.0,0.0,0.0
JLM0364,2010-03-29,-0.024597228082191114,unique_pcs (z=1.47),6,6,6,1.0,0.0,0.0,0.0
JLM0364,2010-05-10,-0.024597228082191114,unique_pcs (z=1.47),6,6,6,1.0,0.0,0.0,0.0
UIR0043,2011-03-16,-0.024597228082191114,logon_count (z=1.32),6,6,6,1.0,0.0,0.0,0.0
UIR0043,2011-03-25,-0.024597228082191114,logon_count (z=1.32),6,6,6,1.0,0.0,0.0,0.0
JGT0221,2010-02-22,-0.024597228082191114,unique_pcs (z=1.19),6,6,6,1.0,0.0,0.0,0.0
MOS0047,2010-07-29,-0.02458697898470874,after_hours_ratio (z=-1.39),5,4,4,0.4,4.0,6.0,6.0
PNH0761,2011-02-10,-0.02456506636993061,after_hours_ratio (z=2.42),1,2,1,1.0,1.0,21.0,21.0
IBB0359,2011-03-31,-0.02455807349607464,after_hours_ratio (z=-1.03),4,3,3,0.5,10.0,6.0,6.0
AJF0370,2010-01-15,-0.024518944228989592,logon_count (z=-1.91),2,2,2,0.5,10.0,19.0,19.0
BJM0111,2010-10-27,-0.024502587443585355,logoff_count (z=2.35),2,2,1,1.0,9.0,17.0,17.0
CLB0774,2010-01-07,-0.024502587443585355,logoff_count (z=2.04),2,2,1,1.0,9.0,17.0,17.0
CCA0046,2010-05-28,-0.024418146522549256,after_hours_ratio (z=0.43),4,4,4,1.25,4.0,7.0,7.0
CLB0774,2011-03-16,-0.024371112279228502,logoff_count (z=2.04),1,2,1,1.0,7.0,17.0,17.0
BAL0044,2010-04-19,-0.02434227637089037,after_hours_ratio (z=-1.31),5,4,4,0.4,4.0,7.0,7.0
BAL0044,2010-05-21,-0.024327829694366865,after_hours_ratio (z=0.79),5,4,3,1.2,3.0,7.0,7.0
IBB0359,2010-10-04,-0.02426264359792396,after_hours_ratio (z=-2.34),4,3,3,0.0,11.0,6.0,6.0
MAS0025,2010-10-01,-0.02425791337401939,device_connects (z=8.52),2,2,1,1.0,5.0,19.0,19.0
EIS0041,2010-05-26,-0.024135791275863627,after_hours_ratio (z=-1.36),5,4,4,0.4,2.0,8.0,8.0
BAL0044,2010-08-27,-0.024135791275863627,after_hours_ratio (z=-1.31),5,4,4,0.4,2.0,8.0,8.0
CLB0774,2010-05-14,-0.024075758730274233,logoff_count (z=2.04),1,2,1,1.0,9.0,17.0,17.0
CLB0774,2010-03-10,-0.02388193582187237,logoff_count (z=2.04),1,2,1,1.0,8.0,17.0,17.0
PNH0761,2010-08-24,-0.02378982993703782,after_hours_ratio (z=2.42),2,2,1,1.0,1.0,24.0,24.0
BMG0917,2010-01-14,-0.02378052579460288,logon_count (z=-1.73),1,1,1,1.0,7.0,26.0,26.0
DLM0051,2011-03-22,-0.02378052579460288,device_connects (z=-2.56),1,1,1,1.0,7.0,26.0,26.0
WIF0691,2010-11-12,-0.02378052579460288,logon_count (z=-1.77),1,1,1,1.0,7.0,26.0,26.0
WIF0691,2010-07-02,-0.02378052579460288,logon_count (z=-1.77),1,1,1,1.0,7.0,26.0,26.0
DLM0051,2010-03-02,-0.023768813479589923,logon_count (z=2.34),3,2,2,0.3333333333333333,9.0,22.0,22.0
MOS0047,2010-04-15,-0.023724859563736045,after_hours_ratio (z=-1.39),5,4,4,0.4,3.0,8.0,8.0
EIS0041,2010-03-03,-0.023724859563736045,after_hours_ratio (z=-1.36),5,4,4,0.4,3.0,8.0,8.0
DLM0051,2010-02-27,-0.023718114623557107,logon_count (z=2.34),3,2,2,0.3333333333333333,8.0,21.0,21.0
EIS0041,2010-12-28,-0.0236777136493751,after_hours_ratio (z=1.59),4,4,4,1.5,2.0,5.0,5.0
BAL0044,2011-04-11,-0.023644923162721265,device_connects (z=0.51),5,4,4,1.0,4.0,5.0,5.0
WIF0691,2010-10-19,-0.023586782037500864,device_connects (z=-2.06),1,1,1,1.0,6.0,25.0,25.0
BJM0111,2010-10-22,-0.02352438759875264,logoff_count (z=2.35),2,2,1,1.0,6.0,18.0,18.0
BAL0044,2011-01-20,-0.02350729333586088,after_hours_ratio (z=-2.36),5,4,4,0.0,4.0,6.0,6.0
WIF0691,2010-06-23,-0.023423027738711966,logoff_count (z=5.79),3,2,2,0.3333333333333333,8.0,24.0,24.0
IBB0359,2010-03-23,-0.023423027738711855,logoff_count (z=-1.37),4,2,2,0.75,10.0,7.0,7.0
WIF0691,2010-06-22,-0.02339309022267344,logon_count (z=-1.77),1,1,1,1.0,7.0,21.0,21.0
BMG0917,2010-10-07,-0.02339309022267344,logon_count (z=-1.73),1,1,1,1.0,7.0,21.0,21.0
BSS0369,2010-05-07,-0.023352949315804117,file_count (z=-1.55),4,4,4,1.0,12.0,0.0,0.0
BAL0044,2010-05-28,-0.023280044391533528,logoff_count (z=-0.78),4,3,3,1.0,4.0,12.0,12.0
MDM0625,2010-02-23,-0.023178718815040744,logon_count (z=2.47),3,2,2,0.0,9.0,25.0,25.0
MDM0625,2010-10-19,-0.023178718815040744,logon_count (z=2.47),3,2,2,0.0,9.0,25.0,25.0
DLM0051,2010-06-02,-0.023178718815040744,logon_count (z=2.34),3,2,2,0.0,9.0,25.0,25.0
BAL0044,2010-10-26,-0.023156237868807605,after_hours_ratio (z=0.79),5,4,4,1.2,3.0,5.0,5.0
BAL0044,2010-03-11,-0.023156237868807605,after_hours_ratio (z=0.79),5,4,4,1.2,3.0,5.0,5.0
EIS0041,2010-08-30,-0.023156237868807605,after_hours_ratio (z=0.79),5,4,4,1.2,3.0,5.0,5.0
EIS0041,2011-03-08,-0.023156237868807605,after_hours_ratio (z=0.79),5,4,4,1.2,3.0,5.0,5.0
CLB0774,2010-09-15,-0.02314879142494619,logoff_count (z=2.04),1,2,1,1.0,9.0,16.0,16.0
HDS0367,2011-02-01,-0.02313834799885206,after_hours_ratio (z=1.51),4,4,4,1.5,3.0,3.0,3.0
HSB0196,2010-06-13,-0.023098136067772335,after_hours_ratio (z=5.07),1,2,1,1.0,9.0,24.0,24.0
THR0873,2010-02-24,-0.023098136067772335,after_hours_ratio (z=3.99),1,2,1,1.0,9.0,24.0,24.0
CLB0774,2011-02-24,-0.023035783829969514,logoff_count (z=2.04),2,2,1,1.0,9.0,16.0,16.0
HDS0367,2010-09-03,-0.022897601076530383,file_count (z=-1.03),5,4,4,1.2,4.0,3.0,3.0
HDS0367,2010-01-25,-0.02288385220281286,logon_count (z=-1.19),3,3,3,1.3333333333333333,6.0,7.0,7.0
BSS0369,2010-08-02,-0.022864461500586408,file_count (z=-1.55),4,4,4,1.0,11.0,0.0,0.0
XWD0923,2010-09-07,-0.02283642661255958,logon_count (z=-1.74),1,1,1,1.0,2.0,27.0,27.0
XWD0923,2010-08-23,-0.02283642661255958,logon_count (z=-1.74),1,1,1,1.0,2.0,27.0,27.0
BAJ0654,2010-04-29,-0.02283642661255958,device_connects (z=2.55),1,1,1,1.0,2.0,27.0,27.0
BAJ0654,2010-10-12,-0.02283642661255958,device_connects (z=2.55),1,1,1,1.0,2.0,27.0,27.0
BAJ0654,2010-01-05,-0.02283642661255958,device_connects (z=2.55),1,1,1,1.0,2.0,27.0,27.0
BAJ0654,2010-06-14,-0.02283642661255958,device_connects (z=2.55),1,1,1,1.0,2.0,27.0,27.0
BAJ0654,2010-06-30,-0.02283642661255958,device_connects (z=2.55),1,1,1,1.0,2.0,27.0,27.0
BAJ0654,2010-06-15,-0.02283642661255958,device_connects (z=2.55),1,1,1,1.0,2.0,27.0,27.0
BAJ0654,2010-11-15,-0.02283642661255958,device_connects (z=2.55),1,1,1,1.0,2.0,27.0,27.0
BAJ0654,2011-03-15,-0.02283642661255958,device_connects (z=2.55),1,1,1,1.0,2.0,27.0,27.0
BAJ0654,2011-03-03,-0.02283642661255958,device_connects (z=2.55),1,1,1,1.0,2.0,27.0,27.0
BAJ0654,2011-01-06,-0.02283642661255958,device_connects (z=2.55),1,1,1,1.0,2.0,27.0,27.0
XWD0923,2010-11-18,-0.02283642661255958,logon_count (z=-1.74),1,1,1,1.0,2.0,27.0,27.0
XWD0923,2010-11-10,-0.02283642661255958,logon_count (z=-1.74),1,1,1,1.0,2.0,27.0,27.0
XWD0923,2010-04-27,-0.02283642661255958,logon_count (z=-1.74),1,1,1,1.0,2.0,27.0,27.0
XWD0923,2010-02-15,-0.02283642661255958,logon_count (z=-1.74),1,1,1,1.0,2.0,27.0,27.0
XWD0923,2010-05-14,-0.02283642661255958,logon_count (z=-1.74),1,1,1,1.0,2.0,27.0,27.0
XWD0923,2010-10-19,-0.02283642661255958,logon_count (z=-1.74),1,1,1,1.0,2.0,27.0,27.0
XWD0923,2010-10-07,-0.02283642661255958,logon_count (z=-1.74),1,1,1,1.0,2.0,27.0,27.0
XWD0923,2010-11-23,-0.02283642661255958,logon_count (z=-1.74),1,1,1,1.0,2.0,27.0,27.0
XWD0923,2010-11-05,-0.02283642661255958,logon_count (z=-1.74),1,1,1,1.0,2.0,27.0,27.0
XWD0923,2010-10-27,-0.02283642661255958,logon_count (z=-1.74),1,1,1,1.0,2.0,27.0,27.0
BJM0111,2011-01-25,-0.022791605886106847,logoff_count (z=2.35),2,2,1,1.0,7.0,17.0,17.0
SAA0999,2010-08-20,-0.02276306967388808,logoff_count (z=6.11),3,2,2,0.3333333333333333,9.0,18.0,18.0
IBB0359,2011-01-24,-0.022708032703841585,file_count (z=-1.15),5,3,3,0.6,11.0,2.0,2.0
WIF0691,2010-06-21,-0.0226604416934455,device_connects (z=-2.06),1,1,1,1.0,6.0,20.0,20.0
CLB0774,2010-06-22,-0.022609820597401464,logoff_count (z=2.04),1,2,1,1.0,8.0,24.0,24.0
WIF0691,2010-03-04,-0.022609820597401464,logon_count (z=-1.77),1,1,1,1.0,7.0,25.0,25.0
CLB0774,2010-02-24,-0.022609820597401464,logoff_count (z=2.04),1,2,1,1.0,8.0,24.0,24.0
CLB0774,2010-07-23,-0.022609820597401464,logoff_count (z=2.04),1,2,1,1.0,8.0,24.0,24.0
WIF0691,2010-11-16,-0.022609820597401464,logon_count (z=-1.77),1,1,1,1.0,7.0,25.0,25.0
WIF0691,2011-02-01,-0.022609820597401464,logon_count (z=-1.77),1,1,1,1.0,7.0,25.0,25.0
DLM0051,2010-05-05,-0.022609820597401464,device_connects (z=-2.56),1,1,1,1.0,7.0,25.0,25.0
BJM0111,2010-11-25,-0.022609820597401464,logoff_count (z=2.35),1,2,1,1.0,8.0,24.0,24.0
BMG0917,2011-02-07,-0.022609820597401464,logon_count (z=-1.73),1,1,1,1.0,7.0,25.0,25.0
BMG0917,2011-03-15,-0.022609820597401464,logon_count (z=-1.73),1,1,1,1.0,7.0,25.0,25.0
WIF0691,2011-02-07,-0.022609820597401464,logon_count (z=-1.77),1,1,1,1.0,7.0,25.0,25.0
DLM0051,2010-09-22,-0.022609820597401464,device_connects (z=-2.56),1,1,1,1.0,7.0,25.0,25.0
PNH0761,2010-01-12,-0.022568491470878138,after_hours_ratio (z=2.42),2,2,1,1.0,1.0,22.0,22.0
HRL0540,2010-07-29,-0.022504573716271015,logoff_count (z=3.58),2,2,2,1.5,10.0,7.0,7.0
SAA0999,2010-04-05,-0.02245797861680454,after_hours_ratio (z=2.05),1,1,1,1.0,9.0,27.0,27.0
SAA0999,2010-05-07,-0.02245797861680454,after_hours_ratio (z=2.05),1,1,1,1.0,9.0,27.0,27.0
SAA0999,2010-06-10,-0.02245797861680454,after_hours_ratio (z=2.05),1,1,1,1.0,9.0,27.0,27.0
SAA0999,2010-11-16,-0.02245797861680454,after_hours_ratio (z=2.05),1,1,1,1.0,9.0,27.0,27.0
DLM0051,2010-02-23,-0.02245797861680454,logon_count (z=-2.17),1,1,1,1.0,9.0,27.0,27.0
WIF0691,2010-05-18,-0.02245797861680454,logon_count (z=-1.77),1,1,1,1.0,9.0,27.0,27.0
DLM0051,2010-03-14,-0.02245797861680454,logon_count (z=-2.17),1,1,1,1.0,9.0,27.0,27.0
WIF0691,2011-01-13,-0.02245797861680454,logon_count (z=-1.77),1,1,1,1.0,9.0,27.0,27.0
WIF0691,2010-08-18,-0.02245797861680454,logon_count (z=-1.77),1,1,1,1.0,9.0,27.0,27.0
WIF0691,2010-06-07,-0.02245797861680454,logon_count (z=-1.77),1,1,1,1.0,9.0,27.0,27.0
SAA0999,2011-04-04,-0.02245797861680454,after_hours_ratio (z=2.05),1,1,1,1.0,9.0,27.0,27.0
WIF0691,2010-06-01,-0.02245797861680454,logon_count (z=-1.77),1,1,1,1.0,9.0,27.0,27.0
DLM0051,2010-01-18,-0.02245797861680454,logon_count (z=-2.17),1,1,1,1.0,9.0,27.0,27.0
SAA0999,2011-05-05,-0.02245797861680454,after_hours_ratio (z=2.05),1,1,1,1.0,9.0,27.0,27.0
SAA0999,2010-12-21,-0.02245797861680454,after_hours_ratio (z=2.05),1,1,1,1.0,9.0,27.0,27.0
WIF0691,2011-03-01,-0.02245797861680454,logon_count (z=-1.77),1,1,1,1.0,9.0,27.0,27.0
SAA0999,2010-10-20,-0.02245797861680454,after_hours_ratio (z=2.05),1,1,1,1.0,9.0,27.0,27.0
SAA0999,2010-03-30,-0.02245797861680454,after_hours_ratio (z=2.05),1,1,1,1.0,9.0,27.0,27.0
SAA0999,2010-11-22,-0.02245797861680454,after_hours_ratio (z=2.05),1,1,1,1.0,9.0,27.0,27.0
WIF0691,2010-10-20,-0.02245797861680454,logon_count (z=-1.77),1,1,1,1.0,9.0,27.0,27.0
WIF0691,2010-12-09,-0.02245797861680454,logon_count (z=-1.77),1,1,1,1.0,9.0,27.0,27.0
SAA0999,2010-08-23,-0.02245797861680454,after_hours_ratio (z=2.05),1,1,1,1.0,9.0,27.0,27.0
SAA0999,2010-07-22,-0.02245797861680454,after_hours_ratio (z=2.05),1,1,1,1.0,9.0,27.0,27.0
SAA0999,2010-07-08,-0.02245797861680454,after_hours_ratio (z=2.05),1,1,1,1.0,9.0,27.0,27.0
SAA0999,2010-03-12,-0.02245797861680454,after_hours_ratio (z=2.05),1,1,1,1.0,9.0,27.0,27.0
SAA0999,2010-10-13,-0.02245797861680454,after_hours_ratio (z=2.05),1,1,1,1.0,9.0,27.0,27.0
BMG0917,2010-01-18,-0.02245797861680454,logon_count (z=-1.73),1,1,1,1.0,9.0,27.0,27.0
BMG0917,2010-03-01,-0.02245797861680454,logon_count (z=-1.73),1,1,1,1.0,9.0,27.0,27.0
DLM0051,2010-08-17,-0.02245797861680454,logon_count (z=-2.17),1,1,1,1.0,9.0,27.0,27.0
BMG0917,2011-01-03,-0.02245797861680454,logon_count (z=-1.73),1,1,1,1.0,9.0,27.0,27.0
DLM0051,2011-01-31,-0.02245797861680454,logon_count (z=-2.17),1,1,1,1.0,9.0,27.0,27.0
DLM0051,2010-03-19,-0.02245797861680454,logon_count (z=-2.17),1,1,1,1.0,9.0,27.0,27.0
BMG0917,2010-03-24,-0.02245797861680454,logon_count (z=-1.73),1,1,1,1.0,9.0,27.0,27.0
CAS0507,2011-02-08,-0.022450736438316965,after_hours_ratio (z=3.79),3,2,1,0.3333333333333333,1.0,27.0,27.0
CCA0046,2010-04-13,-0.022446287736592074,unique_pcs (z=-0.68),3,3,3,1.3333333333333333,4.0,11.0,11.0
CLB0774,2010-08-24,-0.022416390703784317,logoff_count (z=2.04),1,2,1,1.0,8.0,16.0,16.0
IBB0359,2010-11-18,-0.0223950105323113,logon_count (z=-1.15),3,3,3,0.6666666666666666,11.0,6.0,6.0
BSS0369,2010-06-10,-0.0223950105323113,logon_count (z=-0.71),3,3,3,0.6666666666666666,11.0,6.0,6.0
TDS0984,2010-11-07,-0.02237278651497132,logon_count (z=2.43),3,2,2,0.0,1.0,27.0,27.0
CAS0507,2010-06-01,-0.02237278651497132,logon_count (z=1.77),3,2,2,0.0,1.0,27.0,27.0
AIP0982,2010-09-27,-0.02237278651497132,logoff_count (z=4.26),3,2,2,0.0,1.0,27.0,27.0
AIP0982,2010-04-12,-0.02237278651497132,logoff_count (z=4.26),3,2,2,0.0,1.0,27.0,27.0
CAS0507,2010-01-25,-0.02237278651497132,logon_count (z=1.77),3,2,2,0.0,1.0,27.0,27.0
ILH0958,2011-01-13,-0.02237278651497132,logon_count (z=1.71),3,2,2,0.0,1.0,27.0,27.0
CAS0507,2010-01-04,-0.02237278651497132,logon_count (z=1.77),3,2,2,0.0,1.0,27.0,27.0
CAS0507,2010-12-08,-0.02237278651497132,logon_count (z=1.77),3,2,2,0.0,1.0,27.0,27.0
CAS0507,2010-11-12,-0.02237278651497132,logon_count (z=1.77),3,2,2,0.0,1.0,27.0,27.0
CAS0507,2010-02-19,-0.02237278651497132,logon_count (z=1.77),3,2,2,0.0,1.0,27.0,27.0
TDS0984,2011-02-08,-0.02237278651497132,logon_count (z=2.43),3,2,2,0.0,1.0,27.0,27.0
ILH0958,2010-11-03,-0.02237278651497132,logon_count (z=1.71),3,2,2,0.0,1.0,27.0,27.0
ILH0958,2010-04-12,-0.02237278651497132,logon_count (z=1.71),3,2,2,0.0,1.0,27.0,27.0
TDS0984,2011-03-30,-0.02237278651497132,logon_count (z=2.43),3,2,2,0.0,1.0,27.0,27.0
EAH0466,2010-02-05,-0.02237278651497132,logoff_count (z=2.74),3,2,2,0.0,1.0,27.0,27.0
HRB0351,2010-02-06,-0.02237278651497132,logoff_count (z=3.05),3,2,2,0.0,1.0,27.0,27.0
CAS0507,2010-03-10,-0.02237278651497132,logon_count (z=1.77),3,2,2,0.0,1.0,27.0,27.0
CAS0507,2010-02-26,-0.02237278651497132,logon_count (z=1.77),3,2,2,0.0,1.0,27.0,27.0
CAS0507,2010-08-12,-0.02237278651497132,logon_count (z=1.77),3,2,2,0.0,1.0,27.0,27.0
CAS0507,2010-10-28,-0.02237278651497132,logon_count (z=1.77),3,2,2,0.0,1.0,27.0,27.0
DFH0188,2010-02-11,-0.02237278651497132,logon_count (z=2.16),3,2,2,0.0,1.0,27.0,27.0
HRB0351,2010-12-31,-0.02237278651497132,logoff_count (z=3.05),3,2,2,0.0,1.0,27.0,27.0
DFH0188,2010-05-27,-0.02237278651497132,logon_count (z=2.16),3,2,2,0.0,1.0,27.0,27.0
DFH0188,2010-01-04,-0.02237278651497132,logon_count (z=2.16),3,2,2,0.0,1.0,27.0,27.0
AIP0982,2010-07-20,-0.02237278651497132,logoff_count (z=4.26),3,2,2,0.0,1.0,27.0,27.0
AIP0982,2010-07-15,-0.02237278651497132,logoff_count (z=4.26),3,2,2,0.0,1.0,27.0,27.0
PAD0773,2010-03-04,-0.02237278651497132,logon_count (z=2.28),3,2,2,0.0,1.0,27.0,27.0
PAD0773,2011-04-05,-0.02237278651497132,logon_count (z=2.28),3,2,2,0.0,1.0,27.0,27.0
DFH0188,2010-08-12,-0.02237278651497132,logon_count (z=2.16),3,2,2,0.0,1.0,27.0,27.0
DFH0188,2010-09-02,-0.02237278651497132,logon_count (z=2.16),3,2,2,0.0,1.0,27.0,27.0
DFH0188,2010-11-22,-0.02237278651497132,logon_count (z=2.16),3,2,2,0.0,1.0,27.0,27.0
DFH0188,2010-10-18,-0.02237278651497132,logon_count (z=2.16),3,2,2,0.0,1.0,27.0,27.0
GNS0178,2011-02-22,-0.02237278651497132,unique_pcs (z=3.52),3,2,2,0.0,1.0,27.0,27.0
BSS0369,2010-08-25,-0.022339690381771637,logon_count (z=-1.39),2,2,2,1.0,10.0,11.0,11.0
BSS0369,2010-05-11,-0.022339690381771637,logon_count (z=-1.39),2,2,2,1.0,10.0,11.0,11.0
DLM0051,2011-02-11,-0.02225290168577465,logon_count (z=2.34),3,2,2,0.0,9.0,21.0,21.0
AJF0370,2010-07-01,-0.02225290168577465,after_hours_ratio (z=-2.47),3,2,2,0.0,9.0,21.0,21.0
CLB0774,2011-01-26,-0.02212183540285273,logoff_count (z=2.04),1,2,1,1.0,9.0,23.0,23.0
CCA0046,2010-06-23,-0.022110149970584136,after_hours_ratio (z=-1.03),3,3,3,0.6666666666666666,3.0,15.0,15.0
XWD0923,2010-06-07,-0.021928536336991322,device_connects (z=1.82),1,1,1,1.0,4.0,25.0,25.0
SBN0866,2010-09-16,-0.02187796658919805,logoff_count (z=3.52),1,2,1,1.0,1.0,23.0,23.0
PNH0761,2010-12-29,-0.02187796658919805,after_hours_ratio (z=2.42),1,2,1,1.0,1.0,23.0,23.0
EIS0041,2010-09-28,-0.021866285109362615,after_hours_ratio (z=-1.09),4,3,3,0.5,3.0,14.0,14.0
CAS0507,2010-05-07,-0.02181343535935365,device_connects (z=2.10),3,2,2,0.0,3.0,27.0,27.0
DFH0188,2010-06-10,-0.02181343535935365,logon_count (z=2.16),3,2,2,0.0,3.0,27.0,27.0
CAS0507,2010-07-01,-0.02181343535935365,device_connects (z=2.10),3,2,2,0.0,3.0,27.0,27.0
CAS0507,2010-05-18,-0.02181343535935365,device_connects (z=2.10),3,2,2,0.0,3.0,27.0,27.0
AIP0982,2010-10-01,-0.02181343535935365,logoff_count (z=4.26),3,2,2,0.0,3.0,27.0,27.0
CAS0507,2010-03-30,-0.02181343535935365,device_connects (z=2.10),3,2,2,0.0,3.0,27.0,27.0
IBB0359,2010-03-01,-0.021801323521443594,unique_pcs (z=-1.35),3,3,2,1.0,9.0,8.0,8.0
DLM0051,2010-03-29,-0.021776837736821042,logon_count (z=-2.17),1,1,1,1.0,8.0,27.0,27.0
DLM0051,2010-03-23,-0.021776837736821042,logon_count (z=-2.17),1,1,1,1.0,8.0,27.0,27.0
SAA0999,2011-05-12,-0.021776837736821042,after_hours_ratio (z=2.05),1,1,1,1.0,8.0,27.0,27.0
DLM0051,2010-01-31,-0.021776837736821042,logon_count (z=-2.17),1,1,1,1.0,8.0,27.0,27.0
WIF0691,2010-04-06,-0.021776837736821042,logon_count (z=-1.77),1,1,1,1.0,8.0,27.0,27.0
DLM0051,2010-04-05,-0.021776837736821042,logon_count (z=-2.17),1,1,1,1.0,8.0,27.0,27.0
DLM0051,2011-05-15,-0.021776837736821042,logon_count (z=-2.17),1,1,1,1.0,8.0,27.0,27.0
WIF0691,2010-08-23,-0.021776837736821042,logon_count (z=-1.77),1,1,1,1.0,8.0,27.0,27.0
WIF0691,2011-03-17,-0.021776837736821042,logon_count (z=-1.77),1,1,1,1.0,8.0,27.0,27.0
WIF0691,2010-10-27,-0.021776837736821042,logon_count (z=-1.77),1,1,1,1.0,8.0,27.0,27.0
WIF0691,2010-12-14,-0.021776837736821042,logon_count (z=-1.77),1,1,1,1.0,8.0,27.0,27.0
WIF0691,2011-01-07,-0.021776837736821042,logon_count (z=-1.77),1,1,1,1.0,8.0,27.0,27.0
SAA0999,2010-02-23,-0.021776837736821042,after_hours_ratio (z=2.05),1,1,1,1.0,8.0,27.0,27.0
WIF0691,2010-01-06,-0.021776837736821042,logon_count (z=-1.77),1,1,1,1.0,8.0,27.0,27.0
WIF0691,2010-01-04,-0.021776837736821042,logon_count (z=-1.77),1,1,1,1.0,8.0,27.0,27.0
SAA0999,2010-12-08,-0.021776837736821042,after_hours_ratio (z=2.05),1,1,1,1.0,8.0,27.0,27.0
BMG0917,2011-05-05,-0.021776837736821042,logon_count (z=-1.73),1,1,1,1.0,8.0,27.0,27.0
BMG0917,2010-08-20,-0.021776837736821042,logon_count (z=-1.73),1,1,1,1.0,8.0,27.0,27.0
DLM0051,2010-07-24,-0.021776837736821042,logon_count (z=-2.17),1,1,1,1.0,8.0,27.0,27.0
BMG0917,2010-04-12,-0.021776837736821042,logon_count (z=-1.73),1,1,1,1.0,8.0,27.0,27.0
GTD0219,2010-05-26,-0.021712481709207032,after_hours_ratio (z=-1.40),4,4,4,0.5,2.0,9.0,9.0
EIS0041,2010-08-18,-0.021712481709207032,after_hours_ratio (z=-1.09),4,4,4,0.5,2.0,9.0,9.0
MDM0625,2010-09-02,-0.021664044871698707,logon_count (z=2.47),3,2,2,0.0,8.0,26.0,26.0
MDM0625,2010-12-06,-0.021664044871698707,logon_count (z=2.47),3,2,2,0.0,8.0,26.0,26.0
DLM0051,2011-04-10,-0.021664044871698707,logon_count (z=2.34),3,2,2,0.0,8.0,26.0,26.0
EIS0041,2010-09-27,-0.02157195445459481,logon_count (z=-1.22),3,3,3,1.0,3.0,13.0,13.0
MDM0625,2011-01-14,-0.021521409723500362,logon_count (z=2.47),3,2,2,0.0,9.0,19.0,19.0
SAA0999,2010-03-19,-0.021482543609602334,after_hours_ratio (z=2.05),1,1,1,1.0,9.0,26.0,26.0
WIF0691,2010-10-07,-0.021482543609602334,logon_count (z=-1.77),1,1,1,1.0,9.0,26.0,26.0
SAA0999,2011-05-13,-0.021482543609602334,after_hours_ratio (z=2.05),1,1,1,1.0,9.0,26.0,26.0
DLM0051,2010-01-08,-0.021482543609602334,logon_count (z=-2.17),1,1,1,1.0,9.0,26.0,26.0
DLM0051,2010-02-14,-0.021482543609602334,logon_count (z=-2.17),1,1,1,1.0,9.0,26.0,26.0
SAA0999,2011-03-18,-0.021482543609602334,after_hours_ratio (z=2.05),1,1,1,1.0,9.0,26.0,26.0
SAA0999,2011-01-13,-0.021482543609602334,after_hours_ratio (z=2.05),1,1,1,1.0,9.0,26.0,26.0
SAA0999,2011-02-15,-0.021482543609602334,after_hours_ratio (z=2.05),1,1,1,1.0,9.0,26.0,26.0
SAA0999,2011-01-31,-0.021482543609602334,after_hours_ratio (z=2.05),1,1,1,1.0,9.0,26.0,26.0
SAA0999,2011-02-03,-0.021482543609602334,after_hours_ratio (z=2.05),1,1,1,1.0,9.0,26.0,26.0
DLM0051,2011-02-10,-0.021482543609602334,logon_count (z=-2.17),1,1,1,1.0,9.0,26.0,26.0
BMG0917,2010-03-22,-0.021482543609602334,logon_count (z=-1.73),1,1,1,1.0,9.0,26.0,26.0
BMG0917,2010-08-19,-0.021482543609602334,logon_count (z=-1.73),1,1,1,1.0,9.0,26.0,26.0
BAL0044,2011-01-05,-0.021448440765306165,file_count (z=-0.78),5,4,4,0.8,4.0,3.0,3.0
WIF0691,2010-11-03,-0.0214410119341496,logon_count (z=-1.77),1,1,1,1.0,7.0,22.0,22.0
WIF0691,2011-04-06,-0.0214410119341496,logon_count (z=-1.77),1,1,1,1.0,7.0,22.0,22.0
BMG0917,2010-09-08,-0.021391181479638255,logoff_count (z=4.28),3,2,1,0.6666666666666666,9.0,23.0,23.0
BMG0917,2010-03-19,-0.021391181479638255,logoff_count (z=4.28),3,2,1,0.6666666666666666,9.0,23.0,23.0
CLB0774,2010-04-27,-0.021391181479638255,logon_count (z=4.07),3,2,1,0.6666666666666666,9.0,23.0,23.0
MOS0047,2010-05-06,-0.021378802810604447,logoff_count (z=-0.81),4,3,3,0.75,4.0,12.0,12.0
SBN0866,2011-01-24,-0.021349217110774643,logoff_count (z=3.52),2,2,1,1.0,1.0,23.0,23.0
PNH0761,2010-12-14,-0.021349217110774643,after_hours_ratio (z=2.42),2,2,1,1.0,1.0,23.0,23.0
SBN0866,2010-12-21,-0.021349217110774643,logoff_count (z=3.52),2,2,1,1.0,1.0,23.0,23.0
PNH0761,2010-08-05,-0.021349217110774643,after_hours_ratio (z=2.42),2,2,1,1.0,1.0,21.0,21.0
AJF0370,2010-05-08,-0.021322505983528472,after_hours_ratio (z=-2.47),2,2,2,0.0,10.0,25.0,25.0
MOS0047,2010-07-28,-0.021277743995391507,logoff_count (z=-0.81),4,3,3,1.0,6.0,7.0,7.0
CCA0046,2010-01-28,-0.021276693511358413,device_connects (z=-1.04),3,3,3,1.3333333333333333,2.0,12.0,12.0
CLB0774,2010-09-14,-0.02119807830048437,logon_count (z=4.07),3,2,1,0.6666666666666666,9.0,22.0,22.0
BAL0044,2010-01-28,-0.02116866402755535,after_hours_ratio (z=-1.31),5,4,4,0.4,3.0,7.0,7.0
BMG0917,2010-10-21,-0.021034160683789827,after_hours_ratio (z=1.38),2,1,1,1.0,9.0,20.0,20.0
BAL0044,2011-03-29,-0.02103311055506818,logon_count (z=-1.27),3,3,3,1.3333333333333333,3.0,12.0,12.0
HDS0367,2010-11-23,-0.02103311055506818,logon_count (z=-1.19),3,3,3,1.3333333333333333,3.0,12.0,12.0
IBB0359,2010-04-27,-0.021032152587002306,device_connects (z=-1.23),3,3,3,1.3333333333333333,9.0,3.0,3.0
AJF0370,2010-04-20,-0.020977890794603327,after_hours_ratio (z=-2.47),2,2,2,0.0,9.0,31.0,31.0
HDS0367,2010-03-19,-0.020946861939787897,file_count (z=-0.88),5,4,4,1.2,4.0,4.0,4.0
HDS0367,2010-12-15,-0.020946861939787897,file_count (z=-0.88),5,4,4,1.2,4.0,4.0,4.0
CCA0046,2010-05-12,-0.020943405594092357,after_hours_ratio (z=1.05),4,4,4,1.5,3.0,4.0,4.0
EIS0041,2011-01-24,-0.020943405594092357,after_hours_ratio (z=1.59),4,4,4,1.5,3.0,4.0,4.0
MDM0625,2011-02-22,-0.02093315022496456,logon_count (z=2.47),3,2,2,0.0,8.0,25.0,25.0
MDM0625,2011-01-03,-0.02093315022496456,logon_count (z=2.47),3,2,2,0.0,8.0,25.0,25.0
SAA0999,2011-01-07,-0.020903315907613074,after_hours_ratio (z=2.05),1,1,1,1.0,8.0,21.0,21.0
WIF0691,2010-12-20,-0.020903315907613074,logon_count (z=-1.77),1,1,1,1.0,8.0,21.0,21.0
DLM0051,2010-01-13,-0.020903315907613074,logon_count (z=-2.17),1,1,1,1.0,8.0,21.0,21.0
WIF0691,2010-01-25,-0.020903315907613074,logon_count (z=-1.77),1,1,1,1.0,8.0,21.0,21.0
WIF0691,2010-10-21,-0.020903315907613074,logon_count (z=-1.77),1,1,1,1.0,8.0,21.0,21.0
BMG0917,2010-11-08,-0.020903315907613074,logon_count (z=-1.73),1,1,1,1.0,8.0,21.0,21.0
BMG0917,2010-05-20,-0.020903315907613074,logon_count (z=-1.73),1,1,1,1.0,8.0,21.0,21.0
EIS0041,2010-10-07,-0.02089165022414652,logon_count (z=-1.22),3,3,3,0.6666666666666666,4.0,14.0,14.0
HDS0367,2010-04-27,-0.02089165022414652,logon_count (z=-1.19),3,3,3,0.6666666666666666,4.0,14.0,14.0
IBB0359,2010-09-23,-0.02079536730456777,after_hours_ratio (z=-1.03),4,3,3,0.5,11.0,5.0,5.0
BSS0369,2010-07-27,-0.02076313845766886,after_hours_ratio (z=-2.17),3,3,3,0.0,10.0,8.0,8.0
BSS0369,2010-06-05,-0.02076313845766886,after_hours_ratio (z=-2.17),3,3,3,0.0,10.0,8.0,8.0
BAJ0654,2010-10-28,-0.020642402051291975,device_connects (z=4.14),1,1,1,1.0,3.0,27.0,27.0
XWD0923,2010-07-22,-0.020642402051291975,logon_count (z=-1.74),1,1,1,1.0,3.0,27.0,27.0
BAJ0654,2010-09-09,-0.020642402051291975,device_connects (z=4.14),1,1,1,1.0,3.0,27.0,27.0
XWD0923,2010-02-08,-0.020642402051291975,logon_count (z=-1.74),1,1,1,1.0,3.0,27.0,27.0
XWD0923,2010-03-23,-0.020642402051291975,logon_count (z=-1.74),1,1,1,1.0,3.0,27.0,27.0
XWD0923,2010-04-19,-0.020642402051291975,logon_count (z=-1.74),1,1,1,1.0,3.0,27.0,27.0
IBB0359,2010-03-29,-0.020597717580215447,logoff_count (z=-1.37),3,2,2,0.6666666666666666,10.0,11.0,11.0
IBB0359,2011-01-19,-0.020597717580215447,logoff_count (z=-1.37),3,2,2,0.6666666666666666,10.0,11.0,11.0
IBB0359,2010-10-13,-0.02042655573879404,logon_count (z=-1.80),2,2,2,1.0,10.0,10.0,10.0
WIF0691,2010-04-05,-0.0204164849202797,logon_count (z=-1.77),1,1,1,1.0,8.0,20.0,20.0
BMG0917,2010-07-29,-0.0204164849202797,logon_count (z=-1.73),1,1,1,1.0,8.0,20.0,20.0
BMG0917,2010-01-11,-0.0204164849202797,logon_count (z=-1.73),1,1,1,1.0,8.0,20.0,20.0
BMG0917,2010-01-04,-0.0204164849202797,logon_count (z=-1.73),1,1,1,1.0,9.0,21.0,21.0
BMG0917,2010-06-14,-0.0204164849202797,logon_count (z=-1.73),1,1,1,1.0,9.0,21.0,21.0
BMG0917,2010-09-27,-0.0204164849202797,logon_count (z=-1.73),1,1,1,1.0,9.0,21.0,21.0
SAA0999,2010-11-15,-0.0204164849202797,after_hours_ratio (z=2.05),1,1,1,1.0,9.0,21.0,21.0
DLM0051,2010-01-03,-0.0204164849202797,logon_count (z=-2.17),1,1,1,1.0,9.0,21.0,21.0
DLM0051,2011-04-09,-0.0204164849202797,logon_count (z=-2.17),1,1,1,1.0,8.0,20.0,20.0
BMG0917,2011-03-17,-0.0204164849202797,logon_count (z=-1.73),1,1,1,1.0,9.0,21.0,21.0
WIF0691,2010-11-17,-0.0204164849202797,logon_count (z=-1.77),1,1,1,1.0,8.0,20.0,20.0
DLM0051,2011-02-16,-0.0204164849202797,logon_count (z=-2.17),1,1,1,1.0,8.0,20.0,20.0
BAJ0654,2011-03-09,-0.02035559345413107,after_hours_ratio (z=-2.96),2,2,2,0.5,1.0,25.0,25.0
BAJ0654,2010-03-04,-0.02035559345413107,after_hours_ratio (z=-2.96),2,2,2,0.5,1.0,25.0,25.0
CAS0507,2011-01-17,-0.020295442057002844,logon_count (z=3.77),4,2,2,0.25,1.0,22.0,22.0
MDM0625,2010-04-26,-0.02025344920070915,logon_count (z=2.47),3,2,2,0.0,9.0,23.0,23.0
MDM0625,2011-01-25,-0.02025344920070915,logon_count (z=2.47),3,2,2,0.0,9.0,23.0,23.0
HDS0367,2010-06-10,-0.020231059331290435,file_count (z=-0.88),5,4,4,0.8,4.0,4.0,4.0
BAL0044,2010-06-24,-0.020194972505682696,file_count (z=-0.49),5,4,4,0.8,3.0,5.0,5.0
IBB0359,2010-05-26,-0.02018625477690239,file_count (z=-1.31),4,3,3,1.0,11.0,1.0,1.0
BMG0917,2010-12-14,-0.020173192917453342,logon_count (z=-1.73),1,1,1,1.0,9.0,20.0,20.0
SAA0999,2010-09-02,-0.020173192917453342,after_hours_ratio (z=2.05),1,1,1,1.0,9.0,20.0,20.0
BMG0917,2010-10-13,-0.020173192917453342,logon_count (z=-1.73),1,1,1,1.0,9.0,20.0,20.0
DLM0051,2010-08-11,-0.020173192917453342,logon_count (z=-2.17),1,1,1,1.0,9.0,20.0,20.0
WIF0691,2010-12-28,-0.020173192917453342,logon_count (z=-1.77),1,1,1,1.0,9.0,20.0,20.0
DLM0051,2011-03-23,-0.020173192917453342,logon_count (z=-2.17),1,1,1,1.0,9.0,20.0,20.0
BMG0917,2010-08-18,-0.020173192917453342,logon_count (z=-1.73),1,1,1,1.0,9.0,20.0,20.0
BMG0917,2010-11-10,-0.020173192917453342,logon_count (z=-1.73),1,1,1,1.0,9.0,20.0,20.0
WIF0691,2010-10-01,-0.020173192917453342,logon_count (z=-1.77),1,1,1,1.0,9.0,20.0,20.0
DLM0051,2010-07-03,-0.020155782760637342,logoff_count (z=2.19),2,2,2,0.5,9.0,21.0,21.0
BJM0111,2010-07-13,-0.020111093286597326,logoff_count (z=2.35),2,2,1,1.0,6.0,16.0,16.0
DLM0051,2010-09-17,-0.02010533738383591,logoff_count (z=2.19),2,2,2,0.5,9.0,24.0,24.0
SAA0999,2010-05-27,-0.020072303260142865,after_hours_ratio (z=2.05),1,1,1,1.0,8.0,26.0,26.0
SAA0999,2010-10-27,-0.020072303260142865,after_hours_ratio (z=2.05),1,1,1,1.0,8.0,26.0,26.0
BMG0917,2010-11-05,-0.020072303260142865,logon_count (z=-1.73),1,1,1,1.0,8.0,26.0,26.0
SAA0999,2010-06-23,-0.020072303260142865,after_hours_ratio (z=2.05),1,1,1,1.0,8.0,26.0,26.0
SAA0999,2010-08-02,-0.020072303260142865,after_hours_ratio (z=2.05),1,1,1,1.0,8.0,26.0,26.0
BMG0917,2010-02-01,-0.020072303260142865,logon_count (z=-1.73),1,1,1,1.0,8.0,26.0,26.0
WIF0691,2010-07-15,-0.020072303260142865,logon_count (z=-1.77),1,1,1,1.0,8.0,26.0,26.0
MDM0625,2010-11-18,-0.020060651045073263,logon_count (z=2.47),3,2,2,0.0,6.0,21.0,21.0
WIF0691,2011-02-09,-0.020060651045073263,logoff_count (z=5.79),3,2,2,0.0,7.0,21.0,21.0
MDM0625,2011-02-23,-0.020060651045073263,logon_count (z=2.47),3,2,2,0.0,7.0,21.0,21.0
BAJ0654,2010-08-05,-0.020059031580864084,file_count (z=1.55),1,1,1,1.0,1.0,27.0,27.0
BAJ0654,2010-07-28,-0.020059031580864084,file_count (z=1.55),1,1,1,1.0,1.0,27.0,27.0
BAJ0654,2010-08-27,-0.020059031580864084,file_count (z=1.55),1,1,1,1.0,1.0,27.0,27.0
BAJ0654,2010-08-16,-0.020059031580864084,file_count (z=1.55),1,1,1,1.0,1.0,27.0,27.0
BAJ0654,2010-08-30,-0.020059031580864084,file_count (z=1.55),1,1,1,1.0,1.0,27.0,27.0
BAJ0654,2010-09-10,-0.020059031580864084,file_count (z=1.55),1,1,1,1.0,1.0,27.0,27.0
BAJ0654,2010-10-15,-0.020059031580864084,file_count (z=1.55),1,1,1,1.0,1.0,27.0,27.0
BAJ0654,2010-10-08,-0.020059031580864084,file_count (z=1.55),1,1,1,1.0,1.0,27.0,27.0
BAJ0654,2010-11-16,-0.020059031580864084,file_count (z=1.55),1,1,1,1.0,1.0,27.0,27.0
XWD0923,2010-12-14,-0.020059031580864084,logon_count (z=-1.74),1,1,1,1.0,1.0,27.0,27.0
XWD0923,2010-10-20,-0.020059031580864084,logon_count (z=-1.74),1,1,1,1.0,1.0,27.0,27.0
XWD0923,2010-01-04,-0.020059031580864084,logon_count (z=-1.74),1,1,1,1.0,1.0,27.0,27.0
XWD0923,2010-03-10,-0.020059031580864084,logon_count (z=-1.74),1,1,1,1.0,1.0,27.0,27.0
XWD0923,2010-03-18,-0.020059031580864084,logon_count (z=-1.74),1,1,1,1.0,1.0,27.0,27.0
XWD0923,2010-03-24,-0.020059031580864084,logon_count (z=-1.74),1,1,1,1.0,1.0,27.0,27.0
XWD0923,2010-02-23,-0.020059031580864084,logon_count (z=-1.74),1,1,1,1.0,1.0,27.0,27.0
XWD0923,2010-04-06,-0.020059031580864084,logon_count (z=-1.74),1,1,1,1.0,1.0,27.0,27.0
XWD0923,2010-04-16,-0.020059031580864084,logon_count (z=-1.74),1,1,1,1.0,1.0,27.0,27.0
BAJ0654,2010-01-04,-0.020059031580864084,file_count (z=1.55),1,1,1,1.0,1.0,27.0,27.0
XWD0923,2010-02-11,-0.020059031580864084,logon_count (z=-1.74),1,1,1,1.0,1.0,27.0,27.0
BAJ0654,2010-04-09,-0.020059031580864084,file_count (z=1.55),1,1,1,1.0,1.0,27.0,27.0
BAJ0654,2010-04-12,-0.020059031580864084,file_count (z=1.55),1,1,1,1.0,1.0,27.0,27.0
BAJ0654,2010-04-30,-0.020059031580864084,file_count (z=1.55),1,1,1,1.0,1.0,27.0,27.0
BAJ0654,2010-06-07,-0.020059031580864084,file_count (z=1.55),1,1,1,1.0,1.0,27.0,27.0
XWD0923,2010-12-13,-0.020059031580864084,logon_count (z=-1.74),1,1,1,1.0,1.0,27.0,27.0
BAJ0654,2010-01-20,-0.020059031580864084,file_count (z=1.55),1,1,1,1.0,1.0,27.0,27.0
BAJ0654,2010-01-13,-0.020059031580864084,file_count (z=1.55),1,1,1,1.0,1.0,27.0,27.0
BAJ0654,2010-01-25,-0.020059031580864084,file_count (z=1.55),1,1,1,1.0,1.0,27.0,27.0
BAJ0654,2010-02-26,-0.020059031580864084,file_count (z=1.55),1,1,1,1.0,1.0,27.0,27.0
BAJ0654,2010-03-02,-0.020059031580864084,file_count (z=1.55),1,1,1,1.0,1.0,27.0,27.0
XWD0923,2010-05-20,-0.020059031580864084,logon_count (z=-1.74),1,1,1,1.0,1.0,27.0,27.0
XWD0923,2010-06-02,-0.020059031580864084,logon_count (z=-1.74),1,1,1,1.0,1.0,27.0,27.0
BAJ0654,2010-06-18,-0.020059031580864084,file_count (z=1.55),1,1,1,1.0,1.0,27.0,27.0
BAJ0654,2010-07-13,-0.020059031580864084,file_count (z=1.55),1,1,1,1.0,1.0,27.0,27.0
BAJ0654,2010-07-15,-0.020059031580864084,file_count (z=1.55),1,1,1,1.0,1.0,27.0,27.0
BAJ0654,2010-07-19,-0.020059031580864084,file_count (z=1.55),1,1,1,1.0,1.0,27.0,27.0
BAJ0654,2010-07-22,-0.020059031580864084,file_count (z=1.55),1,1,1,1.0,1.0,27.0,27.0
BAJ0654,2010-07-23,-0.020059031580864084,file_count (z=1.55),1,1,1,1.0,1.0,27.0,27.0
BAJ0654,2011-04-04,-0.020059031580864084,file_count (z=1.55),1,1,1,1.0,1.0,27.0,27.0
BAJ0654,2010-12-27,-0.020059031580864084,file_count (z=1.55),1,1,1,1.0,1.0,27.0,27.0
BAJ0654,2010-11-23,-0.020059031580864084,file_count (z=1.55),1,1,1,1.0,1.0,27.0,27.0
BAJ0654,2010-11-17,-0.020059031580864084,file_count (z=1.55),1,1,1,1.0,1.0,27.0,27.0
BAJ0654,2010-11-29,-0.020059031580864084,file_count (z=1.55),1,1,1,1.0,1.0,27.0,27.0
BAJ0654,2010-11-24,-0.020059031580864084,file_count (z=1.55),1,1,1,1.0,1.0,27.0,27.0
BAJ0654,2011-01-14,-0.020059031580864084,file_count (z=1.55),1,1,1,1.0,1.0,27.0,27.0
BAJ0654,2011-01-04,-0.020059031580864084,file_count (z=1.55),1,1,1,1.0,1.0,27.0,27.0
BAJ0654,2010-12-03,-0.020059031580864084,file_count (z=1.55),1,1,1,1.0,1.0,27.0,27.0
BAJ0654,2010-03-26,-0.020059031580864084,file_count (z=1.55),1,1,1,1.0,1.0,27.0,27.0
BAJ0654,2011-04-27,-0.020059031580864084,file_count (z=1.55),1,1,1,1.0,1.0,27.0,27.0
BAJ0654,2011-02-14,-0.020059031580864084,file_count (z=1.55),1,1,1,1.0,1.0,27.0,27.0
BAJ0654,2011-02-25,-0.020059031580864084,file_count (z=1.55),1,1,1,1.0,1.0,27.0,27.0
BAJ0654,2010-06-16,-0.020059031580864084,file_count (z=1.55),1,1,1,1.0,1.0,27.0,27.0
DFH0188,2010-05-13,-0.019916054940788297,logon_count (z=2.16),3,2,2,0.0,2.0,25.0,25.0
DFH0188,2010-01-14,-0.019916054940788297,logon_count (z=2.16),3,2,2,0.0,2.0,25.0,25.0
DFH0188,2011-02-07,-0.019916054940788297,logon_count (z=2.16),3,2,2,0.0,2.0,25.0,25.0
DFH0188,2010-01-22,-0.019916054940788297,logon_count (z=2.16),3,2,2,0.0,2.0,25.0,25.0
JRG0207,2011-01-20,-0.019888138787342746,logoff_count (z=13.68),2,3,1,1.5,7.0,10.0,10.0
CAS0507,2010-10-07,-0.01986562638256051,logon_count (z=1.77),3,2,2,0.0,2.0,26.0,26.0
ILH0958,2011-02-07,-0.01986562638256051,device_connects (z=2.37),3,2,2,0.0,2.0,26.0,26.0
DFH0188,2010-06-28,-0.01986562638256051,logon_count (z=2.16),3,2,2,0.0,2.0,26.0,26.0
XWD0923,2010-02-17,-0.019669422171126216,logon_count (z=-1.74),1,1,1,1.0,2.0,26.0,26.0
XWD0923,2010-02-01,-0.019669422171126216,logon_count (z=-1.74),1,1,1,1.0,2.0,26.0,26.0
XWD0923,2010-04-30,-0.019669422171126216,logon_count (z=-1.74),1,1,1,1.0,2.0,26.0,26.0
XWD0923,2010-07-29,-0.019669422171126216,logon_count (z=-1.74),1,1,1,1.0,2.0,26.0,26.0
XWD0923,2010-11-17,-0.019669422171126216,logon_count (z=-1.74),1,1,1,1.0,2.0,26.0,26.0
BAJ0654,2011-01-27,-0.019669422171126216,device_connects (z=2.55),1,1,1,1.0,2.0,26.0,26.0
HDS0367,2011-05-12,-0.0196104456820676,logoff_count (z=-0.69),4,3,3,1.0,5.0,9.0,9.0
GNS0178,2011-02-23,-0.019494912734840386,after_hours_ratio (z=2.46),3,2,1,0.6666666666666666,2.0,22.0,22.0
WIF0691,2010-06-09,-0.019494209501086268,device_connects (z=-2.06),1,1,1,1.0,6.0,24.0,24.0
WIF0691,2010-07-06,-0.019494209501086268,device_connects (z=-2.06),1,1,1,1.0,6.0,24.0,24.0
XWD0923,2010-05-27,-0.01947678059185054,logon_count (z=-1.74),1,1,1,1.0,2.0,25.0,25.0
XWD0923,2010-03-09,-0.01947678059185054,logon_count (z=-1.74),1,1,1,1.0,2.0,25.0,25.0
BAL0044,2010-12-28,-0.019433420700990633,after_hours_ratio (z=1.57),4,4,4,1.5,2.0,3.0,3.0
MOS0047,2010-04-19,-0.01925165932240147,file_count (z=-1.21),5,4,4,0.8,5.0,1.0,1.0
BAL0044,2010-06-14,-0.01924084239318924,after_hours_ratio (z=1.57),4,4,4,1.5,2.0,4.0,4.0
WIF0691,2011-01-31,-0.019133083753397284,logoff_count (z=5.79),2,2,2,0.5,9.0,23.0,23.0
DLM0051,2010-06-01,-0.019133083753397284,logoff_count (z=2.19),2,2,2,0.5,9.0,23.0,23.0
CAS0507,2010-11-10,-0.01908000923238784,after_hours_ratio (z=3.79),3,2,2,0.3333333333333333,1.0,24.0,24.0
AIB0948,2011-02-25,-0.019030720778359766,logon_count (z=3.60),4,3,3,0.0,9.0,8.0,8.0
AIB0948,2010-10-20,-0.019030720778359766,logon_count (z=3.60),4,3,3,0.0,9.0,8.0,8.0
EIS0041,2011-03-10,-0.019015735315803806,file_count (z=-1.02),5,4,4,0.8,3.0,3.0,3.0
BAL0044,2010-09-09,-0.019015735315803806,file_count (z=-0.78),5,4,4,0.8,3.0,3.0,3.0
BAL0044,2011-01-19,-0.019015735315803806,file_count (z=-0.78),5,4,4,0.8,3.0,3.0,3.0
HDS0367,2010-10-28,-0.018946332543510636,after_hours_ratio (z=-1.14),4,3,3,0.5,4.0,13.0,13.0
HDS0367,2010-10-26,-0.018946332543510636,after_hours_ratio (z=-1.14),4,3,3,0.5,4.0,13.0,13.0
HDS0367,2011-03-04,-0.018894925008276164,device_connects (z=-1.11),4,3,3,1.0,2.0,12.0,12.0
MOS0047,2010-05-07,-0.018894925008276164,device_connects (z=-1.42),4,3,3,1.0,2.0,12.0,12.0
IBB0359,2011-02-28,-0.018867589846256805,after_hours_ratio (z=-1.47),3,2,2,0.3333333333333333,10.0,13.0,13.0
WIF0691,2010-01-18,-0.018845615025736118,logoff_count (z=5.79),3,2,2,0.0,9.0,18.0,18.0
DLM0051,2010-03-15,-0.018845615025736118,file_count (z=-2.40),3,2,2,0.0,9.0,18.0,18.0
IBB0359,2011-05-04,-0.01883825043352072,after_hours_ratio (z=-2.34),3,2,2,0.0,10.0,14.0,14.0
WIF0691,2010-12-06,-0.018765515858662707,logon_count (z=-1.77),1,1,1,1.0,7.0,23.0,23.0
WIF0691,2010-07-22,-0.018765515858662707,logon_count (z=-1.77),1,1,1,1.0,7.0,23.0,23.0
WIF0691,2010-03-12,-0.018765515858662707,logon_count (z=-1.77),1,1,1,1.0,7.0,24.0,24.0
BMG0917,2010-02-11,-0.018765515858662707,logon_count (z=-1.73),1,1,1,1.0,7.0,23.0,23.0
SAA0999,2011-02-02,-0.018765515858662707,device_connects (z=-2.61),1,1,1,1.0,7.0,23.0,23.0
IBB0359,2011-05-06,-0.018689203758732176,logoff_count (z=-1.37),3,2,2,0.6666666666666666,10.0,10.0,10.0
IBB0359,2010-12-02,-0.018689203758732176,logoff_count (z=-1.37),3,2,2,0.6666666666666666,10.0,10.0,10.0
DLM0051,2010-03-27,-0.018683459238942435,device_connects (z=-2.56),2,2,2,0.5,7.0,23.0,23.0
SAA0999,2010-08-18,-0.018614482935438548,after_hours_ratio (z=2.05),1,1,1,1.0,9.0,25.0,25.0
SAA0999,2010-11-12,-0.018614482935438548,after_hours_ratio (z=2.05),1,1,1,1.0,9.0,25.0,25.0
BMG0917,2010-11-22,-0.018614482935438548,logon_count (z=-1.73),1,1,1,1.0,9.0,25.0,25.0
BMG0917,2011-01-31,-0.018614482935438548,logon_count (z=-1.73),1,1,1,1.0,9.0,25.0,25.0
BMG0917,2010-11-18,-0.018614482935438548,logon_count (z=-1.73),1,1,1,1.0,9.0,25.0,25.0
DLM0051,2010-07-12,-0.018614482935438548,logon_count (z=-2.17),1,1,1,1.0,9.0,25.0,25.0
SAA0999,2011-03-07,-0.018614482935438548,after_hours_ratio (z=2.05),1,1,1,1.0,9.0,25.0,25.0
BMG0917,2010-11-15,-0.018614482935438548,logon_count (z=-1.73),1,1,1,1.0,9.0,25.0,25.0
BMG0917,2011-01-25,-0.018614482935438548,logon_count (z=-1.73),1,1,1,1.0,9.0,25.0,25.0
BMG0917,2010-04-06,-0.018614482935438548,logon_count (z=-1.73),1,1,1,1.0,9.0,25.0,25.0
BMG0917,2010-09-07,-0.018614482935438548,logon_count (z=-1.73),1,1,1,1.0,9.0,25.0,25.0
BMG0917,2010-09-15,-0.018614482935438548,logon_count (z=-1.73),1,1,1,1.0,9.0,25.0,25.0
BMG0917,2010-05-07,-0.018614482935438548,logon_count (z=-1.73),1,1,1,1.0,9.0,25.0,25.0
SAA0999,2011-01-25,-0.018614482935438548,after_hours_ratio (z=2.05),1,1,1,1.0,9.0,25.0,25.0
SAA0999,2010-12-28,-0.018614482935438548,after_hours_ratio (z=2.05),1,1,1,1.0,9.0,25.0,25.0
WIF0691,2010-11-18,-0.018614482935438548,logon_count (z=-1.77),1,1,1,1.0,9.0,25.0,25.0
DLM0051,2011-01-03,-0.018614482935438548,logon_count (z=-2.17),1,1,1,1.0,9.0,25.0,25.0
DLM0051,2010-07-09,-0.018614482935438548,logon_count (z=-2.17),1,1,1,1.0,9.0,25.0,25.0
SAA0999,2010-01-22,-0.018614482935438548,after_hours_ratio (z=2.05),1,1,1,1.0,9.0,25.0,25.0
WIF0691,2010-10-28,-0.018614482935438548,logon_count (z=-1.77),1,1,1,1.0,9.0,25.0,25.0
WIF0691,2010-03-24,-0.018614482935438548,logon_count (z=-1.77),1,1,1,1.0,9.0,25.0,25.0
SAA0999,2010-11-23,-0.018614482935438548,after_hours_ratio (z=2.05),1,1,1,1.0,9.0,25.0,25.0
GNS0178,2011-03-02,-0.01852348455571451,after_hours_ratio (z=2.46),3,2,1,0.6666666666666666,1.0,22.0,22.0
BMG0917,2011-01-17,-0.018522782272913485,logon_count (z=-1.73),1,1,1,1.0,8.0,19.0,19.0
BMG0917,2010-10-19,-0.018522782272913485,logon_count (z=-1.73),1,1,1,1.0,8.0,19.0,19.0
SAA0999,2010-03-04,-0.018522782272913485,after_hours_ratio (z=2.05),1,1,1,1.0,8.0,19.0,19.0
DLM0051,2010-12-18,-0.018371800434452634,logon_count (z=-2.17),1,1,1,1.0,8.0,25.0,25.0
DLM0051,2010-06-16,-0.018371800434452634,logon_count (z=-2.17),1,1,1,1.0,8.0,25.0,25.0
SAA0999,2010-12-14,-0.018371800434452634,after_hours_ratio (z=2.05),1,1,1,1.0,8.0,25.0,25.0
WIF0691,2010-08-02,-0.018371800434452634,logon_count (z=-1.77),1,1,1,1.0,8.0,25.0,25.0
WIF0691,2010-01-22,-0.018371800434452634,logon_count (z=-1.77),1,1,1,1.0,8.0,25.0,25.0
SAA0999,2010-03-01,-0.018371800434452634,after_hours_ratio (z=2.05),1,1,1,1.0,8.0,25.0,25.0
SAA0999,2010-06-02,-0.018371800434452634,after_hours_ratio (z=2.05),1,1,1,1.0,8.0,25.0,25.0
SAA0999,2010-06-07,-0.018371800434452634,after_hours_ratio (z=2.05),1,1,1,1.0,8.0,25.0,25.0
MDM0625,2010-07-29,-0.018309856377305755,logon_count (z=2.47),3,2,2,0.0,8.0,20.0,20.0
DLM0051,2010-12-03,-0.018309856377305755,logon_count (z=2.34),3,2,2,0.0,9.0,24.0,24.0
MDM0625,2010-03-23,-0.018309856377305755,logon_count (z=2.47),3,2,2,0.0,8.0,20.0,20.0
CLB0774,2010-02-08,-0.018167885206588297,logoff_count (z=2.04),2,2,1,1.0,9.0,14.0,14.0
QRM0739,2011-01-31,-0.018147821634453387,logon_count (z=4.14),2,2,2,0.0,7.0,27.0,27.0
WIF0691,2010-09-27,-0.018147821634453387,logoff_count (z=5.79),2,2,2,0.0,7.0,27.0,27.0
MDM0625,2010-11-23,-0.018147821634453387,logoff_count (z=2.14),2,2,2,0.0,7.0,27.0,27.0
ZKS0899,2010-04-26,-0.018147821634453387,logon_count (z=2.80),2,2,2,0.0,7.0,27.0,27.0
MDM0625,2010-10-13,-0.018117579294624875,logon_count (z=2.47),3,2,2,0.0,9.0,22.0,22.0
MPM0220,2010-09-22,-0.018117579294624875,after_hours_ratio (z=-2.32),3,2,2,0.0,9.0,22.0,22.0
SBN0866,2011-02-08,-0.018020036865147304,logoff_count (z=3.52),2,2,1,1.0,1.0,20.0,20.0
PNH0761,2010-11-23,-0.018020036865147304,after_hours_ratio (z=2.42),2,2,1,1.0,1.0,20.0,20.0
BMG0917,2010-03-23,-0.017987264608474884,logon_count (z=-1.73),1,1,1,1.0,9.0,19.0,19.0
BMG0917,2010-01-06,-0.017987264608474884,logon_count (z=-1.73),1,1,1,1.0,9.0,19.0,19.0
BMG0917,2010-05-13,-0.017987264608474884,logon_count (z=-1.73),1,1,1,1.0,9.0,19.0,19.0
SAA0999,2010-09-15,-0.017987264608474884,after_hours_ratio (z=2.05),1,1,1,1.0,9.0,19.0,19.0
BSS0369,2010-07-28,-0.01796601572206913,file_count (z=-0.74),3,3,3,0.6666666666666666,11.0,5.0,5.0
GTD0219,2010-02-04,-0.01789196715889474,device_connects (z=-0.65),4,4,4,1.0,3.0,7.0,7.0
MOS0047,2010-07-15,-0.017881755263787324,file_count (z=-1.06),5,4,4,0.6,5.0,2.0,2.0
HDS0367,2010-05-27,-0.01786074737308141,logon_count (z=-1.19),3,3,3,1.3333333333333333,4.0,10.0,10.0
MDM0625,2010-10-01,-0.017824779495730247,logon_count (z=2.47),3,2,2,0.0,8.0,21.0,21.0
MDM0625,2010-03-12,-0.017824779495730247,logon_count (z=2.47),3,2,2,0.0,7.0,24.0,24.0
HDS0367,2010-09-13,-0.017810463008972932,logon_count (z=-1.19),3,3,3,1.3333333333333333,5.0,8.0,8.0
XWD0923,2010-06-22,-0.017777686326436948,logon_count (z=-1.74),1,1,1,1.0,3.0,25.0,25.0
XWD0923,2010-11-15,-0.017777686326436948,logon_count (z=-1.74),1,1,1,1.0,3.0,25.0,25.0
XWD0923,2010-01-22,-0.017777686326436948,logon_count (z=-1.74),1,1,1,1.0,3.0,25.0,25.0
XWD0923,2010-09-02,-0.017777686326436948,logon_count (z=-1.74),1,1,1,1.0,3.0,25.0,25.0
BJP0134,2011-01-31,-0.017774497655018484,logoff_count (z=8.25),3,2,2,0.0,8.0,23.0,23.0
CLB0774,2010-07-09,-0.017682904348276463,logoff_count (z=2.04),2,2,1,1.0,9.0,15.0,15.0
EIS0041,2010-08-11,-0.017639320597636288,file_count (z=-1.16),5,4,4,0.8,3.0,2.0,2.0
EIS0041,2010-06-17,-0.017639320597636288,file_count (z=-1.16),5,4,4,0.8,3.0,2.0,2.0
MDM0625,2011-05-13,-0.017632632461092923,logon_count (z=2.47),3,2,2,0.0,8.0,19.0,19.0
DLM0051,2010-08-27,-0.017626896399710712,logoff_count (z=2.19),2,2,2,0.5,8.0,24.0,24.0
DLM0051,2010-09-20,-0.017626896399710712,logoff_count (z=2.19),2,2,2,0.5,8.0,24.0,24.0
DLM0051,2010-08-28,-0.017626896399710712,logoff_count (z=2.19),2,2,2,0.5,8.0,24.0,24.0
CCA0046,2010-04-19,-0.01758131900719606,unique_pcs (z=-0.68),3,3,3,1.3333333333333333,3.0,11.0,11.0
CCA0046,2010-08-05,-0.01758131900719606,unique_pcs (z=-0.68),3,3,3,1.3333333333333333,3.0,11.0,11.0
CCA0046,2010-08-10,-0.01758131900719606,unique_pcs (z=-0.68),3,3,3,1.3333333333333333,3.0,11.0,11.0
WIF0691,2010-04-12,-0.017502405914256003,logon_count (z=-1.77),1,1,1,1.0,8.0,22.0,22.0
BMG0917,2010-04-07,-0.017502405914256003,logon_count (z=-1.73),1,1,1,1.0,8.0,22.0,22.0
WIF0691,2010-06-10,-0.017502405914256003,logon_count (z=-1.77),1,1,1,1.0,8.0,22.0,22.0
BMG0917,2010-04-05,-0.017502405914256003,logon_count (z=-1.73),1,1,1,1.0,8.0,22.0,22.0
EIS0041,2010-01-15,-0.01749079535005349,after_hours_ratio (z=-1.09),4,3,3,0.5,3.0,13.0,13.0
EIS0041,2011-04-27,-0.01749079535005349,after_hours_ratio (z=-1.09),4,3,3,0.5,3.0,13.0,13.0
IBB0359,2010-04-01,-0.017440536940652285,logoff_count (z=-1.37),3,2,2,0.6666666666666666,9.0,13.0,13.0
HRL0540,2010-11-03,-0.017426228129303056,logoff_count (z=3.58),3,2,2,1.0,7.0,10.0,10.0
MDM0625,2010-12-09,-0.017390282057227924,logon_count (z=2.47),3,2,2,0.0,7.0,22.0,22.0
DLM0051,2010-10-04,-0.01738454793598787,logoff_count (z=2.19),2,2,2,0.5,8.0,23.0,23.0
CCA0046,2010-03-30,-0.01737122780398237,after_hours_ratio (z=-1.45),4,4,4,0.5,4.0,7.0,7.0
QRM0739,2010-06-23,-0.01733429698058153,logon_count (z=4.14),2,2,2,0.0,9.0,27.0,27.0
ZKS0899,2010-09-29,-0.01733429698058153,logon_count (z=2.80),2,2,2,0.0,9.0,27.0,27.0
ZKS0899,2010-02-23,-0.01733429698058153,logon_count (z=2.80),2,2,2,0.0,9.0,27.0,27.0
ZKS0899,2010-11-29,-0.01733429698058153,logon_count (z=2.80),2,2,2,0.0,9.0,27.0,27.0
ZKS0899,2011-04-26,-0.01733429698058153,logon_count (z=2.80),2,2,2,0.0,9.0,27.0,27.0
ZKS0899,2011-03-01,-0.01733429698058153,logon_count (z=2.80),2,2,2,0.0,9.0,27.0,27.0
QRM0739,2010-02-23,-0.01733429698058153,logon_count (z=4.14),2,2,2,0.0,9.0,27.0,27.0
MDM0625,2010-08-02,-0.01733429698058153,logoff_count (z=2.14),2,2,2,0.0,9.0,27.0,27.0
AVM0947,2011-02-23,-0.01733429698058153,logon_count (z=3.30),2,2,2,0.0,9.0,27.0,27.0
MDM0625,2010-08-12,-0.01733429698058153,logoff_count (z=2.14),2,2,2,0.0,9.0,27.0,27.0
ZKS0899,2011-02-09,-0.01733429698058153,logon_count (z=2.80),2,2,2,0.0,9.0,27.0,27.0
ZKS0899,2010-12-06,-0.01733429698058153,logon_count (z=2.80),2,2,2,0.0,9.0,27.0,27.0
ZKS0899,2010-08-12,-0.01733429698058153,logon_count (z=2.80),2,2,2,0.0,9.0,27.0,27.0
ZKS0899,2010-06-21,-0.01733429698058153,logon_count (z=2.80),2,2,2,0.0,9.0,27.0,27.0
ZKS0899,2010-12-21,-0.01733429698058153,logon_count (z=2.80),2,2,2,0.0,9.0,27.0,27.0
ZKS0899,2010-12-14,-0.01733429698058153,logon_count (z=2.80),2,2,2,0.0,9.0,27.0,27.0
ZKS0899,2010-06-01,-0.01733429698058153,logon_count (z=2.80),2,2,2,0.0,9.0,27.0,27.0
ZKS0899,2010-06-14,-0.01733429698058153,logon_count (z=2.80),2,2,2,0.0,9.0,27.0,27.0
ZKS0899,2010-04-12,-0.01733429698058153,logon_count (z=2.80),2,2,2,0.0,9.0,27.0,27.0
ZKS0899,2010-03-08,-0.01733429698058153,logon_count (z=2.80),2,2,2,0.0,9.0,27.0,27.0
DLM0051,2010-10-07,-0.01733429698058153,logoff_count (z=2.19),2,2,2,0.0,9.0,27.0,27.0
AVM0947,2010-08-23,-0.01733429698058153,logon_count (z=3.30),2,2,2,0.0,9.0,27.0,27.0
AVM0947,2010-11-29,-0.01733429698058153,logon_count (z=3.30),2,2,2,0.0,9.0,27.0,27.0
MDM0625,2011-02-15,-0.01733429698058153,logoff_count (z=2.14),2,2,2,0.0,9.0,27.0,27.0
MDM0625,2010-04-27,-0.01733429698058153,logoff_count (z=2.14),2,2,2,0.0,9.0,27.0,27.0
AVM0947,2011-01-14,-0.01733429698058153,logon_count (z=3.30),2,2,2,0.0,9.0,27.0,27.0
DLM0051,2010-11-13,-0.01733429698058153,logoff_count (z=2.19),2,2,2,0.0,9.0,27.0,27.0
DLM0051,2011-01-07,-0.01733429698058153,logoff_count (z=2.19),2,2,2,0.0,9.0,27.0,27.0
DLM0051,2010-01-05,-0.01733429698058153,logoff_count (z=2.19),2,2,2,0.0,9.0,27.0,27.0
AVM0947,2010-11-08,-0.01733429698058153,logon_count (z=3.30),2,2,2,0.0,9.0,27.0,27.0
ZKS0899,2011-02-25,-0.01733429698058153,logon_count (z=2.80),2,2,2,0.0,9.0,27.0,27.0
ZKS0899,2010-04-16,-0.01733429698058153,logon_count (z=2.80),2,2,2,0.0,9.0,27.0,27.0
MDM0625,2011-02-07,-0.01733429698058153,logoff_count (z=2.14),2,2,2,0.0,9.0,27.0,27.0
BJM0111,2010-11-06,-0.01732572389583864,logoff_count (z=2.35),2,2,1,0.5,7.0,26.0,26.0
CLB0774,2010-03-23,-0.01732572389583864,logoff_count (z=2.04),2,2,1,0.5,9.0,26.0,26.0
GTD0219,2010-06-18,-0.017317731537950243,after_hours_ratio (z=-1.15),5,5,4,0.6,3.0,4.0,4.0
BAL0044,2010-09-02,-0.01724411825951022,after_hours_ratio (z=-1.05),4,4,4,0.5,3.0,8.0,8.0
HDS0367,2011-03-25,-0.017234187945409096,logoff_count (z=-0.69),4,3,3,1.0,4.0,10.0,10.0
EIS0041,2010-05-28,-0.017234187945409096,logoff_count (z=-0.70),4,3,3,1.0,4.0,10.0,10.0
EIS0041,2010-04-08,-0.017234187945409096,logoff_count (z=-0.70),4,3,3,1.0,4.0,10.0,10.0
BMG0917,2010-05-27,-0.01706810391250002,logon_count (z=-1.73),1,1,1,1.0,8.0,18.0,18.0
DLM0051,2010-08-25,-0.01706810391250002,file_count (z=-2.40),1,1,1,1.0,8.0,18.0,18.0
WIF0691,2010-04-16,-0.01706810391250002,file_count (z=-2.03),1,1,1,1.0,8.0,18.0,18.0
BMG0917,2010-06-07,-0.01706810391250002,logon_count (z=-1.73),1,1,1,1.0,8.0,18.0,18.0
WIF0691,2010-07-29,-0.01706810391250002,file_count (z=-2.03),1,1,1,1.0,7.0,18.0,18.0
IBB0359,2011-01-31,-0.01706171676391488,file_count (z=-1.47),3,3,3,1.3333333333333333,11.0,0.0,0.0
IBB0359,2010-11-22,-0.01706171676391488,file_count (z=-1.47),3,3,3,1.3333333333333333,11.0,0.0,0.0
HDS0367,2011-03-03,-0.01706118612556129,file_count (z=-0.88),5,4,4,1.2,3.0,4.0,4.0
DLM0051,2010-07-30,-0.017000541399490587,logoff_count (z=2.19),2,2,2,0.5,9.0,22.0,22.0
DLM0051,2011-04-20,-0.017000541399490587,logoff_count (z=2.19),2,2,2,0.5,9.0,22.0,22.0
CLB0774,2010-03-05,-0.016956048029782123,logoff_count (z=2.04),2,2,1,1.0,8.0,15.0,15.0
ZKS0899,2010-07-20,-0.01695031738481334,logon_count (z=2.80),2,2,2,0.0,10.0,23.0,23.0
GNS0178,2010-07-09,-0.016898482448592156,logoff_count (z=2.22),2,2,1,0.5,1.0,27.0,27.0
GNS0178,2010-07-23,-0.016898482448592156,logoff_count (z=2.22),2,2,1,0.5,1.0,27.0,27.0
CAS0507,2011-01-25,-0.016898482448592156,after_hours_ratio (z=5.78),2,2,1,0.5,1.0,27.0,27.0
CAS0507,2011-01-04,-0.016898482448592156,after_hours_ratio (z=5.78),2,2,1,0.5,1.0,27.0,27.0
HDS0367,2010-10-20,-0.016854565733281368,logon_count (z=-1.19),3,3,3,1.3333333333333333,2.0,11.0,11.0
HDS0367,2010-10-15,-0.01683332568743312,file_count (z=-0.88),5,4,4,0.8,3.0,4.0,4.0
BAL0044,2011-05-13,-0.01683332568743312,file_count (z=-0.63),5,4,4,0.8,3.0,4.0,4.0
BAL0044,2010-11-30,-0.01683332568743312,file_count (z=-0.63),5,4,4,0.8,3.0,4.0,4.0
BMG0917,2010-10-18,-0.016775732686993727,logon_count (z=-1.73),1,1,1,1.0,9.0,18.0,18.0
BMG0917,2011-01-14,-0.016775732686993727,logon_count (z=-1.73),1,1,1,1.0,9.0,18.0,18.0
SAA0999,2010-06-21,-0.016775732686993727,file_count (z=-2.32),1,1,1,1.0,9.0,18.0,18.0
BMG0917,2010-07-06,-0.016775732686993727,logon_count (z=-1.73),1,1,1,1.0,9.0,18.0,18.0
SAA0999,2010-09-07,-0.016708197764431443,logoff_count (z=6.11),2,2,2,0.5,8.0,21.0,21.0
CCA0046,2010-03-12,-0.01663917849701313,device_connects (z=-1.04),4,4,4,1.0,2.0,7.0,7.0
BAL0044,2010-04-06,-0.01663917849701313,device_connects (z=-0.85),4,4,4,1.0,2.0,7.0,7.0
KRV0372,2010-12-22,-0.016611042533349663,after_hours_ratio (z=1.23),5,5,5,1.6,0.0,0.0,0.0
KRV0372,2010-12-03,-0.016611042533349663,after_hours_ratio (z=1.23),5,5,5,1.6,0.0,0.0,0.0
KRV0372,2010-12-02,-0.016611042533349663,after_hours_ratio (z=1.23),5,5,5,1.6,0.0,0.0,0.0
KRV0372,2010-11-15,-0.016611042533349663,after_hours_ratio (z=1.23),5,5,5,1.6,0.0,0.0,0.0
KSP0357,2010-04-21,-0.016611042533349663,after_hours_ratio (z=1.30),5,5,5,1.6,0.0,0.0,0.0
KSP0357,2010-04-20,-0.016611042533349663,after_hours_ratio (z=1.30),5,5,5,1.6,0.0,0.0,0.0
KSP0357,2010-03-12,-0.016611042533349663,after_hours_ratio (z=1.30),5,5,5,1.6,0.0,0.0,0.0
KSP0357,2010-02-15,-0.016611042533349663,after_hours_ratio (z=1.30),5,5,5,1.6,0.0,0.0,0.0
KSP0357,2010-01-05,-0.016611042533349663,after_hours_ratio (z=1.30),5,5,5,1.6,0.0,0.0,0.0
ACC0042,2010-08-02,-0.016611042533349663,after_hours_ratio (z=1.34),5,5,5,1.6,0.0,0.0,0.0
ACC0042,2010-06-22,-0.016611042533349663,after_hours_ratio (z=1.34),5,5,5,1.6,0.0,0.0,0.0
ACC0042,2010-06-15,-0.016611042533349663,after_hours_ratio (z=1.34),5,5,5,1.6,0.0,0.0,0.0
ACC0042,2010-06-01,-0.016611042533349663,after_hours_ratio (z=1.34),5,5,5,1.6,0.0,0.0,0.0
ACC0042,2010-05-06,-0.016611042533349663,after_hours_ratio (z=1.34),5,5,5,1.6,0.0,0.0,0.0
ACC0042,2010-04-14,-0.016611042533349663,after_hours_ratio (z=1.34),5,5,5,1.6,0.0,0.0,0.0
KRV0372,2010-10-06,-0.016611042533349663,after_hours_ratio (z=1.23),5,5,5,1.6,0.0,0.0,0.0
MNS0224,2011-01-21,-0.016611042533349663,after_hours_ratio (z=1.23),5,5,5,1.6,0.0,0.0,0.0
MNS0224,2011-01-20,-0.016611042533349663,after_hours_ratio (z=1.23),5,5,5,1.6,0.0,0.0,0.0
MNS0224,2010-12-09,-0.016611042533349663,after_hours_ratio (z=1.23),5,5,5,1.6,0.0,0.0,0.0
MNS0224,2010-12-08,-0.016611042533349663,after_hours_ratio (z=1.23),5,5,5,1.6,0.0,0.0,0.0
JLM0364,2011-04-05,-0.016611042533349663,after_hours_ratio (z=1.33),5,5,5,1.6,0.0,0.0,0.0
CBB0365,2010-07-06,-0.016611042533349663,after_hours_ratio (z=1.97),5,5,5,1.6,0.0,0.0,0.0
SAK0375,2010-10-11,-0.016611042533349663,after_hours_ratio (z=1.31),5,5,5,1.6,0.0,0.0,0.0
SAK0375,2010-09-30,-0.016611042533349663,after_hours_ratio (z=1.31),5,5,5,1.6,0.0,0.0,0.0
SAK0375,2010-09-10,-0.016611042533349663,after_hours_ratio (z=1.31),5,5,5,1.6,0.0,0.0,0.0
KRV0372,2011-03-29,-0.016611042533349663,after_hours_ratio (z=1.23),5,5,5,1.6,0.0,0.0,0.0
KRV0372,2011-03-04,-0.016611042533349663,after_hours_ratio (z=1.23),5,5,5,1.6,0.0,0.0,0.0
KSP0357,2010-07-08,-0.016611042533349663,after_hours_ratio (z=1.30),5,5,5,1.6,0.0,0.0,0.0
KSP0357,2010-06-30,-0.016611042533349663,after_hours_ratio (z=1.30),5,5,5,1.6,0.0,0.0,0.0
KSP0357,2010-05-10,-0.016611042533349663,after_hours_ratio (z=1.30),5,5,5,1.6,0.0,0.0,0.0
KSP0357,2010-05-03,-0.016611042533349663,after_hours_ratio (z=1.30),5,5,5,1.6,0.0,0.0,0.0
ACC0042,2010-01-18,-0.016611042533349663,after_hours_ratio (z=1.34),5,5,5,1.6,0.0,0.0,0.0
JLM0364,2010-11-12,-0.016611042533349663,after_hours_ratio (z=1.33),5,5,5,1.6,0.0,0.0,0.0
JLM0364,2010-09-28,-0.016611042533349663,after_hours_ratio (z=1.33),5,5,5,1.6,0.0,0.0,0.0
JLM0364,2010-08-20,-0.016611042533349663,after_hours_ratio (z=1.33),5,5,5,1.6,0.0,0.0,0.0
JLM0364,2010-08-13,-0.016611042533349663,after_hours_ratio (z=1.33),5,5,5,1.6,0.0,0.0,0.0
JLM0364,2010-07-14,-0.016611042533349663,after_hours_ratio (z=1.33),5,5,5,1.6,0.0,0.0,0.0
JLM0364,2010-06-04,-0.016611042533349663,after_hours_ratio (z=1.33),5,5,5,1.6,0.0,0.0,0.0
MNS0224,2010-11-19,-0.016611042533349663,after_hours_ratio (z=1.23),5,5,5,1.6,0.0,0.0,0.0
MNS0224,2010-11-16,-0.016611042533349663,after_hours_ratio (z=1.23),5,5,5,1.6,0.0,0.0,0.0
MNS0224,2010-10-27,-0.016611042533349663,after_hours_ratio (z=1.23),5,5,5,1.6,0.0,0.0,0.0
MNS0224,2010-10-26,-0.016611042533349663,after_hours_ratio (z=1.23),5,5,5,1.6,0.0,0.0,0.0
MNS0224,2010-10-19,-0.016611042533349663,after_hours_ratio (z=1.23),5,5,5,1.6,0.0,0.0,0.0
JRS0362,2010-03-30,-0.016611042533349663,after_hours_ratio (z=1.21),5,5,5,1.6,0.0,0.0,0.0
JRS0362,2010-03-29,-0.016611042533349663,after_hours_ratio (z=1.21),5,5,5,1.6,0.0,0.0,0.0
JRS0362,2010-02-16,-0.016611042533349663,after_hours_ratio (z=1.21),5,5,5,1.6,0.0,0.0,0.0
JRS0362,2010-02-12,-0.016611042533349663,after_hours_ratio (z=1.21),5,5,5,1.6,0.0,0.0,0.0
JRS0362,2010-01-20,-0.016611042533349663,after_hours_ratio (z=1.21),5,5,5,1.6,0.0,0.0,0.0
SAK0375,2010-09-07,-0.016611042533349663,after_hours_ratio (z=1.31),5,5,5,1.6,0.0,0.0,0.0
SAK0375,2010-08-20,-0.016611042533349663,after_hours_ratio (z=1.31),5,5,5,1.6,0.0,0.0,0.0
SAK0375,2010-06-25,-0.016611042533349663,after_hours_ratio (z=1.31),5,5,5,1.6,0.0,0.0,0.0
SAK0375,2010-01-25,-0.016611042533349663,after_hours_ratio (z=1.31),5,5,5,1.6,0.0,0.0,0.0
JRS0362,2010-04-30,-0.016611042533349663,after_hours_ratio (z=1.21),5,5,5,1.6,0.0,0.0,0.0
JRS0362,2010-04-05,-0.016611042533349663,after_hours_ratio (z=1.21),5,5,5,1.6,0.0,0.0,0.0
JLM0364,2011-03-04,-0.016611042533349663,after_hours_ratio (z=1.33),5,5,5,1.6,0.0,0.0,0.0
JLM0364,2011-02-03,-0.016611042533349663,after_hours_ratio (z=1.33),5,5,5,1.6,0.0,0.0,0.0
JLM0364,2011-01-26,-0.016611042533349663,after_hours_ratio (z=1.33),5,5,5,1.6,0.0,0.0,0.0
JLM0364,2011-01-24,-0.016611042533349663,after_hours_ratio (z=1.33),5,5,5,1.6,0.0,0.0,0.0
JLM0364,2011-01-14,-0.016611042533349663,after_hours_ratio (z=1.33),5,5,5,1.6,0.0,0.0,0.0
JLM0364,2010-12-16,-0.016611042533349663,after_hours_ratio (z=1.33),5,5,5,1.6,0.0,0.0,0.0
MNS0224,2011-04-13,-0.016611042533349663,after_hours_ratio (z=1.23),5,5,5,1.6,0.0,0.0,0.0
MNS0224,2011-03-28,-0.016611042533349663,after_hours_ratio (z=1.23),5,5,5,1.6,0.0,0.0,0.0
MNS0224,2011-03-09,-0.016611042533349663,after_hours_ratio (z=1.23),5,5,5,1.6,0.0,0.0,0.0
MNS0224,2011-03-08,-0.016611042533349663,after_hours_ratio (z=1.23),5,5,5,1.6,0.0,0.0,0.0
JCC0225,2011-03-17,-0.016611042533349663,after_hours_ratio (z=1.30),5,5,5,1.6,0.0,0.0,0.0
SAK0375,2010-01-21,-0.016611042533349663,after_hours_ratio (z=1.31),5,5,5,1.6,0.0,0.0,0.0
JLM0364,2010-04-30,-0.016611042533349663,after_hours_ratio (z=1.33),5,5,5,1.6,0.0,0.0,0.0
JLM0364,2010-04-06,-0.016611042533349663,after_hours_ratio (z=1.33),5,5,5,1.6,0.0,0.0,0.0
JLM0364,2010-02-10,-0.016611042533349663,after_hours_ratio (z=1.33),5,5,5,1.6,0.0,0.0,0.0
JLM0364,2010-01-12,-0.016611042533349663,after_hours_ratio (z=1.33),5,5,5,1.6,0.0,0.0,0.0
JLM0364,2010-01-07,-0.016611042533349663,after_hours_ratio (z=1.33),5,5,5,1.6,0.0,0.0,0.0
JGT0221,2010-04-29,-0.016611042533349663,after_hours_ratio (z=1.27),5,5,5,1.6,0.0,0.0,0.0
JGT0221,2010-04-14,-0.016611042533349663,after_hours_ratio (z=1.27),5,5,5,1.6,0.0,0.0,0.0
JGT0221,2010-03-09,-0.016611042533349663,after_hours_ratio (z=1.27),5,5,5,1.6,0.0,0.0,0.0
JGT0221,2010-03-02,-0.016611042533349663,after_hours_ratio (z=1.27),5,5,5,1.6,0.0,0.0,0.0
JGT0221,2010-02-15,-0.016611042533349663,after_hours_ratio (z=1.27),5,5,5,1.6,0.0,0.0,0.0
JRS0362,2010-07-08,-0.016611042533349663,after_hours_ratio (z=1.21),5,5,5,1.6,0.0,0.0,0.0
JRS0362,2010-06-10,-0.016611042533349663,after_hours_ratio (z=1.21),5,5,5,1.6,0.0,0.0,0.0
JRS0362,2010-05-10,-0.016611042533349663,after_hours_ratio (z=1.21),5,5,5,1.6,0.0,0.0,0.0
JRS0362,2010-05-07,-0.016611042533349663,after_hours_ratio (z=1.21),5,5,5,1.6,0.0,0.0,0.0
JCC0225,2010-09-27,-0.016611042533349663,after_hours_ratio (z=1.30),5,5,5,1.6,0.0,0.0,0.0
JCC0225,2010-08-31,-0.016611042533349663,after_hours_ratio (z=1.30),5,5,5,1.6,0.0,0.0,0.0
JCC0225,2010-08-18,-0.016611042533349663,after_hours_ratio (z=1.30),5,5,5,1.6,0.0,0.0,0.0
JCC0225,2010-08-17,-0.016611042533349663,after_hours_ratio (z=1.30),5,5,5,1.6,0.0,0.0,0.0
JCC0225,2010-07-09,-0.016611042533349663,after_hours_ratio (z=1.30),5,5,5,1.6,0.0,0.0,0.0
JCC0225,2010-06-28,-0.016611042533349663,after_hours_ratio (z=1.30),5,5,5,1.6,0.0,0.0,0.0
JCC0225,2010-06-18,-0.016611042533349663,after_hours_ratio (z=1.30),5,5,5,1.6,0.0,0.0,0.0
JCC0225,2010-06-16,-0.016611042533349663,after_hours_ratio (z=1.30),5,5,5,1.6,0.0,0.0,0.0
JGT0221,2010-02-01,-0.016611042533349663,after_hours_ratio (z=1.27),5,5,5,1.6,0.0,0.0,0.0
QNP0216,2010-04-01,-0.016611042533349663,after_hours_ratio (z=1.24),5,5,5,1.6,0.0,0.0,0.0
JCC0225,2011-05-10,-0.016611042533349663,after_hours_ratio (z=1.30),5,5,5,1.6,0.0,0.0,0.0
JCC0225,2011-04-25,-0.016611042533349663,after_hours_ratio (z=1.30),5,5,5,1.6,0.0,0.0,0.0
JCC0225,2011-04-15,-0.016611042533349663,after_hours_ratio (z=1.30),5,5,5,1.6,0.0,0.0,0.0
JCC0225,2011-04-12,-0.016611042533349663,after_hours_ratio (z=1.30),5,5,5,1.6,0.0,0.0,0.0
JCC0225,2011-04-04,-0.016611042533349663,after_hours_ratio (z=1.30),5,5,5,1.6,0.0,0.0,0.0
JCC0225,2011-03-29,-0.016611042533349663,after_hours_ratio (z=1.30),5,5,5,1.6,0.0,0.0,0.0
JRS0362,2010-12-01,-0.016611042533349663,after_hours_ratio (z=1.21),5,5,5,1.6,0.0,0.0,0.0
JRS0362,2010-11-03,-0.016611042533349663,after_hours_ratio (z=1.21),5,5,5,1.6,0.0,0.0,0.0
JRS0362,2010-11-01,-0.016611042533349663,after_hours_ratio (z=1.21),5,5,5,1.6,0.0,0.0,0.0
JRS0362,2010-09-02,-0.016611042533349663,after_hours_ratio (z=1.21),5,5,5,1.6,0.0,0.0,0.0
MNS0224,2010-09-27,-0.016611042533349663,after_hours_ratio (z=1.23),5,5,5,1.6,0.0,0.0,0.0
JRS0362,2010-08-11,-0.016611042533349663,after_hours_ratio (z=1.21),5,5,5,1.6,0.0,0.0,0.0
JRS0362,2010-08-05,-0.016611042533349663,after_hours_ratio (z=1.21),5,5,5,1.6,0.0,0.0,0.0
JRS0362,2010-07-29,-0.016611042533349663,after_hours_ratio (z=1.21),5,5,5,1.6,0.0,0.0,0.0
JRS0362,2010-07-16,-0.016611042533349663,after_hours_ratio (z=1.21),5,5,5,1.6,0.0,0.0,0.0
JCC0225,2011-03-01,-0.016611042533349663,after_hours_ratio (z=1.30),5,5,5,1.6,0.0,0.0,0.0
JCC0225,2011-02-24,-0.016611042533349663,after_hours_ratio (z=1.30),5,5,5,1.6,0.0,0.0,0.0
JCC0225,2011-02-21,-0.016611042533349663,after_hours_ratio (z=1.30),5,5,5,1.6,0.0,0.0,0.0
JCC0225,2011-01-11,-0.016611042533349663,after_hours_ratio (z=1.30),5,5,5,1.6,0.0,0.0,0.0
JCC0225,2011-01-07,-0.016611042533349663,after_hours_ratio (z=1.30),5,5,5,1.6,0.0,0.0,0.0
JCC0225,2010-12-13,-0.016611042533349663,after_hours_ratio (z=1.30),5,5,5,1.6,0.0,0.0,0.0
JCC0225,2010-11-23,-0.016611042533349663,after_hours_ratio (z=1.30),5,5,5,1.6,0.0,0.0,0.0
JAV0361,2010-06-29,-0.016611042533349663,after_hours_ratio (z=1.24),5,5,5,1.6,0.0,0.0,0.0
JCC0225,2010-05-04,-0.016611042533349663,after_hours_ratio (z=1.30),5,5,5,1.6,0.0,0.0,0.0
JCC0225,2010-04-13,-0.016611042533349663,after_hours_ratio (z=1.30),5,5,5,1.6,0.0,0.0,0.0
QNP0216,2010-03-02,-0.016611042533349663,after_hours_ratio (z=1.24),5,5,5,1.6,0.0,0.0,0.0
SAK0375,2010-05-13,-0.016611042533349663,after_hours_ratio (z=1.31),5,5,5,1.6,0.0,0.0,0.0
JCC0225,2010-04-09,-0.016611042533349663,after_hours_ratio (z=1.30),5,5,5,1.6,0.0,0.0,0.0
JCC0225,2010-03-29,-0.016611042533349663,after_hours_ratio (z=1.30),5,5,5,1.6,0.0,0.0,0.0
JCC0225,2010-03-02,-0.016611042533349663,after_hours_ratio (z=1.30),5,5,5,1.6,0.0,0.0,0.0
JCC0225,2010-01-12,-0.016611042533349663,after_hours_ratio (z=1.30),5,5,5,1.6,0.0,0.0,0.0
JCC0225,2010-01-05,-0.016611042533349663,after_hours_ratio (z=1.30),5,5,5,1.6,0.0,0.0,0.0
JAV0361,2011-05-13,-0.016611042533349663,after_hours_ratio (z=1.24),5,5,5,1.6,0.0,0.0,0.0
JRS0362,2011-03-04,-0.016611042533349663,after_hours_ratio (z=1.21),5,5,5,1.6,0.0,0.0,0.0
SAK0375,2010-04-08,-0.016611042533349663,after_hours_ratio (z=1.31),5,5,5,1.6,0.0,0.0,0.0
SAK0375,2010-02-19,-0.016611042533349663,after_hours_ratio (z=1.31),5,5,5,1.6,0.0,0.0,0.0
JRS0362,2011-03-02,-0.016611042533349663,after_hours_ratio (z=1.21),5,5,5,1.6,0.0,0.0,0.0
JRS0362,2011-02-10,-0.016611042533349663,after_hours_ratio (z=1.21),5,5,5,1.6,0.0,0.0,0.0
JAV0361,2010-04-08,-0.016611042533349663,after_hours_ratio (z=1.24),5,5,5,1.6,0.0,0.0,0.0
JAV0361,2011-05-06,-0.016611042533349663,after_hours_ratio (z=1.24),5,5,5,1.6,0.0,0.0,0.0
JAV0361,2011-04-28,-0.016611042533349663,after_hours_ratio (z=1.24),5,5,5,1.6,0.0,0.0,0.0
JAV0361,2011-04-13,-0.016611042533349663,after_hours_ratio (z=1.24),5,5,5,1.6,0.0,0.0,0.0
JAV0361,2011-03-21,-0.016611042533349663,after_hours_ratio (z=1.24),5,5,5,1.6,0.0,0.0,0.0
JAV0361,2011-03-10,-0.016611042533349663,after_hours_ratio (z=1.24),5,5,5,1.6,0.0,0.0,0.0
JAV0361,2011-01-14,-0.016611042533349663,after_hours_ratio (z=1.24),5,5,5,1.6,0.0,0.0,0.0
JAV0361,2011-01-11,-0.016611042533349663,after_hours_ratio (z=1.24),5,5,5,1.6,0.0,0.0,0.0
JAV0361,2010-12-20,-0.016611042533349663,after_hours_ratio (z=1.24),5,5,5,1.6,0.0,0.0,0.0
JAV0361,2010-11-09,-0.016611042533349663,after_hours_ratio (z=1.24),5,5,5,1.6,0.0,0.0,0.0
JAV0361,2010-11-02,-0.016611042533349663,after_hours_ratio (z=1.24),5,5,5,1.6,0.0,0.0,0.0
JAV0361,2010-10-28,-0.016611042533349663,after_hours_ratio (z=1.24),5,5,5,1.6,0.0,0.0,0.0
JAV0361,2010-10-25,-0.016611042533349663,after_hours_ratio (z=1.24),5,5,5,1.6,0.0,0.0,0.0
JAV0361,2010-09-27,-0.016611042533349663,after_hours_ratio (z=1.24),5,5,5,1.6,0.0,0.0,0.0
JAV0361,2010-09-23,-0.016611042533349663,after_hours_ratio (z=1.24),5,5,5,1.6,0.0,0.0,0.0
JAV0361,2010-08-18,-0.016611042533349663,after_hours_ratio (z=1.24),5,5,5,1.6,0.0,0.0,0.0
KJP0371,2011-04-20,-0.016611042533349663,after_hours_ratio (z=1.21),5,5,5,1.6,0.0,0.0,0.0
KJP0371,2011-04-11,-0.016611042533349663,after_hours_ratio (z=1.21),5,5,5,1.6,0.0,0.0,0.0
KJP0371,2011-03-25,-0.016611042533349663,after_hours_ratio (z=1.21),5,5,5,1.6,0.0,0.0,0.0
KJP0371,2011-02-28,-0.016611042533349663,after_hours_ratio (z=1.21),5,5,5,1.6,0.0,0.0,0.0
KJP0371,2011-02-16,-0.016611042533349663,after_hours_ratio (z=1.21),5,5,5,1.6,0.0,0.0,0.0
KJP0371,2011-02-10,-0.016611042533349663,after_hours_ratio (z=1.21),5,5,5,1.6,0.0,0.0,0.0
KJP0371,2011-02-02,-0.016611042533349663,after_hours_ratio (z=1.21),5,5,5,1.6,0.0,0.0,0.0
KJP0371,2011-01-18,-0.016611042533349663,after_hours_ratio (z=1.21),5,5,5,1.6,0.0,0.0,0.0
KJP0371,2011-01-03,-0.016611042533349663,after_hours_ratio (z=1.21),5,5,5,1.6,0.0,0.0,0.0
JAV0361,2010-06-16,-0.016611042533349663,after_hours_ratio (z=1.24),5,5,5,1.6,0.0,0.0,0.0
KJP0371,2010-12-14,-0.016611042533349663,after_hours_ratio (z=1.21),5,5,5,1.6,0.0,0.0,0.0
JAV0361,2010-05-24,-0.016611042533349663,after_hours_ratio (z=1.24),5,5,5,1.6,0.0,0.0,0.0
JAV0361,2010-05-17,-0.016611042533349663,after_hours_ratio (z=1.24),5,5,5,1.6,0.0,0.0,0.0
JAV0361,2010-04-16,-0.016611042533349663,after_hours_ratio (z=1.24),5,5,5,1.6,0.0,0.0,0.0
JAV0361,2010-04-13,-0.016611042533349663,after_hours_ratio (z=1.24),5,5,5,1.6,0.0,0.0,0.0
JAV0361,2010-04-12,-0.016611042533349663,after_hours_ratio (z=1.24),5,5,5,1.6,0.0,0.0,0.0
KJP0371,2010-12-07,-0.016611042533349663,after_hours_ratio (z=1.21),5,5,5,1.6,0.0,0.0,0.0
KJP0371,2010-11-10,-0.016611042533349663,after_hours_ratio (z=1.21),5,5,5,1.6,0.0,0.0,0.0
MNS0224,2010-07-12,-0.016611042533349663,after_hours_ratio (z=1.23),5,5,5,1.6,0.0,0.0,0.0
MNS0224,2010-06-29,-0.016611042533349663,after_hours_ratio (z=1.23),5,5,5,1.6,0.0,0.0,0.0
MNS0224,2010-06-18,-0.016611042533349663,after_hours_ratio (z=1.23),5,5,5,1.6,0.0,0.0,0.0
MNS0224,2010-06-16,-0.016611042533349663,after_hours_ratio (z=1.23),5,5,5,1.6,0.0,0.0,0.0
MNS0224,2010-06-01,-0.016611042533349663,after_hours_ratio (z=1.23),5,5,5,1.6,0.0,0.0,0.0
KJP0371,2010-11-01,-0.016611042533349663,after_hours_ratio (z=1.21),5,5,5,1.6,0.0,0.0,0.0
KJP0371,2010-10-21,-0.016611042533349663,after_hours_ratio (z=1.21),5,5,5,1.6,0.0,0.0,0.0
JRS0362,2011-05-05,-0.016611042533349663,after_hours_ratio (z=1.21),5,5,5,1.6,0.0,0.0,0.0
JRS0362,2011-05-03,-0.016611042533349663,after_hours_ratio (z=1.21),5,5,5,1.6,0.0,0.0,0.0
JRS0362,2011-03-25,-0.016611042533349663,after_hours_ratio (z=1.21),5,5,5,1.6,0.0,0.0,0.0
JRS0362,2011-03-24,-0.016611042533349663,after_hours_ratio (z=1.21),5,5,5,1.6,0.0,0.0,0.0
JRS0362,2011-03-10,-0.016611042533349663,after_hours_ratio (z=1.21),5,5,5,1.6,0.0,0.0,0.0
JAV0361,2010-03-01,-0.016611042533349663,after_hours_ratio (z=1.24),5,5,5,1.6,0.0,0.0,0.0
JAV0361,2010-02-05,-0.016611042533349663,after_hours_ratio (z=1.24),5,5,5,1.6,0.0,0.0,0.0
MNS0224,2010-05-10,-0.016611042533349663,after_hours_ratio (z=1.23),5,5,5,1.6,0.0,0.0,0.0
MNS0224,2010-04-20,-0.016611042533349663,after_hours_ratio (z=1.23),5,5,5,1.6,0.0,0.0,0.0
MNS0224,2010-04-09,-0.016611042533349663,after_hours_ratio (z=1.23),5,5,5,1.6,0.0,0.0,0.0
MNS0224,2010-04-01,-0.016611042533349663,after_hours_ratio (z=1.23),5,5,5,1.6,0.0,0.0,0.0
MNS0224,2010-03-01,-0.016611042533349663,after_hours_ratio (z=1.23),5,5,5,1.6,0.0,0.0,0.0
MNS0224,2010-02-18,-0.016611042533349663,after_hours_ratio (z=1.23),5,5,5,1.6,0.0,0.0,0.0
KJP0371,2010-10-13,-0.016611042533349663,after_hours_ratio (z=1.21),5,5,5,1.6,0.0,0.0,0.0
QNP0216,2010-05-24,-0.016611042533349663,after_hours_ratio (z=1.24),5,5,5,1.6,0.0,0.0,0.0
QNP0216,2010-05-10,-0.016611042533349663,after_hours_ratio (z=1.24),5,5,5,1.6,0.0,0.0,0.0
DFR0218,2010-11-17,-0.016611042533349663,after_hours_ratio (z=1.30),5,5,5,1.6,0.0,0.0,0.0
CSC0217,2010-04-28,-0.016611042533349663,after_hours_ratio (z=1.29),5,5,5,1.6,0.0,0.0,0.0
CSC0217,2010-04-05,-0.016611042533349663,after_hours_ratio (z=1.29),5,5,5,1.6,0.0,0.0,0.0
WDD0366,2011-03-07,-0.016611042533349663,after_hours_ratio (z=1.81),5,5,5,1.6,0.0,0.0,0.0
CSC0217,2010-02-08,-0.016611042533349663,after_hours_ratio (z=1.29),5,5,5,1.6,0.0,0.0,0.0
QNP0216,2010-02-25,-0.016611042533349663,after_hours_ratio (z=1.24),5,5,5,1.6,0.0,0.0,0.0
MNS0224,2010-02-08,-0.016611042533349663,after_hours_ratio (z=1.23),5,5,5,1.6,0.0,0.0,0.0
QNP0216,2010-02-08,-0.016611042533349663,after_hours_ratio (z=1.24),5,5,5,1.6,0.0,0.0,0.0
QNP0216,2010-02-04,-0.016611042533349663,after_hours_ratio (z=1.24),5,5,5,1.6,0.0,0.0,0.0
DFR0218,2011-03-11,-0.016611042533349663,after_hours_ratio (z=1.30),5,5,5,1.6,0.0,0.0,0.0
DFR0218,2011-02-22,-0.016611042533349663,after_hours_ratio (z=1.30),5,5,5,1.6,0.0,0.0,0.0
DFR0218,2010-12-28,-0.016611042533349663,after_hours_ratio (z=1.30),5,5,5,1.6,0.0,0.0,0.0
DFR0218,2010-12-27,-0.016611042533349663,after_hours_ratio (z=1.30),5,5,5,1.6,0.0,0.0,0.0
KJP0371,2011-04-26,-0.016611042533349663,after_hours_ratio (z=1.21),5,5,5,1.6,0.0,0.0,0.0
ACC0042,2010-10-26,-0.016611042533349663,after_hours_ratio (z=1.34),5,5,5,1.6,0.0,0.0,0.0
ACC0042,2010-10-20,-0.016611042533349663,after_hours_ratio (z=1.34),5,5,5,1.6,0.0,0.0,0.0
WDD0366,2010-11-16,-0.016611042533349663,after_hours_ratio (z=1.81),5,5,5,1.6,0.0,0.0,0.0
ACC0042,2010-10-12,-0.016611042533349663,after_hours_ratio (z=1.34),5,5,5,1.6,0.0,0.0,0.0
ACC0042,2010-09-17,-0.016611042533349663,after_hours_ratio (z=1.34),5,5,5,1.6,0.0,0.0,0.0
ACC0042,2010-09-08,-0.016611042533349663,after_hours_ratio (z=1.34),5,5,5,1.6,0.0,0.0,0.0
KJP0371,2011-05-10,-0.016611042533349663,after_hours_ratio (z=1.21),5,5,5,1.6,0.0,0.0,0.0
KJP0371,2011-05-05,-0.016611042533349663,after_hours_ratio (z=1.21),5,5,5,1.6,0.0,0.0,0.0
CSC0217,2010-06-03,-0.016611042533349663,after_hours_ratio (z=1.29),5,5,5,1.6,0.0,0.0,0.0
CSC0217,2010-05-21,-0.016611042533349663,after_hours_ratio (z=1.29),5,5,5,1.6,0.0,0.0,0.0
DFR0218,2010-12-09,-0.016611042533349663,after_hours_ratio (z=1.30),5,5,5,1.6,0.0,0.0,0.0
QNP0216,2010-07-15,-0.016611042533349663,after_hours_ratio (z=1.24),5,5,5,1.6,0.0,0.0,0.0
QNP0216,2010-06-14,-0.016611042533349663,after_hours_ratio (z=1.24),5,5,5,1.6,0.0,0.0,0.0
WDD0366,2010-09-15,-0.016611042533349663,after_hours_ratio (z=1.81),5,5,5,1.6,0.0,0.0,0.0
QNP0216,2010-06-09,-0.016611042533349663,after_hours_ratio (z=1.24),5,5,5,1.6,0.0,0.0,0.0
QNP0216,2010-06-02,-0.016611042533349663,after_hours_ratio (z=1.24),5,5,5,1.6,0.0,0.0,0.0
DFR0218,2010-11-15,-0.016611042533349663,after_hours_ratio (z=1.30),5,5,5,1.6,0.0,0.0,0.0
WDD0366,2010-12-28,-0.016611042533349663,after_hours_ratio (z=1.81),5,5,5,1.6,0.0,0.0,0.0
DFR0218,2010-11-08,-0.016611042533349663,after_hours_ratio (z=1.30),5,5,5,1.6,0.0,0.0,0.0
DFR0218,2010-10-04,-0.016611042533349663,after_hours_ratio (z=1.30),5,5,5,1.6,0.0,0.0,0.0
DFR0218,2010-09-10,-0.016611042533349663,after_hours_ratio (z=1.30),5,5,5,1.6,0.0,0.0,0.0
WPR0368,2010-01-29,-0.016611042533349663,after_hours_ratio (z=1.28),5,5,5,1.6,0.0,0.0,0.0
WPR0368,2010-01-21,-0.016611042533349663,after_hours_ratio (z=1.28),5,5,5,1.6,0.0,0.0,0.0
WPR0368,2010-01-05,-0.016611042533349663,after_hours_ratio (z=1.28),5,5,5,1.6,0.0,0.0,0.0
QNP0216,2010-09-07,-0.016611042533349663,after_hours_ratio (z=1.24),5,5,5,1.6,0.0,0.0,0.0
QNP0216,2010-08-10,-0.016611042533349663,after_hours_ratio (z=1.24),5,5,5,1.6,0.0,0.0,0.0
DFR0218,2010-08-31,-0.016611042533349663,after_hours_ratio (z=1.30),5,5,5,1.6,0.0,0.0,0.0
WPR0368,2010-02-18,-0.016611042533349663,after_hours_ratio (z=1.28),5,5,5,1.6,0.0,0.0,0.0
WPR0368,2010-02-01,-0.016611042533349663,after_hours_ratio (z=1.28),5,5,5,1.6,0.0,0.0,0.0
DFR0218,2010-07-15,-0.016611042533349663,after_hours_ratio (z=1.30),5,5,5,1.6,0.0,0.0,0.0
HWY0038,2010-05-27,-0.016611042533349663,after_hours_ratio (z=1.29),5,5,5,1.6,0.0,0.0,0.0
HWY0038,2010-05-21,-0.016611042533349663,after_hours_ratio (z=1.29),5,5,5,1.6,0.0,0.0,0.0
DFR0218,2010-07-14,-0.016611042533349663,after_hours_ratio (z=1.30),5,5,5,1.6,0.0,0.0,0.0
WDD0366,2010-08-04,-0.016611042533349663,after_hours_ratio (z=1.81),5,5,5,1.6,0.0,0.0,0.0
WDD0366,2010-07-06,-0.016611042533349663,after_hours_ratio (z=1.81),5,5,5,1.6,0.0,0.0,0.0
DFR0218,2010-06-15,-0.016611042533349663,after_hours_ratio (z=1.30),5,5,5,1.6,0.0,0.0,0.0
HWY0038,2010-05-13,-0.016611042533349663,after_hours_ratio (z=1.29),5,5,5,1.6,0.0,0.0,0.0
HWY0038,2010-04-21,-0.016611042533349663,after_hours_ratio (z=1.29),5,5,5,1.6,0.0,0.0,0.0
HWY0038,2010-03-17,-0.016611042533349663,after_hours_ratio (z=1.29),5,5,5,1.6,0.0,0.0,0.0
HWY0038,2010-02-05,-0.016611042533349663,after_hours_ratio (z=1.29),5,5,5,1.6,0.0,0.0,0.0
HWY0038,2010-02-04,-0.016611042533349663,after_hours_ratio (z=1.29),5,5,5,1.6,0.0,0.0,0.0
DFR0218,2010-05-17,-0.016611042533349663,after_hours_ratio (z=1.30),5,5,5,1.6,0.0,0.0,0.0
DFR0218,2010-04-13,-0.016611042533349663,after_hours_ratio (z=1.30),5,5,5,1.6,0.0,0.0,0.0
DFR0218,2010-04-08,-0.016611042533349663,after_hours_ratio (z=1.30),5,5,5,1.6,0.0,0.0,0.0
QNP0216,2010-10-20,-0.016611042533349663,after_hours_ratio (z=1.24),5,5,5,1.6,0.0,0.0,0.0
ACC0042,2010-11-01,-0.016611042533349663,after_hours_ratio (z=1.34),5,5,5,1.6,0.0,0.0,0.0
QNP0216,2011-04-19,-0.016611042533349663,after_hours_ratio (z=1.24),5,5,5,1.6,0.0,0.0,0.0
WDD0366,2010-03-12,-0.016611042533349663,after_hours_ratio (z=1.81),5,5,5,1.6,0.0,0.0,0.0
QNP0216,2011-04-05,-0.016611042533349663,after_hours_ratio (z=1.24),5,5,5,1.6,0.0,0.0,0.0
QNP0216,2011-03-11,-0.016611042533349663,after_hours_ratio (z=1.24),5,5,5,1.6,0.0,0.0,0.0
BBS0039,2010-07-30,-0.016611042533349663,after_hours_ratio (z=1.18),5,5,5,1.6,0.0,0.0,0.0
BBS0039,2010-06-11,-0.016611042533349663,after_hours_ratio (z=1.18),5,5,5,1.6,0.0,0.0,0.0
QNP0216,2010-10-11,-0.016611042533349663,after_hours_ratio (z=1.24),5,5,5,1.6,0.0,0.0,0.0
QNP0216,2010-09-30,-0.016611042533349663,after_hours_ratio (z=1.24),5,5,5,1.6,0.0,0.0,0.0
JTM0223,2010-06-02,-0.016611042533349663,after_hours_ratio (z=2.08),5,5,5,1.6,0.0,0.0,0.0
DFR0218,2010-02-10,-0.016611042533349663,after_hours_ratio (z=1.30),5,5,5,1.6,0.0,0.0,0.0
DFR0218,2010-01-12,-0.016611042533349663,after_hours_ratio (z=1.30),5,5,5,1.6,0.0,0.0,0.0
BKW0374,2010-06-23,-0.016611042533349663,after_hours_ratio (z=1.30),5,5,5,1.6,0.0,0.0,0.0
BKW0374,2010-06-14,-0.016611042533349663,after_hours_ratio (z=1.30),5,5,5,1.6,0.0,0.0,0.0
BBS0039,2010-05-26,-0.016611042533349663,after_hours_ratio (z=1.18),5,5,5,1.6,0.0,0.0,0.0
BBS0039,2010-05-24,-0.016611042533349663,after_hours_ratio (z=1.18),5,5,5,1.6,0.0,0.0,0.0
BBS0039,2010-05-18,-0.016611042533349663,after_hours_ratio (z=1.18),5,5,5,1.6,0.0,0.0,0.0
BBS0039,2010-03-23,-0.016611042533349663,after_hours_ratio (z=1.18),5,5,5,1.6,0.0,0.0,0.0
BBS0039,2010-03-16,-0.016611042533349663,after_hours_ratio (z=1.18),5,5,5,1.6,0.0,0.0,0.0
BBS0039,2010-02-05,-0.016611042533349663,after_hours_ratio (z=1.18),5,5,5,1.6,0.0,0.0,0.0
BBS0039,2010-01-12,-0.016611042533349663,after_hours_ratio (z=1.18),5,5,5,1.6,0.0,0.0,0.0
TSM0363,2010-01-12,-0.016611042533349663,after_hours_ratio (z=1.21),5,5,5,1.6,0.0,0.0,0.0
UIR0043,2011-02-18,-0.016611042533349663,after_hours_ratio (z=1.23),5,5,5,1.6,0.0,0.0,0.0
QNP0216,2011-03-01,-0.016611042533349663,after_hours_ratio (z=1.24),5,5,5,1.6,0.0,0.0,0.0
QNP0216,2011-01-26,-0.016611042533349663,after_hours_ratio (z=1.24),5,5,5,1.6,0.0,0.0,0.0
WPR0368,2010-04-27,-0.016611042533349663,after_hours_ratio (z=1.28),5,5,5,1.6,0.0,0.0,0.0
WPR0368,2010-04-14,-0.016611042533349663,after_hours_ratio (z=1.28),5,5,5,1.6,0.0,0.0,0.0
KSP0357,2010-08-24,-0.016611042533349663,after_hours_ratio (z=1.30),5,5,5,1.6,0.0,0.0,0.0
WPR0368,2010-08-04,-0.016611042533349663,after_hours_ratio (z=1.28),5,5,5,1.6,0.0,0.0,0.0
KRV0372,2010-04-23,-0.016611042533349663,after_hours_ratio (z=1.23),5,5,5,1.6,0.0,0.0,0.0
KRV0372,2010-03-19,-0.016611042533349663,after_hours_ratio (z=1.23),5,5,5,1.6,0.0,0.0,0.0
KRV0372,2010-03-10,-0.016611042533349663,after_hours_ratio (z=1.23),5,5,5,1.6,0.0,0.0,0.0
UIR0043,2011-02-02,-0.016611042533349663,after_hours_ratio (z=1.23),5,5,5,1.6,0.0,0.0,0.0
KRV0372,2010-03-05,-0.016611042533349663,after_hours_ratio (z=1.23),5,5,5,1.6,0.0,0.0,0.0
BKW0374,2010-11-22,-0.016611042533349663,after_hours_ratio (z=1.30),5,5,5,1.6,0.0,0.0,0.0
BKW0374,2010-11-11,-0.016611042533349663,after_hours_ratio (z=1.30),5,5,5,1.6,0.0,0.0,0.0
BKW0374,2010-11-03,-0.016611042533349663,after_hours_ratio (z=1.30),5,5,5,1.6,0.0,0.0,0.0
UIR0043,2011-01-12,-0.016611042533349663,after_hours_ratio (z=1.23),5,5,5,1.6,0.0,0.0,0.0
UIR0043,2011-01-10,-0.016611042533349663,after_hours_ratio (z=1.23),5,5,5,1.6,0.0,0.0,0.0
UIR0043,2011-01-05,-0.016611042533349663,after_hours_ratio (z=1.23),5,5,5,1.6,0.0,0.0,0.0
UIR0043,2010-11-01,-0.016611042533349663,after_hours_ratio (z=1.23),5,5,5,1.6,0.0,0.0,0.0
UIR0043,2010-10-29,-0.016611042533349663,after_hours_ratio (z=1.23),5,5,5,1.6,0.0,0.0,0.0
BKW0374,2010-10-12,-0.016611042533349663,after_hours_ratio (z=1.30),5,5,5,1.6,0.0,0.0,0.0
BKW0374,2010-07-16,-0.016611042533349663,after_hours_ratio (z=1.30),5,5,5,1.6,0.0,0.0,0.0
BKW0374,2010-03-29,-0.016611042533349663,after_hours_ratio (z=1.30),5,5,5,1.6,0.0,0.0,0.0
BKW0374,2010-01-12,-0.016611042533349663,after_hours_ratio (z=1.30),5,5,5,1.6,0.0,0.0,0.0
KRV0372,2010-03-01,-0.016611042533349663,after_hours_ratio (z=1.23),5,5,5,1.6,0.0,0.0,0.0
KSP0357,2010-12-07,-0.016611042533349663,after_hours_ratio (z=1.30),5,5,5,1.6,0.0,0.0,0.0
KSP0357,2010-12-03,-0.016611042533349663,after_hours_ratio (z=1.30),5,5,5,1.6,0.0,0.0,0.0
BKW0374,2011-04-25,-0.016611042533349663,after_hours_ratio (z=1.30),5,5,5,1.6,0.0,0.0,0.0
UIR0043,2010-09-28,-0.016611042533349663,after_hours_ratio (z=1.23),5,5,5,1.6,0.0,0.0,0.0
UIR0043,2010-09-21,-0.016611042533349663,after_hours_ratio (z=1.23),5,5,5,1.6,0.0,0.0,0.0
WPR0368,2010-10-29,-0.016611042533349663,after_hours_ratio (z=1.28),5,5,5,1.6,0.0,0.0,0.0
WPR0368,2010-10-27,-0.016611042533349663,after_hours_ratio (z=1.28),5,5,5,1.6,0.0,0.0,0.0
WPR0368,2010-10-19,-0.016611042533349663,after_hours_ratio (z=1.28),5,5,5,1.6,0.0,0.0,0.0
KSP0357,2010-11-18,-0.016611042533349663,after_hours_ratio (z=1.30),5,5,5,1.6,0.0,0.0,0.0
WPR0368,2010-06-07,-0.016611042533349663,after_hours_ratio (z=1.28),5,5,5,1.6,0.0,0.0,0.0
WPR0368,2010-06-02,-0.016611042533349663,after_hours_ratio (z=1.28),5,5,5,1.6,0.0,0.0,0.0
WPR0368,2010-08-17,-0.016611042533349663,after_hours_ratio (z=1.28),5,5,5,1.6,0.0,0.0,0.0
WPR0368,2010-08-05,-0.016611042533349663,after_hours_ratio (z=1.28),5,5,5,1.6,0.0,0.0,0.0
KSP0357,2010-11-12,-0.016611042533349663,after_hours_ratio (z=1.30),5,5,5,1.6,0.0,0.0,0.0
KRV0372,2010-02-23,-0.016611042533349663,after_hours_ratio (z=1.23),5,5,5,1.6,0.0,0.0,0.0
KCF0045,2010-06-09,-0.016611042533349663,after_hours_ratio (z=1.26),5,5,5,1.6,0.0,0.0,0.0
KRV0372,2010-02-19,-0.016611042533349663,after_hours_ratio (z=1.23),5,5,5,1.6,0.0,0.0,0.0
UIR0043,2010-09-13,-0.016611042533349663,after_hours_ratio (z=1.23),5,5,5,1.6,0.0,0.0,0.0
BKW0374,2011-04-08,-0.016611042533349663,after_hours_ratio (z=1.30),5,5,5,1.6,0.0,0.0,0.0
BKW0374,2011-03-23,-0.016611042533349663,after_hours_ratio (z=1.30),5,5,5,1.6,0.0,0.0,0.0
BKW0374,2011-03-04,-0.016611042533349663,after_hours_ratio (z=1.30),5,5,5,1.6,0.0,0.0,0.0
BKW0374,2011-02-28,-0.016611042533349663,after_hours_ratio (z=1.30),5,5,5,1.6,0.0,0.0,0.0
BKW0374,2011-02-15,-0.016611042533349663,after_hours_ratio (z=1.30),5,5,5,1.6,0.0,0.0,0.0
BKW0374,2011-02-08,-0.016611042533349663,after_hours_ratio (z=1.30),5,5,5,1.6,0.0,0.0,0.0
BKW0374,2011-01-04,-0.016611042533349663,after_hours_ratio (z=1.30),5,5,5,1.6,0.0,0.0,0.0
BKW0374,2010-12-17,-0.016611042533349663,after_hours_ratio (z=1.30),5,5,5,1.6,0.0,0.0,0.0
UIR0043,2010-08-02,-0.016611042533349663,after_hours_ratio (z=1.23),5,5,5,1.6,0.0,0.0,0.0
UIR0043,2010-07-16,-0.016611042533349663,after_hours_ratio (z=1.23),5,5,5,1.6,0.0,0.0,0.0
UIR0043,2010-07-06,-0.016611042533349663,after_hours_ratio (z=1.23),5,5,5,1.6,0.0,0.0,0.0
UIR0043,2010-01-26,-0.016611042533349663,after_hours_ratio (z=1.23),5,5,5,1.6,0.0,0.0,0.0
TSM0363,2011-04-25,-0.016611042533349663,after_hours_ratio (z=1.21),5,5,5,1.6,0.0,0.0,0.0
TSM0363,2011-04-18,-0.016611042533349663,after_hours_ratio (z=1.21),5,5,5,1.6,0.0,0.0,0.0
TSM0363,2011-03-29,-0.016611042533349663,after_hours_ratio (z=1.21),5,5,5,1.6,0.0,0.0,0.0
KRV0372,2010-02-05,-0.016611042533349663,after_hours_ratio (z=1.23),5,5,5,1.6,0.0,0.0,0.0
QNP0216,2011-05-06,-0.016611042533349663,after_hours_ratio (z=1.24),5,5,5,1.6,0.0,0.0,0.0
UIR0043,2010-06-16,-0.016611042533349663,after_hours_ratio (z=1.23),5,5,5,1.6,0.0,0.0,0.0
UIR0043,2010-05-17,-0.016611042533349663,after_hours_ratio (z=1.23),5,5,5,1.6,0.0,0.0,0.0
UIR0043,2010-05-06,-0.016611042533349663,after_hours_ratio (z=1.23),5,5,5,1.6,0.0,0.0,0.0
UIR0043,2010-04-09,-0.016611042533349663,after_hours_ratio (z=1.23),5,5,5,1.6,0.0,0.0,0.0
WPR0368,2010-10-08,-0.016611042533349663,after_hours_ratio (z=1.28),5,5,5,1.6,0.0,0.0,0.0
WPR0368,2010-09-17,-0.016611042533349663,after_hours_ratio (z=1.28),5,5,5,1.6,0.0,0.0,0.0
WPR0368,2010-09-02,-0.016611042533349663,after_hours_ratio (z=1.28),5,5,5,1.6,0.0,0.0,0.0
KRV0372,2010-08-27,-0.016611042533349663,after_hours_ratio (z=1.23),5,5,5,1.6,0.0,0.0,0.0
KRV0372,2010-08-18,-0.016611042533349663,after_hours_ratio (z=1.23),5,5,5,1.6,0.0,0.0,0.0
KRV0372,2010-07-22,-0.016611042533349663,after_hours_ratio (z=1.23),5,5,5,1.6,0.0,0.0,0.0
WPR0368,2010-11-03,-0.016611042533349663,after_hours_ratio (z=1.28),5,5,5,1.6,0.0,0.0,0.0
KRV0372,2010-07-21,-0.016611042533349663,after_hours_ratio (z=1.23),5,5,5,1.6,0.0,0.0,0.0
KRV0372,2010-06-15,-0.016611042533349663,after_hours_ratio (z=1.23),5,5,5,1.6,0.0,0.0,0.0
LBC0356,2011-02-15,-0.016611042533349663,after_hours_ratio (z=1.91),5,5,5,1.6,0.0,0.0,0.0
KCF0045,2010-12-08,-0.016611042533349663,after_hours_ratio (z=1.26),5,5,5,1.6,0.0,0.0,0.0
KCF0045,2010-10-07,-0.016611042533349663,after_hours_ratio (z=1.26),5,5,5,1.6,0.0,0.0,0.0
KCF0045,2010-08-13,-0.016611042533349663,after_hours_ratio (z=1.26),5,5,5,1.6,0.0,0.0,0.0
KCF0045,2010-07-21,-0.016611042533349663,after_hours_ratio (z=1.26),5,5,5,1.6,0.0,0.0,0.0
KCF0045,2010-06-14,-0.016611042533349663,after_hours_ratio (z=1.26),5,5,5,1.6,0.0,0.0,0.0
ACC0042,2010-03-29,-0.016611042533349663,after_hours_ratio (z=1.34),5,5,5,1.6,0.0,0.0,0.0
UIR0043,2010-04-08,-0.016611042533349663,after_hours_ratio (z=1.23),5,5,5,1.6,0.0,0.0,0.0
UIR0043,2010-02-26,-0.016611042533349663,after_hours_ratio (z=1.23),5,5,5,1.6,0.0,0.0,0.0
UIR0043,2010-02-03,-0.016611042533349663,after_hours_ratio (z=1.23),5,5,5,1.6,0.0,0.0,0.0
KSP0357,2010-04-29,-0.016611042533349663,after_hours_ratio (z=1.30),5,5,5,1.6,0.0,0.0,0.0
KRV0372,2010-05-07,-0.016611042533349663,after_hours_ratio (z=1.23),5,5,5,1.6,0.0,0.0,0.0
ACC0042,2010-04-12,-0.016611042533349663,after_hours_ratio (z=1.34),5,5,5,1.6,0.0,0.0,0.0
TSM0363,2010-12-01,-0.016611042533349663,after_hours_ratio (z=1.21),5,5,5,1.6,0.0,0.0,0.0
KRV0372,2010-12-27,-0.016611042533349663,after_hours_ratio (z=1.23),5,5,5,1.6,0.0,0.0,0.0
TSM0363,2011-03-14,-0.016611042533349663,after_hours_ratio (z=1.21),5,5,5,1.6,0.0,0.0,0.0
TSM0363,2011-03-11,-0.016611042533349663,after_hours_ratio (z=1.21),5,5,5,1.6,0.0,0.0,0.0
TSM0363,2011-03-03,-0.016611042533349663,after_hours_ratio (z=1.21),5,5,5,1.6,0.0,0.0,0.0
TSM0363,2011-02-22,-0.016611042533349663,after_hours_ratio (z=1.21),5,5,5,1.6,0.0,0.0,0.0
TSM0363,2011-02-09,-0.016611042533349663,after_hours_ratio (z=1.21),5,5,5,1.6,0.0,0.0,0.0
KCF0045,2011-01-24,-0.016611042533349663,after_hours_ratio (z=1.26),5,5,5,1.6,0.0,0.0,0.0
KCF0045,2011-01-11,-0.016611042533349663,after_hours_ratio (z=1.26),5,5,5,1.6,0.0,0.0,0.0
KCF0045,2010-12-10,-0.016611042533349663,after_hours_ratio (z=1.26),5,5,5,1.6,0.0,0.0,0.0
WPR0368,2011-01-12,-0.016611042533349663,after_hours_ratio (z=1.28),5,5,5,1.6,0.0,0.0,0.0
WPR0368,2010-11-16,-0.016611042533349663,after_hours_ratio (z=1.28),5,5,5,1.6,0.0,0.0,0.0
WPR0368,2010-11-12,-0.016611042533349663,after_hours_ratio (z=1.28),5,5,5,1.6,0.0,0.0,0.0
KCF0045,2011-04-15,-0.016611042533349663,after_hours_ratio (z=1.26),5,5,5,1.6,0.0,0.0,0.0
KCF0045,2011-04-12,-0.016611042533349663,after_hours_ratio (z=1.26),5,5,5,1.6,0.0,0.0,0.0
KCF0045,2011-03-14,-0.016611042533349663,after_hours_ratio (z=1.26),5,5,5,1.6,0.0,0.0,0.0
KCF0045,2011-01-25,-0.016611042533349663,after_hours_ratio (z=1.26),5,5,5,1.6,0.0,0.0,0.0
DMG0358,2011-04-07,-0.016611042533349663,after_hours_ratio (z=1.66),5,5,5,1.6,0.0,0.0,0.0
DMG0358,2011-04-04,-0.016611042533349663,after_hours_ratio (z=1.66),5,5,5,1.6,0.0,0.0,0.0
DMG0358,2010-12-20,-0.016611042533349663,after_hours_ratio (z=1.66),5,5,5,1.6,0.0,0.0,0.0
TSM0363,2010-12-20,-0.016611042533349663,after_hours_ratio (z=1.21),5,5,5,1.6,0.0,0.0,0.0
TSM0363,2010-12-09,-0.016611042533349663,after_hours_ratio (z=1.21),5,5,5,1.6,0.0,0.0,0.0
TSM0363,2010-04-29,-0.016611042533349663,after_hours_ratio (z=1.21),5,5,5,1.6,0.0,0.0,0.0
TSM0363,2011-01-10,-0.016611042533349663,after_hours_ratio (z=1.21),5,5,5,1.6,0.0,0.0,0.0
TSM0363,2011-01-07,-0.016611042533349663,after_hours_ratio (z=1.21),5,5,5,1.6,0.0,0.0,0.0
WPR0368,2011-02-22,-0.016611042533349663,after_hours_ratio (z=1.28),5,5,5,1.6,0.0,0.0,0.0
WPR0368,2011-01-31,-0.016611042533349663,after_hours_ratio (z=1.28),5,5,5,1.6,0.0,0.0,0.0
WPR0368,2011-01-17,-0.016611042533349663,after_hours_ratio (z=1.28),5,5,5,1.6,0.0,0.0,0.0
KCF0045,2011-04-26,-0.016611042533349663,after_hours_ratio (z=1.26),5,5,5,1.6,0.0,0.0,0.0
MSH0040,2010-04-15,-0.016611042533349663,after_hours_ratio (z=1.24),5,5,5,1.6,0.0,0.0,0.0
MSH0040,2010-04-12,-0.016611042533349663,after_hours_ratio (z=1.24),5,5,5,1.6,0.0,0.0,0.0
TSM0363,2010-11-17,-0.016611042533349663,after_hours_ratio (z=1.21),5,5,5,1.6,0.0,0.0,0.0
TSM0363,2010-10-19,-0.016611042533349663,after_hours_ratio (z=1.21),5,5,5,1.6,0.0,0.0,0.0
TSM0363,2010-08-30,-0.016611042533349663,after_hours_ratio (z=1.21),5,5,5,1.6,0.0,0.0,0.0
DMG0358,2010-07-06,-0.016611042533349663,after_hours_ratio (z=1.66),5,5,5,1.6,0.0,0.0,0.0
MSH0040,2010-03-23,-0.016611042533349663,after_hours_ratio (z=1.24),5,5,5,1.6,0.0,0.0,0.0
DMG0358,2010-02-11,-0.016611042533349663,after_hours_ratio (z=1.66),5,5,5,1.6,0.0,0.0,0.0
TSM0363,2010-02-04,-0.016611042533349663,after_hours_ratio (z=1.21),5,5,5,1.6,0.0,0.0,0.0
MSH0040,2010-08-02,-0.016611042533349663,after_hours_ratio (z=1.24),5,5,5,1.6,0.0,0.0,0.0
MSH0040,2010-07-29,-0.016611042533349663,after_hours_ratio (z=1.24),5,5,5,1.6,0.0,0.0,0.0
MSH0040,2010-07-22,-0.016611042533349663,after_hours_ratio (z=1.24),5,5,5,1.6,0.0,0.0,0.0
MSH0040,2010-07-19,-0.016611042533349663,after_hours_ratio (z=1.24),5,5,5,1.6,0.0,0.0,0.0
MSH0040,2010-07-06,-0.016611042533349663,after_hours_ratio (z=1.24),5,5,5,1.6,0.0,0.0,0.0
MSH0040,2010-06-08,-0.016611042533349663,after_hours_ratio (z=1.24),5,5,5,1.6,0.0,0.0,0.0
TSM0363,2010-04-12,-0.016611042533349663,after_hours_ratio (z=1.21),5,5,5,1.6,0.0,0.0,0.0
TSM0363,2010-07-16,-0.016611042533349663,after_hours_ratio (z=1.21),5,5,5,1.6,0.0,0.0,0.0
TSM0363,2010-06-14,-0.016611042533349663,after_hours_ratio (z=1.21),5,5,5,1.6,0.0,0.0,0.0
TSM0363,2010-06-01,-0.016611042533349663,after_hours_ratio (z=1.21),5,5,5,1.6,0.0,0.0,0.0
TSM0363,2010-05-21,-0.016611042533349663,after_hours_ratio (z=1.21),5,5,5,1.6,0.0,0.0,0.0
MSH0040,2010-05-17,-0.016611042533349663,after_hours_ratio (z=1.24),5,5,5,1.6,0.0,0.0,0.0
MSH0040,2010-05-14,-0.016611042533349663,after_hours_ratio (z=1.24),5,5,5,1.6,0.0,0.0,0.0
MSH0040,2010-05-10,-0.016611042533349663,after_hours_ratio (z=1.24),5,5,5,1.6,0.0,0.0,0.0
MSH0040,2010-04-19,-0.016611042533349663,after_hours_ratio (z=1.24),5,5,5,1.6,0.0,0.0,0.0
MSH0040,2010-10-13,-0.016611042533349663,after_hours_ratio (z=1.24),5,5,5,1.6,0.0,0.0,0.0
MSH0040,2010-10-08,-0.016611042533349663,after_hours_ratio (z=1.24),5,5,5,1.6,0.0,0.0,0.0
MSH0040,2010-09-22,-0.016611042533349663,after_hours_ratio (z=1.24),5,5,5,1.6,0.0,0.0,0.0
MSH0040,2011-01-05,-0.016611042533349663,after_hours_ratio (z=1.24),5,5,5,1.6,0.0,0.0,0.0
SOB0360,2010-10-25,-0.016611042533349663,after_hours_ratio (z=1.25),5,5,5,1.6,0.0,0.0,0.0
SOB0360,2010-10-22,-0.016611042533349663,after_hours_ratio (z=1.25),5,5,5,1.6,0.0,0.0,0.0
SOB0360,2010-10-20,-0.016611042533349663,after_hours_ratio (z=1.25),5,5,5,1.6,0.0,0.0,0.0
SOB0360,2010-08-30,-0.016611042533349663,after_hours_ratio (z=1.25),5,5,5,1.6,0.0,0.0,0.0
SOB0360,2010-08-16,-0.016611042533349663,after_hours_ratio (z=1.25),5,5,5,1.6,0.0,0.0,0.0
TSM0363,2010-03-26,-0.016611042533349663,after_hours_ratio (z=1.21),5,5,5,1.6,0.0,0.0,0.0
TSM0363,2010-03-02,-0.016611042533349663,after_hours_ratio (z=1.21),5,5,5,1.6,0.0,0.0,0.0
TSM0363,2010-02-23,-0.016611042533349663,after_hours_ratio (z=1.21),5,5,5,1.6,0.0,0.0,0.0
SOB0360,2010-06-15,-0.016611042533349663,after_hours_ratio (z=1.25),5,5,5,1.6,0.0,0.0,0.0
SOB0360,2010-06-14,-0.016611042533349663,after_hours_ratio (z=1.25),5,5,5,1.6,0.0,0.0,0.0
MSH0040,2010-12-30,-0.016611042533349663,after_hours_ratio (z=1.24),5,5,5,1.6,0.0,0.0,0.0
MSH0040,2010-12-16,-0.016611042533349663,after_hours_ratio (z=1.24),5,5,5,1.6,0.0,0.0,0.0
MSH0040,2010-11-04,-0.016611042533349663,after_hours_ratio (z=1.24),5,5,5,1.6,0.0,0.0,0.0
MSH0040,2010-10-26,-0.016611042533349663,after_hours_ratio (z=1.24),5,5,5,1.6,0.0,0.0,0.0
MSH0040,2010-10-20,-0.016611042533349663,after_hours_ratio (z=1.24),5,5,5,1.6,0.0,0.0,0.0
SOB0360,2010-04-20,-0.016611042533349663,after_hours_ratio (z=1.25),5,5,5,1.6,0.0,0.0,0.0
SOB0360,2010-04-16,-0.016611042533349663,after_hours_ratio (z=1.25),5,5,5,1.6,0.0,0.0,0.0
SOB0360,2010-04-15,-0.016611042533349663,after_hours_ratio (z=1.25),5,5,5,1.6,0.0,0.0,0.0
KJP0371,2010-06-14,-0.016611042533349663,after_hours_ratio (z=1.21),5,5,5,1.6,0.0,0.0,0.0
KJP0371,2010-06-07,-0.016611042533349663,after_hours_ratio (z=1.21),5,5,5,1.6,0.0,0.0,0.0
KJP0371,2010-06-01,-0.016611042533349663,after_hours_ratio (z=1.21),5,5,5,1.6,0.0,0.0,0.0
KJP0371,2010-04-15,-0.016611042533349663,after_hours_ratio (z=1.21),5,5,5,1.6,0.0,0.0,0.0
LBC0356,2010-11-15,-0.016611042533349663,after_hours_ratio (z=1.91),5,5,5,1.6,0.0,0.0,0.0
KJP0371,2010-03-18,-0.016611042533349663,after_hours_ratio (z=1.21),5,5,5,1.6,0.0,0.0,0.0
KJP0371,2010-02-05,-0.016611042533349663,after_hours_ratio (z=1.21),5,5,5,1.6,0.0,0.0,0.0
KJP0371,2010-01-08,-0.016611042533349663,after_hours_ratio (z=1.21),5,5,5,1.6,0.0,0.0,0.0
ACC0042,2011-05-11,-0.016611042533349663,after_hours_ratio (z=1.34),5,5,5,1.6,0.0,0.0,0.0
WPR0368,2011-05-14,-0.016611042533349663,after_hours_ratio (z=1.28),5,5,5,1.6,0.0,0.0,0.0
WPR0368,2011-05-13,-0.016611042533349663,after_hours_ratio (z=1.28),5,5,5,1.6,0.0,0.0,0.0
WPR0368,2011-04-05,-0.016611042533349663,after_hours_ratio (z=1.28),5,5,5,1.6,0.0,0.0,0.0
WPR0368,2011-03-17,-0.016611042533349663,after_hours_ratio (z=1.28),5,5,5,1.6,0.0,0.0,0.0
SOB0360,2010-07-02,-0.016611042533349663,after_hours_ratio (z=1.25),5,5,5,1.6,0.0,0.0,0.0
SOB0360,2010-04-12,-0.016611042533349663,after_hours_ratio (z=1.25),5,5,5,1.6,0.0,0.0,0.0
SOB0360,2010-03-15,-0.016611042533349663,after_hours_ratio (z=1.25),5,5,5,1.6,0.0,0.0,0.0
SOB0360,2010-03-09,-0.016611042533349663,after_hours_ratio (z=1.25),5,5,5,1.6,0.0,0.0,0.0
SOB0360,2010-03-05,-0.016611042533349663,after_hours_ratio (z=1.25),5,5,5,1.6,0.0,0.0,0.0
MSO0222,2010-03-12,-0.016611042533349663,after_hours_ratio (z=1.15),5,5,5,1.6,0.0,0.0,0.0
MSO0222,2010-03-10,-0.016611042533349663,after_hours_ratio (z=1.15),5,5,5,1.6,0.0,0.0,0.0
MSO0222,2010-01-22,-0.016611042533349663,after_hours_ratio (z=1.15),5,5,5,1.6,0.0,0.0,0.0
SOB0360,2010-02-18,-0.016611042533349663,after_hours_ratio (z=1.25),5,5,5,1.6,0.0,0.0,0.0
KJP0371,2010-07-07,-0.016611042533349663,after_hours_ratio (z=1.21),5,5,5,1.6,0.0,0.0,0.0
SAK0375,2011-03-21,-0.016611042533349663,after_hours_ratio (z=1.31),5,5,5,1.6,0.0,0.0,0.0
SAK0375,2011-03-07,-0.016611042533349663,after_hours_ratio (z=1.31),5,5,5,1.6,0.0,0.0,0.0
MSO0222,2010-08-26,-0.016611042533349663,after_hours_ratio (z=1.15),5,5,5,1.6,0.0,0.0,0.0
MSO0222,2010-08-23,-0.016611042533349663,after_hours_ratio (z=1.15),5,5,5,1.6,0.0,0.0,0.0
MSO0222,2010-07-30,-0.016611042533349663,after_hours_ratio (z=1.15),5,5,5,1.6,0.0,0.0,0.0
MSO0222,2010-07-27,-0.016611042533349663,after_hours_ratio (z=1.15),5,5,5,1.6,0.0,0.0,0.0
MSO0222,2010-07-22,-0.016611042533349663,after_hours_ratio (z=1.15),5,5,5,1.6,0.0,0.0,0.0
SOB0360,2010-02-02,-0.016611042533349663,after_hours_ratio (z=1.25),5,5,5,1.6,0.0,0.0,0.0
MSO0222,2010-06-21,-0.016611042533349663,after_hours_ratio (z=1.15),5,5,5,1.6,0.0,0.0,0.0
SAK0375,2011-05-04,-0.016611042533349663,after_hours_ratio (z=1.31),5,5,5,1.6,0.0,0.0,0.0
ACC0042,2011-04-12,-0.016611042533349663,after_hours_ratio (z=1.34),5,5,5,1.6,0.0,0.0,0.0
ACC0042,2011-03-22,-0.016611042533349663,after_hours_ratio (z=1.34),5,5,5,1.6,0.0,0.0,0.0
ACC0042,2011-03-02,-0.016611042533349663,after_hours_ratio (z=1.34),5,5,5,1.6,0.0,0.0,0.0
ACC0042,2011-02-24,-0.016611042533349663,after_hours_ratio (z=1.34),5,5,5,1.6,0.0,0.0,0.0
ACC0042,2011-02-09,-0.016611042533349663,after_hours_ratio (z=1.34),5,5,5,1.6,0.0,0.0,0.0
LBC0356,2010-09-07,-0.016611042533349663,after_hours_ratio (z=1.91),5,5,5,1.6,0.0,0.0,0.0
KJP0371,2010-08-04,-0.016611042533349663,after_hours_ratio (z=1.21),5,5,5,1.6,0.0,0.0,0.0
KJP0371,2010-08-02,-0.016611042533349663,after_hours_ratio (z=1.21),5,5,5,1.6,0.0,0.0,0.0
KJP0371,2010-07-12,-0.016611042533349663,after_hours_ratio (z=1.21),5,5,5,1.6,0.0,0.0,0.0
SOB0360,2010-02-25,-0.016611042533349663,after_hours_ratio (z=1.25),5,5,5,1.6,0.0,0.0,0.0
SAK0375,2011-04-28,-0.016611042533349663,after_hours_ratio (z=1.31),5,5,5,1.6,0.0,0.0,0.0
SAK0375,2011-03-28,-0.016611042533349663,after_hours_ratio (z=1.31),5,5,5,1.6,0.0,0.0,0.0
SAK0375,2011-03-23,-0.016611042533349663,after_hours_ratio (z=1.31),5,5,5,1.6,0.0,0.0,0.0
ACC0042,2010-12-06,-0.016611042533349663,after_hours_ratio (z=1.34),5,5,5,1.6,0.0,0.0,0.0
LBC0356,2010-07-15,-0.016611042533349663,after_hours_ratio (z=1.91),5,5,5,1.6,0.0,0.0,0.0
DFR0218,2011-05-13,-0.016611042533349663,after_hours_ratio (z=1.30),5,5,5,1.6,0.0,0.0,0.0
KJP0371,2010-09-29,-0.016611042533349663,after_hours_ratio (z=1.21),5,5,5,1.6,0.0,0.0,0.0
KJP0371,2010-09-22,-0.016611042533349663,after_hours_ratio (z=1.21),5,5,5,1.6,0.0,0.0,0.0
KJP0371,2010-08-27,-0.016611042533349663,after_hours_ratio (z=1.21),5,5,5,1.6,0.0,0.0,0.0
KJP0371,2010-08-18,-0.016611042533349663,after_hours_ratio (z=1.21),5,5,5,1.6,0.0,0.0,0.0
LBC0356,2010-10-01,-0.016611042533349663,after_hours_ratio (z=1.91),5,5,5,1.6,0.0,0.0,0.0
MSO0222,2010-11-03,-0.016611042533349663,after_hours_ratio (z=1.15),5,5,5,1.6,0.0,0.0,0.0
MSO0222,2010-10-07,-0.016611042533349663,after_hours_ratio (z=1.15),5,5,5,1.6,0.0,0.0,0.0
MSO0222,2010-10-05,-0.016611042533349663,after_hours_ratio (z=1.15),5,5,5,1.6,0.0,0.0,0.0
MSO0222,2010-09-29,-0.016611042533349663,after_hours_ratio (z=1.15),5,5,5,1.6,0.0,0.0,0.0
MSO0222,2010-09-08,-0.016611042533349663,after_hours_ratio (z=1.15),5,5,5,1.6,0.0,0.0,0.0
MVH0373,2010-03-04,-0.016611042533349663,after_hours_ratio (z=1.22),5,5,5,1.6,0.0,0.0,0.0
LBC0356,2010-09-28,-0.016611042533349663,after_hours_ratio (z=1.91),5,5,5,1.6,0.0,0.0,0.0
SAK0375,2011-03-04,-0.016611042533349663,after_hours_ratio (z=1.31),5,5,5,1.6,0.0,0.0,0.0
SAK0375,2011-02-01,-0.016611042533349663,after_hours_ratio (z=1.31),5,5,5,1.6,0.0,0.0,0.0
SAK0375,2011-01-27,-0.016611042533349663,after_hours_ratio (z=1.31),5,5,5,1.6,0.0,0.0,0.0
SAK0375,2011-01-03,-0.016611042533349663,after_hours_ratio (z=1.31),5,5,5,1.6,0.0,0.0,0.0
SAK0375,2010-12-29,-0.016611042533349663,after_hours_ratio (z=1.31),5,5,5,1.6,0.0,0.0,0.0
MVH0373,2010-02-03,-0.016611042533349663,after_hours_ratio (z=1.22),5,5,5,1.6,0.0,0.0,0.0
MVH0373,2010-01-19,-0.016611042533349663,after_hours_ratio (z=1.22),5,5,5,1.6,0.0,0.0,0.0
MSO0222,2010-12-06,-0.016611042533349663,after_hours_ratio (z=1.15),5,5,5,1.6,0.0,0.0,0.0
MSO0222,2010-11-29,-0.016611042533349663,after_hours_ratio (z=1.15),5,5,5,1.6,0.0,0.0,0.0
SAK0375,2010-12-22,-0.016611042533349663,after_hours_ratio (z=1.31),5,5,5,1.6,0.0,0.0,0.0
SAK0375,2010-12-21,-0.016611042533349663,after_hours_ratio (z=1.31),5,5,5,1.6,0.0,0.0,0.0
ACC0042,2011-01-31,-0.016611042533349663,after_hours_ratio (z=1.34),5,5,5,1.6,0.0,0.0,0.0
ACC0042,2010-12-17,-0.016611042533349663,after_hours_ratio (z=1.34),5,5,5,1.6,0.0,0.0,0.0
SAK0375,2010-12-13,-0.016611042533349663,after_hours_ratio (z=1.31),5,5,5,1.6,0.0,0.0,0.0
SAK0375,2010-11-18,-0.016611042533349663,after_hours_ratio (z=1.31),5,5,5,1.6,0.0,0.0,0.0
CAS0507,2010-02-08,-0.016590810570576542,logon_count (z=1.77),3,2,2,0.0,1.0,25.0,25.0
CAS0507,2011-05-10,-0.016590810570576542,logon_count (z=1.77),3,2,2,0.0,1.0,25.0,25.0
ILH0958,2010-01-27,-0.016590810570576542,logon_count (z=1.71),3,2,2,0.0,1.0,25.0,25.0
PAD0773,2010-06-02,-0.016590810570576542,logon_count (z=2.28),3,2,2,0.0,1.0,25.0,25.0
DFH0188,2010-03-10,-0.016590810570576542,logon_count (z=2.16),3,2,2,0.0,1.0,25.0,25.0
CAS0507,2010-12-09,-0.016590810570576542,logon_count (z=1.77),3,2,2,0.0,1.0,25.0,25.0
HRB0351,2010-12-21,-0.016590810570576542,logoff_count (z=3.05),3,2,2,0.0,1.0,25.0,25.0
PAD0773,2010-06-23,-0.016590810570576542,logon_count (z=2.28),3,2,2,0.0,1.0,25.0,25.0
CAS0507,2011-03-07,-0.016590810570576542,logon_count (z=1.77),3,2,2,0.0,1.0,25.0,25.0
CAS0507,2010-12-14,-0.016590810570576542,logon_count (z=1.77),3,2,2,0.0,1.0,25.0,25.0
CAS0507,2011-03-17,-0.016590810570576542,logon_count (z=1.77),3,2,2,0.0,1.0,25.0,25.0
TDS0984,2010-10-15,-0.0165406153013663,logon_count (z=2.43),3,2,2,0.0,1.0,26.0,26.0
PAD0773,2010-07-29,-0.0165406153013663,logon_count (z=2.28),3,2,2,0.0,1.0,26.0,26.0
CAS0507,2010-04-19,-0.0165406153013663,logon_count (z=1.77),3,2,2,0.0,1.0,26.0,26.0
DLM0051,2011-04-15,-0.01653367211743173,logon_count (z=-2.17),1,1,1,1.0,9.0,22.0,22.0
BMG0917,2010-12-09,-0.01653367211743173,logon_count (z=-1.73),1,1,1,1.0,9.0,22.0,22.0
BMG0917,2010-08-16,-0.01653367211743173,logon_count (z=-1.73),1,1,1,1.0,9.0,22.0,22.0
WIF0691,2010-08-19,-0.01653367211743173,logon_count (z=-1.77),1,1,1,1.0,9.0,22.0,22.0
BMG0917,2010-04-16,-0.01653367211743173,logon_count (z=-1.73),1,1,1,1.0,9.0,22.0,22.0
BMG0917,2010-09-14,-0.01653367211743173,logon_count (z=-1.73),1,1,1,1.0,9.0,22.0,22.0
RSC0089,2010-06-02,-0.016292393520190074,unique_pcs (z=3.24),4,3,3,0.0,9.0,7.0,7.0
CAS0507,2011-01-18,-0.01628742042635012,after_hours_ratio (z=5.78),2,2,1,0.5,2.0,27.0,27.0
BAL0044,2010-08-16,-0.01609304897150765,file_count (z=-0.78),5,4,4,1.0,3.0,3.0,3.0
HDS0367,2011-02-08,-0.016030068726774704,device_connects (z=-1.11),5,4,4,0.8,2.0,3.0,3.0
BSS0369,2010-02-27,-0.01585200355602323,after_hours_ratio (z=-2.17),3,3,3,0.0,12.0,6.0,6.0
MOS0047,2010-07-26,-0.0158442760415064,file_count (z=-1.21),5,4,4,1.2,4.0,1.0,1.0
MOS0047,2010-08-02,-0.015745216486174773,device_connects (z=-0.95),4,3,3,1.0,3.0,11.0,11.0
AVM0947,2010-07-02,-0.01574053794153829,logon_count (z=3.30),2,2,2,0.0,10.0,24.0,24.0
BAJ0654,2010-09-24,-0.01569451325066651,file_count (z=1.46),1,1,1,1.0,1.0,26.0,26.0
BAJ0654,2011-04-21,-0.01569451325066651,file_count (z=1.46),1,1,1,1.0,1.0,26.0,26.0
BAJ0654,2010-08-03,-0.01569451325066651,file_count (z=1.46),1,1,1,1.0,1.0,26.0,26.0
BAJ0654,2010-12-06,-0.01569451325066651,file_count (z=1.46),1,1,1,1.0,1.0,26.0,26.0
BAJ0654,2010-12-21,-0.01569451325066651,file_count (z=1.46),1,1,1,1.0,1.0,26.0,26.0
BAJ0654,2011-02-18,-0.01569451325066651,file_count (z=1.46),1,1,1,1.0,1.0,26.0,26.0
BAJ0654,2011-02-04,-0.01569451325066651,file_count (z=1.46),1,1,1,1.0,1.0,26.0,26.0
BAJ0654,2011-01-21,-0.01569451325066651,file_count (z=1.46),1,1,1,1.0,1.0,26.0,26.0
BAJ0654,2011-05-04,-0.01569451325066651,file_count (z=1.46),1,1,1,1.0,1.0,26.0,26.0
BAJ0654,2010-02-09,-0.01569451325066651,file_count (z=1.46),1,1,1,1.0,1.0,26.0,26.0
BAJ0654,2011-01-13,-0.01569451325066651,file_count (z=1.46),1,1,1,1.0,1.0,26.0,26.0
BAJ0654,2010-02-04,-0.01569451325066651,file_count (z=1.46),1,1,1,1.0,1.0,26.0,26.0
HDS0367,2010-06-16,-0.015688518844905408,file_count (z=-1.18),5,4,4,1.0,4.0,2.0,2.0
AIB0948,2011-01-14,-0.015638658621991985,logon_count (z=3.60),4,3,3,0.0,8.0,8.0,8.0
HDS0367,2010-05-24,-0.01561680290554901,file_count (z=-1.33),5,4,4,0.8,4.0,1.0,1.0
WIF0691,2011-04-26,-0.015566248298154561,logon_count (z=-1.77),1,1,1,1.0,8.0,24.0,24.0
BMG0917,2010-04-19,-0.015566248298154561,logon_count (z=-1.73),1,1,1,1.0,8.0,23.0,23.0
SAA0999,2011-04-05,-0.015566248298154561,after_hours_ratio (z=2.05),1,1,1,1.0,8.0,23.0,23.0
SAA0999,2010-07-02,-0.015566248298154561,after_hours_ratio (z=2.05),1,1,1,1.0,8.0,23.0,23.0
SAA0999,2010-12-20,-0.015566248298154561,after_hours_ratio (z=2.05),1,1,1,1.0,8.0,23.0,23.0
BMG0917,2011-02-02,-0.015566248298154561,logon_count (z=-1.73),1,1,1,1.0,8.0,24.0,24.0
WIF0691,2011-05-10,-0.015566248298154561,logon_count (z=-1.77),1,1,1,1.0,8.0,24.0,24.0
DLM0051,2010-02-05,-0.015566248298154561,logon_count (z=-2.17),1,1,1,1.0,8.0,23.0,23.0
SAA0999,2011-02-07,-0.015566248298154561,after_hours_ratio (z=2.05),1,1,1,1.0,8.0,24.0,24.0
SAA0999,2010-04-12,-0.015566248298154561,after_hours_ratio (z=2.05),1,1,1,1.0,8.0,24.0,24.0
WIF0691,2010-01-11,-0.015566248298154561,logon_count (z=-1.77),1,1,1,1.0,8.0,24.0,24.0
WIF0691,2010-01-14,-0.015566248298154561,logon_count (z=-1.77),1,1,1,1.0,8.0,24.0,24.0
WIF0691,2010-01-27,-0.015566248298154561,logon_count (z=-1.77),1,1,1,1.0,8.0,23.0,23.0
BMG0917,2010-11-12,-0.015566248298154561,logon_count (z=-1.73),1,1,1,1.0,8.0,24.0,24.0
BMG0917,2010-07-02,-0.015566248298154561,logon_count (z=-1.73),1,1,1,1.0,8.0,23.0,23.0
SAA0999,2011-03-30,-0.015566248298154561,after_hours_ratio (z=2.05),1,1,1,1.0,8.0,23.0,23.0
EIS0041,2010-07-23,-0.015547338289880419,after_hours_ratio (z=-2.43),4,3,3,0.0,2.0,14.0,14.0
BAJ0654,2010-09-22,-0.015502937335717282,file_count (z=1.38),1,1,1,1.0,1.0,25.0,25.0
BAJ0654,2010-08-24,-0.015502937335717282,file_count (z=1.38),1,1,1,1.0,1.0,25.0,25.0
BAJ0654,2010-09-27,-0.015502937335717282,file_count (z=1.38),1,1,1,1.0,1.0,25.0,25.0
BAJ0654,2010-11-04,-0.015502937335717282,file_count (z=1.38),1,1,1,1.0,1.0,25.0,25.0
BAJ0654,2010-12-16,-0.015502937335717282,file_count (z=1.38),1,1,1,1.0,1.0,25.0,25.0
BAJ0654,2010-12-14,-0.015502937335717282,file_count (z=1.38),1,1,1,1.0,1.0,25.0,25.0
BAJ0654,2011-04-08,-0.015502937335717282,file_count (z=1.38),1,1,1,1.0,1.0,25.0,25.0
BAJ0654,2011-04-25,-0.015502937335717282,file_count (z=1.38),1,1,1,1.0,1.0,25.0,25.0
XWD0923,2010-01-06,-0.015502937335717282,logon_count (z=-1.74),1,1,1,1.0,1.0,25.0,25.0
BAJ0654,2010-01-06,-0.015502937335717282,file_count (z=1.38),1,1,1,1.0,1.0,25.0,25.0
BAJ0654,2011-03-21,-0.015502937335717282,file_count (z=1.38),1,1,1,1.0,1.0,25.0,25.0
DMG0358,2010-12-07,-0.015465830829242022,after_hours_ratio (z=-1.35),6,5,5,0.3333333333333333,0.0,0.0,0.0
WDD0366,2010-08-27,-0.015465830829242022,after_hours_ratio (z=-1.41),6,5,5,0.3333333333333333,0.0,0.0,0.0
LBC0356,2011-04-27,-0.015465830829242022,after_hours_ratio (z=-1.46),6,5,5,0.3333333333333333,0.0,0.0,0.0
DMG0358,2011-02-14,-0.015465830829242022,after_hours_ratio (z=-1.35),6,5,5,0.3333333333333333,0.0,0.0,0.0
DMG0358,2010-06-04,-0.015465830829242022,after_hours_ratio (z=-1.35),6,5,5,0.3333333333333333,0.0,0.0,0.0
JTM0223,2010-04-22,-0.015465830829242022,after_hours_ratio (z=-1.47),6,5,5,0.3333333333333333,0.0,0.0,0.0
LBC0356,2010-06-23,-0.015465830829242022,after_hours_ratio (z=-1.46),6,5,5,0.3333333333333333,0.0,0.0,0.0
DMG0358,2011-05-04,-0.015465830829242022,after_hours_ratio (z=-1.35),6,5,5,0.3333333333333333,0.0,0.0,0.0
WIF0691,2010-02-15,-0.015324596819685232,logon_count (z=-1.77),1,1,1,1.0,9.0,24.0,24.0
WIF0691,2011-04-04,-0.015324596819685232,logon_count (z=-1.77),1,1,1,1.0,9.0,24.0,24.0
DLM0051,2010-11-09,-0.015324596819685232,logon_count (z=-2.17),1,1,1,1.0,9.0,24.0,24.0
WIF0691,2010-02-17,-0.015324596819685232,logon_count (z=-1.77),1,1,1,1.0,9.0,24.0,24.0
SAA0999,2011-03-15,-0.015324596819685232,after_hours_ratio (z=2.05),1,1,1,1.0,9.0,24.0,24.0
BMG0917,2010-11-02,-0.015324596819685232,logon_count (z=-1.73),1,1,1,1.0,9.0,24.0,24.0
SAA0999,2010-05-13,-0.015324596819685232,after_hours_ratio (z=2.05),1,1,1,1.0,9.0,24.0,24.0
WIF0691,2010-05-27,-0.015324596819685232,logon_count (z=-1.77),1,1,1,1.0,9.0,24.0,24.0
BMG0917,2011-04-26,-0.015324596819685232,logon_count (z=-1.73),1,1,1,1.0,9.0,24.0,24.0
SAA0999,2010-05-18,-0.015324596819685232,after_hours_ratio (z=2.05),1,1,1,1.0,9.0,24.0,24.0
DLM0051,2010-12-07,-0.015324596819685232,logon_count (z=-2.17),1,1,1,1.0,9.0,24.0,24.0
WIF0691,2011-03-30,-0.015324596819685232,logon_count (z=-1.77),1,1,1,1.0,9.0,24.0,24.0
WIF0691,2010-08-04,-0.015324596819685232,logon_count (z=-1.77),1,1,1,1.0,9.0,24.0,24.0
BMG0917,2011-03-01,-0.015324596819685232,logon_count (z=-1.73),1,1,1,1.0,9.0,24.0,24.0
HDS0367,2010-05-04,-0.0153048889863181,device_connects (z=-1.11),5,4,4,0.8,2.0,4.0,4.0
BMG0917,2011-04-05,-0.015212813820102644,after_hours_ratio (z=1.38),2,1,1,1.0,9.0,18.0,18.0
BMG0917,2011-03-30,-0.015133120078516415,logon_count (z=-1.73),1,1,1,1.0,7.0,17.0,17.0
BAJ0654,2010-04-20,-0.015115796976263085,device_connects (z=2.55),1,1,1,1.0,2.0,24.0,24.0
BAJ0654,2010-07-09,-0.015115796976263085,device_connects (z=2.55),1,1,1,1.0,2.0,24.0,24.0
IBB0359,2010-05-05,-0.015057194235664872,logoff_count (z=-1.37),3,2,2,0.6666666666666666,10.0,9.0,9.0
IBB0359,2010-03-31,-0.015057194235664872,logoff_count (z=-1.37),3,2,2,0.6666666666666666,10.0,9.0,9.0
BAL0044,2010-07-14,-0.015020325689763414,device_connects (z=-0.85),4,3,3,1.0,2.0,11.0,11.0
THR0873,2011-01-26,-0.01500139151763602,unique_pcs (z=6.50),2,2,2,0.0,7.0,26.0,26.0
BRM0995,2010-11-23,-0.014978878161297282,after_hours_ratio (z=3.53),2,2,2,1.5,9.0,7.0,7.0
MDM0625,2010-08-09,-0.014971281885877263,logon_count (z=2.47),3,2,2,0.0,8.0,18.0,18.0
IBB0359,2011-01-13,-0.014947062737834194,after_hours_ratio (z=-1.03),4,3,3,0.5,10.0,3.0,3.0
IBB0359,2010-03-10,-0.014947062737834194,after_hours_ratio (z=-1.03),4,3,3,0.5,10.0,3.0,3.0
CAS0507,2010-02-17,-0.014921200237867138,device_connects (z=3.21),3,2,2,0.0,4.0,22.0,22.0
BAL0044,2010-02-24,-0.014900804798700706,file_count (z=-0.93),5,4,4,0.8,2.0,2.0,2.0
EIS0041,2010-05-17,-0.014829971601774905,after_hours_ratio (z=-1.09),4,3,3,0.5,4.0,12.0,12.0
DCH0843,2011-02-08,-0.014800654904825072,file_count (z=11.06),2,2,1,1.5,5.0,13.0,13.0
ZKS0899,2010-10-01,-0.01472411882349467,logon_count (z=2.80),2,2,2,0.0,8.0,27.0,27.0
MDM0625,2011-01-31,-0.01472411882349467,logoff_count (z=2.14),2,2,2,0.0,9.0,26.0,26.0
MDM0625,2011-04-06,-0.01472411882349467,logoff_count (z=2.14),2,2,2,0.0,9.0,26.0,26.0
MDM0625,2011-03-15,-0.01472411882349467,logoff_count (z=2.14),2,2,2,0.0,8.0,27.0,27.0
MDM0625,2010-04-12,-0.01472411882349467,logoff_count (z=2.14),2,2,2,0.0,8.0,27.0,27.0
MDM0625,2010-12-21,-0.01472411882349467,logoff_count (z=2.14),2,2,2,0.0,9.0,26.0,26.0
MDM0625,2010-07-20,-0.01472411882349467,logoff_count (z=2.14),2,2,2,0.0,8.0,27.0,27.0
MDM0625,2010-05-20,-0.01472411882349467,logoff_count (z=2.14),2,2,2,0.0,8.0,27.0,27.0
MDM0625,2010-01-11,-0.01472411882349467,logoff_count (z=2.14),2,2,2,0.0,8.0,27.0,27.0
AVM0947,2010-12-21,-0.01472411882349467,logon_count (z=3.30),2,2,2,0.0,9.0,26.0,26.0
ZKS0899,2011-03-15,-0.01472411882349467,logon_count (z=2.80),2,2,2,0.0,9.0,26.0,26.0
ZKS0899,2010-02-05,-0.01472411882349467,logon_count (z=2.80),2,2,2,0.0,9.0,26.0,26.0
ZKS0899,2010-10-20,-0.01472411882349467,logon_count (z=2.80),2,2,2,0.0,8.0,27.0,27.0
DLM0051,2010-08-31,-0.01472411882349467,logoff_count (z=2.19),2,2,2,0.0,8.0,27.0,27.0
THR0873,2011-02-09,-0.01472411882349467,unique_pcs (z=6.50),2,2,2,0.0,8.0,27.0,27.0
THR0873,2010-11-08,-0.01472411882349467,unique_pcs (z=6.50),2,2,2,0.0,8.0,27.0,27.0
QRM0739,2010-03-05,-0.01472411882349467,logon_count (z=4.14),2,2,2,0.0,8.0,27.0,27.0
QRM0739,2010-03-01,-0.01472411882349467,logon_count (z=4.14),2,2,2,0.0,8.0,27.0,27.0
QRM0739,2011-02-22,-0.01472411882349467,logon_count (z=4.14),2,2,2,0.0,8.0,27.0,27.0
ZKS0899,2010-10-19,-0.01472411882349467,logon_count (z=2.80),2,2,2,0.0,9.0,26.0,26.0
ZKS0899,2010-12-09,-0.01472411882349467,logon_count (z=2.80),2,2,2,0.0,8.0,27.0,27.0
ZKS0899,2010-10-18,-0.01472411882349467,logon_count (z=2.80),2,2,2,0.0,8.0,27.0,27.0
THR0873,2010-09-27,-0.01472411882349467,unique_pcs (z=6.50),2,2,2,0.0,8.0,27.0,27.0
ZKS0899,2010-04-27,-0.01472411882349467,logon_count (z=2.80),2,2,2,0.0,8.0,27.0,27.0
DMG0358,2010-06-22,-0.014657709014371245,after_hours_ratio (z=-0.96),6,5,5,0.5,0.0,0.0,0.0
DMG0358,2010-12-21,-0.014657709014371245,after_hours_ratio (z=-0.96),6,5,5,0.5,0.0,0.0,0.0
WDD0366,2011-01-17,-0.014657709014371245,after_hours_ratio (z=-0.99),6,5,5,0.5,0.0,0.0,0.0
CBB0365,2010-08-31,-0.014657709014371245,after_hours_ratio (z=-1.00),6,5,5,0.5,0.0,0.0,0.0
PNH0761,2010-01-28,-0.014480068594337037,logon_count (z=3.56),3,2,2,0.3333333333333333,1.0,22.0,22.0
WDD0366,2010-06-07,-0.014366322119823138,logon_count (z=0.86),6,5,5,0.6666666666666666,0.0,0.0,0.0
LBC0356,2010-09-16,-0.014366322119823138,logon_count (z=0.82),6,5,5,0.6666666666666666,0.0,0.0,0.0
JTM0223,2010-01-15,-0.014366322119823138,after_hours_ratio (z=-0.53),6,5,5,0.6666666666666666,0.0,0.0,0.0
DMG0358,2011-05-11,-0.014366322119823138,logon_count (z=0.81),6,5,5,0.6666666666666666,0.0,0.0,0.0
DMG0358,2011-03-08,-0.014366322119823138,logon_count (z=0.81),6,5,5,0.6666666666666666,0.0,0.0,0.0
DMG0358,2011-03-01,-0.014366322119823138,logon_count (z=0.81),6,5,5,0.6666666666666666,0.0,0.0,0.0
CBB0365,2010-07-16,-0.014366322119823138,logon_count (z=0.60),6,5,5,0.6666666666666666,0.0,0.0,0.0
WDD0366,2010-02-10,-0.014366322119823138,logon_count (z=0.86),6,5,5,0.6666666666666666,0.0,0.0,0.0
CBB0365,2010-06-15,-0.014366322119823138,logon_count (z=0.60),6,5,5,0.6666666666666666,0.0,0.0,0.0
CBB0365,2010-06-01,-0.014366322119823138,logon_count (z=0.60),6,5,5,0.6666666666666666,0.0,0.0,0.0
DMG0358,2011-01-12,-0.014366322119823138,logon_count (z=0.81),6,5,5,0.6666666666666666,0.0,0.0,0.0
JTM0223,2010-04-15,-0.014366322119823138,after_hours_ratio (z=-0.53),6,5,5,0.6666666666666666,0.0,0.0,0.0
DMG0358,2010-02-08,-0.014366322119823138,logon_count (z=0.81),6,5,5,0.6666666666666666,0.0,0.0,0.0
LBC0356,2011-01-12,-0.014366322119823138,logon_count (z=0.82),6,5,5,0.6666666666666666,0.0,0.0,0.0
LBC0356,2010-11-11,-0.014366322119823138,logon_count (z=0.82),6,5,5,0.6666666666666666,0.0,0.0,0.0
CBB0365,2010-12-07,-0.014366322119823138,logon_count (z=0.60),6,5,5,0.6666666666666666,0.0,0.0,0.0
CBB0365,2010-09-23,-0.014366322119823138,logon_count (z=0.60),6,5,5,0.6666666666666666,0.0,0.0,0.0
JTM0223,2010-04-30,-0.014366322119823138,after_hours_ratio (z=-0.53),6,5,5,0.6666666666666666,0.0,0.0,0.0
WDD0366,2011-01-28,-0.014366322119823138,logon_count (z=0.86),6,5,5,0.6666666666666666,0.0,0.0,0.0
WDD0366,2011-03-18,-0.014366322119823138,logon_count (z=0.86),6,5,5,0.6666666666666666,0.0,0.0,0.0
CBB0365,2010-02-22,-0.014366322119823138,logon_count (z=0.60),6,5,5,0.6666666666666666,0.0,0.0,0.0
CBB0365,2010-02-04,-0.014366322119823138,logon_count (z=0.60),6,5,5,0.6666666666666666,0.0,0.0,0.0
LBC0356,2011-05-02,-0.014366322119823138,logon_count (z=0.82),6,5,5,0.6666666666666666,0.0,0.0,0.0
JTM0223,2010-01-04,-0.014366322119823138,after_hours_ratio (z=-0.53),6,5,5,0.6666666666666666,0.0,0.0,0.0
JTM0223,2010-01-08,-0.014366322119823138,after_hours_ratio (z=-0.53),6,5,5,0.6666666666666666,0.0,0.0,0.0
JTM0223,2010-02-03,-0.014366322119823138,after_hours_ratio (z=-0.53),6,5,5,0.6666666666666666,0.0,0.0,0.0
JTM0223,2010-07-12,-0.014366322119823138,after_hours_ratio (z=-0.53),6,5,5,0.6666666666666666,0.0,0.0,0.0
CBB0365,2010-08-23,-0.014366322119823138,logon_count (z=0.60),6,5,5,0.6666666666666666,0.0,0.0,0.0
WDD0366,2010-09-24,-0.014366322119823138,logon_count (z=0.86),6,5,5,0.6666666666666666,0.0,0.0,0.0
LBC0356,2011-04-14,-0.014366322119823138,logon_count (z=0.82),6,5,5,0.6666666666666666,0.0,0.0,0.0
JTM0223,2010-06-10,-0.014366322119823138,after_hours_ratio (z=-0.53),6,5,5,0.6666666666666666,0.0,0.0,0.0
CBB0365,2011-01-14,-0.014366322119823138,logon_count (z=0.60),6,5,5,0.6666666666666666,0.0,0.0,0.0
LBC0356,2010-01-20,-0.014366322119823138,logon_count (z=0.82),6,5,5,0.6666666666666666,0.0,0.0,0.0
LBC0356,2011-02-24,-0.014366322119823138,logon_count (z=0.82),6,5,5,0.6666666666666666,0.0,0.0,0.0
JTM0223,2010-07-01,-0.014366322119823138,after_hours_ratio (z=-0.53),6,5,5,0.6666666666666666,0.0,0.0,0.0
EIS0041,2010-04-12,-0.01434724836630441,logon_count (z=-1.22),3,3,3,0.6666666666666666,3.0,13.0,13.0
MCD0125,2010-02-08,-0.014289458909741093,after_hours_ratio (z=4.95),2,2,2,1.5,1.0,15.0,15.0
IBB0359,2011-03-29,-0.01417295241083738,after_hours_ratio (z=-1.03),4,3,3,0.5,10.0,4.0,4.0
IBB0359,2010-05-24,-0.01417295241083738,after_hours_ratio (z=-1.03),4,3,3,0.5,10.0,4.0,4.0
DMG0358,2010-08-20,-0.014098086305922464,after_hours_ratio (z=-1.75),6,5,5,0.16666666666666666,0.0,0.0,0.0
CCA0046,2010-01-29,-0.014080756634973324,unique_pcs (z=-0.68),3,3,3,1.3333333333333333,4.0,9.0,9.0
DLM0051,2010-11-18,-0.014072108826225671,logoff_count (z=2.19),2,2,2,0.5,8.0,19.0,19.0
BJM0111,2010-04-27,-0.014068241070433252,logoff_count (z=2.35),2,2,1,0.5,8.0,25.0,25.0
MAS0025,2010-09-22,-0.014005970820516245,device_connects (z=8.52),2,2,1,1.0,5.0,16.0,16.0
CAS0507,2011-04-06,-0.013999169589805849,unique_pcs (z=1.47),2,2,2,0.0,2.0,27.0,27.0
CAS0507,2010-10-19,-0.013999169589805849,unique_pcs (z=1.47),2,2,2,0.0,2.0,27.0,27.0
CAS0507,2010-07-22,-0.013999169589805849,unique_pcs (z=1.47),2,2,2,0.0,2.0,27.0,27.0
ILH0958,2010-10-28,-0.013999169589805849,device_connects (z=2.37),2,2,2,0.0,2.0,27.0,27.0
DFH0188,2011-01-07,-0.013999169589805849,logoff_count (z=1.75),2,2,2,0.0,2.0,27.0,27.0
ILH0958,2011-04-05,-0.013999169589805849,device_connects (z=2.37),2,2,2,0.0,2.0,27.0,27.0
AIP0982,2010-05-20,-0.013999169589805849,logoff_count (z=4.26),2,2,2,0.0,2.0,27.0,27.0
CAS0507,2010-05-13,-0.013999169589805849,unique_pcs (z=1.47),2,2,2,0.0,2.0,27.0,27.0
DFH0188,2010-07-22,-0.013999169589805849,logoff_count (z=1.75),2,2,2,0.0,2.0,27.0,27.0
DFH0188,2010-04-30,-0.013999169589805849,logoff_count (z=1.75),2,2,2,0.0,2.0,27.0,27.0
DFH0188,2010-12-09,-0.013999169589805849,logoff_count (z=1.75),2,2,2,0.0,2.0,27.0,27.0
EIS0041,2010-10-13,-0.013883754236810653,file_count (z=-1.02),4,4,4,1.0,5.0,3.0,3.0
IBB0359,2011-01-03,-0.01387710115547347,unique_pcs (z=-1.35),4,3,2,1.0,9.0,4.0,4.0
DFH0188,2010-04-16,-0.013862592456375666,logon_count (z=2.16),3,2,2,0.0,2.0,23.0,23.0
BSS0369,2010-03-30,-0.013850614238788639,device_connects (z=-1.45),2,2,2,1.0,9.0,11.0,11.0
MDM0625,2010-09-14,-0.013844908454446525,logoff_count (z=2.14),2,2,2,0.0,7.0,25.0,25.0
AVM0947,2010-02-17,-0.013844908454446525,logon_count (z=3.30),2,2,2,0.0,7.0,25.0,25.0
XWD0923,2010-10-18,-0.01370378623173596,logon_count (z=-1.74),1,1,1,1.0,2.0,22.0,22.0
AIB0948,2010-10-18,-0.013690673555212585,logon_count (z=3.60),4,3,3,0.0,10.0,3.0,3.0
BAL0044,2011-03-31,-0.013685741483072777,file_count (z=-1.07),5,4,4,0.8,3.0,1.0,1.0
BAL0044,2011-04-21,-0.013685741483072777,file_count (z=-1.07),5,4,4,0.8,3.0,1.0,1.0
SAA0999,2010-02-19,-0.01363532350892871,after_hours_ratio (z=2.05),1,1,1,1.0,9.0,23.0,23.0
SAA0999,2010-01-06,-0.01363532350892871,after_hours_ratio (z=2.05),1,1,1,1.0,9.0,23.0,23.0
SAA0999,2010-03-29,-0.01363532350892871,after_hours_ratio (z=2.05),1,1,1,1.0,9.0,23.0,23.0
SAA0999,2010-02-08,-0.01363532350892871,after_hours_ratio (z=2.05),1,1,1,1.0,9.0,23.0,23.0
SAA0999,2010-04-06,-0.01363532350892871,after_hours_ratio (z=2.05),1,1,1,1.0,9.0,23.0,23.0
BMG0917,2011-05-13,-0.01363532350892871,logon_count (z=-1.73),1,1,1,1.0,9.0,23.0,23.0
WIF0691,2010-06-28,-0.01363532350892871,logon_count (z=-1.77),1,1,1,1.0,9.0,23.0,23.0
SAA0999,2010-07-15,-0.01363532350892871,after_hours_ratio (z=2.05),1,1,1,1.0,9.0,23.0,23.0
WIF0691,2010-02-23,-0.01363532350892871,logon_count (z=-1.77),1,1,1,1.0,9.0,23.0,23.0
BMG0917,2010-01-22,-0.01363532350892871,logon_count (z=-1.73),1,1,1,1.0,9.0,23.0,23.0
SAA0999,2011-04-06,-0.01363532350892871,after_hours_ratio (z=2.05),1,1,1,1.0,9.0,23.0,23.0
BMG0917,2010-10-20,-0.01363532350892871,logon_count (z=-1.73),1,1,1,1.0,9.0,23.0,23.0
BMG0917,2010-03-04,-0.01363532350892871,logon_count (z=-1.73),1,1,1,1.0,9.0,23.0,23.0
BMG0917,2010-08-12,-0.01363532350892871,logon_count (z=-1.73),1,1,1,1.0,9.0,23.0,23.0
CAS0507,2010-06-24,-0.013634295919965678,logon_count (z=1.77),3,2,1,0.0,2.0,27.0,27.0
PAD0773,2010-03-08,-0.013621517215546275,device_connects (z=2.66),3,2,2,0.0,2.0,24.0,24.0
DFH0188,2010-05-14,-0.013621517215546275,logon_count (z=2.16),3,2,2,0.0,2.0,24.0,24.0
LBC0356,2010-12-02,-0.013557087874218277,after_hours_ratio (z=1.20),6,5,5,1.3333333333333333,0.0,0.0,0.0
CBB0365,2010-01-21,-0.013557087874218277,after_hours_ratio (z=1.25),6,5,5,1.3333333333333333,0.0,0.0,0.0
LBC0356,2011-03-11,-0.013557087874218277,after_hours_ratio (z=1.20),6,5,5,1.3333333333333333,0.0,0.0,0.0
LBC0356,2011-02-11,-0.013557087874218277,after_hours_ratio (z=1.20),6,5,5,1.3333333333333333,0.0,0.0,0.0
JTM0223,2010-02-05,-0.013557087874218277,after_hours_ratio (z=1.33),6,5,5,1.3333333333333333,0.0,0.0,0.0
JTM0223,2010-03-25,-0.013557087874218277,after_hours_ratio (z=1.33),6,5,5,1.3333333333333333,0.0,0.0,0.0
CBB0365,2011-02-10,-0.013557087874218277,after_hours_ratio (z=1.25),6,5,5,1.3333333333333333,0.0,0.0,0.0
CBB0365,2011-02-03,-0.013557087874218277,after_hours_ratio (z=1.25),6,5,5,1.3333333333333333,0.0,0.0,0.0
CBB0365,2010-01-12,-0.013557087874218277,after_hours_ratio (z=1.25),6,5,5,1.3333333333333333,0.0,0.0,0.0
CBB0365,2010-05-11,-0.013557087874218277,after_hours_ratio (z=1.25),6,5,5,1.3333333333333333,0.0,0.0,0.0
LBC0356,2011-01-27,-0.013557087874218277,after_hours_ratio (z=1.20),6,5,5,1.3333333333333333,0.0,0.0,0.0
LBC0356,2010-10-12,-0.013557087874218277,after_hours_ratio (z=1.20),6,5,5,1.3333333333333333,0.0,0.0,0.0
LBC0356,2010-09-22,-0.013557087874218277,after_hours_ratio (z=1.20),6,5,5,1.3333333333333333,0.0,0.0,0.0
LBC0356,2010-10-05,-0.013557087874218277,after_hours_ratio (z=1.20),6,5,5,1.3333333333333333,0.0,0.0,0.0
LBC0356,2010-01-19,-0.013557087874218277,after_hours_ratio (z=1.20),6,5,5,1.3333333333333333,0.0,0.0,0.0
DMG0358,2010-05-24,-0.013557087874218277,after_hours_ratio (z=1.03),6,5,5,1.3333333333333333,0.0,0.0,0.0
WDD0366,2011-01-24,-0.013557087874218277,after_hours_ratio (z=1.13),6,5,5,1.3333333333333333,0.0,0.0,0.0
WDD0366,2010-11-11,-0.013557087874218277,after_hours_ratio (z=1.13),6,5,5,1.3333333333333333,0.0,0.0,0.0
DMG0358,2010-06-24,-0.013557087874218277,after_hours_ratio (z=1.03),6,5,5,1.3333333333333333,0.0,0.0,0.0
DMG0358,2010-02-24,-0.013557087874218277,after_hours_ratio (z=1.03),6,5,5,1.3333333333333333,0.0,0.0,0.0
DMG0358,2010-10-29,-0.013557087874218277,after_hours_ratio (z=1.03),6,5,5,1.3333333333333333,0.0,0.0,0.0
DMG0358,2010-11-02,-0.013557087874218277,after_hours_ratio (z=1.03),6,5,5,1.3333333333333333,0.0,0.0,0.0
WDD0366,2010-12-15,-0.013557087874218277,after_hours_ratio (z=1.13),6,5,5,1.3333333333333333,0.0,0.0,0.0
LBC0356,2010-10-18,-0.013557087874218277,after_hours_ratio (z=1.20),6,5,5,1.3333333333333333,0.0,0.0,0.0
LBC0356,2010-12-29,-0.013557087874218277,after_hours_ratio (z=1.20),6,5,5,1.3333333333333333,0.0,0.0,0.0
DMG0358,2010-01-25,-0.013557087874218277,after_hours_ratio (z=1.03),6,5,5,1.3333333333333333,0.0,0.0,0.0
LBC0356,2010-07-01,-0.013557087874218277,after_hours_ratio (z=1.20),6,5,5,1.3333333333333333,0.0,0.0,0.0
DMG0358,2011-03-15,-0.013557087874218277,after_hours_ratio (z=1.03),6,5,5,1.3333333333333333,0.0,0.0,0.0
DMG0358,2011-02-08,-0.013557087874218277,after_hours_ratio (z=1.03),6,5,5,1.3333333333333333,0.0,0.0,0.0
DMG0358,2010-12-22,-0.013557087874218277,after_hours_ratio (z=1.03),6,5,5,1.3333333333333333,0.0,0.0,0.0
DMG0358,2010-12-17,-0.013557087874218277,after_hours_ratio (z=1.03),6,5,5,1.3333333333333333,0.0,0.0,0.0
WDD0366,2010-10-29,-0.013557087874218277,after_hours_ratio (z=1.13),6,5,5,1.3333333333333333,0.0,0.0,0.0
WDD0366,2010-10-22,-0.013557087874218277,after_hours_ratio (z=1.13),6,5,5,1.3333333333333333,0.0,0.0,0.0
WDD0366,2010-06-29,-0.013557087874218277,after_hours_ratio (z=1.13),6,5,5,1.3333333333333333,0.0,0.0,0.0
WDD0366,2010-05-25,-0.013557087874218277,after_hours_ratio (z=1.13),6,5,5,1.3333333333333333,0.0,0.0,0.0
WDD0366,2010-10-01,-0.013557087874218277,after_hours_ratio (z=1.13),6,5,5,1.3333333333333333,0.0,0.0,0.0
DMG0358,2011-03-25,-0.013557087874218277,after_hours_ratio (z=1.03),6,5,5,1.3333333333333333,0.0,0.0,0.0
DMG0358,2011-03-04,-0.013557087874218277,after_hours_ratio (z=1.03),6,5,5,1.3333333333333333,0.0,0.0,0.0
DMG0358,2010-12-10,-0.013557087874218277,after_hours_ratio (z=1.03),6,5,5,1.3333333333333333,0.0,0.0,0.0
WDD0366,2011-01-19,-0.013557087874218277,after_hours_ratio (z=1.13),6,5,5,1.3333333333333333,0.0,0.0,0.0
JTM0223,2010-07-14,-0.013557087874218277,after_hours_ratio (z=1.33),6,5,5,1.3333333333333333,0.0,0.0,0.0
JTM0223,2010-06-11,-0.013557087874218277,after_hours_ratio (z=1.33),6,5,5,1.3333333333333333,0.0,0.0,0.0
CBB0365,2010-10-08,-0.013557087874218277,after_hours_ratio (z=1.25),6,5,5,1.3333333333333333,0.0,0.0,0.0
CBB0365,2010-09-09,-0.013557087874218277,after_hours_ratio (z=1.25),6,5,5,1.3333333333333333,0.0,0.0,0.0
CBB0365,2011-04-15,-0.013557087874218277,after_hours_ratio (z=1.25),6,5,5,1.3333333333333333,0.0,0.0,0.0
LBC0356,2010-10-06,-0.013557087874218277,after_hours_ratio (z=1.20),6,5,5,1.3333333333333333,0.0,0.0,0.0
LBC0356,2010-06-17,-0.013557087874218277,after_hours_ratio (z=1.20),6,5,5,1.3333333333333333,0.0,0.0,0.0
WDD0366,2010-02-22,-0.013557087874218277,after_hours_ratio (z=1.13),6,5,5,1.3333333333333333,0.0,0.0,0.0
WDD0366,2010-03-30,-0.013557087874218277,after_hours_ratio (z=1.13),6,5,5,1.3333333333333333,0.0,0.0,0.0
LBC0356,2010-05-18,-0.013557087874218277,after_hours_ratio (z=1.20),6,5,5,1.3333333333333333,0.0,0.0,0.0
LBC0356,2010-04-19,-0.013557087874218277,after_hours_ratio (z=1.20),6,5,5,1.3333333333333333,0.0,0.0,0.0
LBC0356,2010-03-19,-0.013557087874218277,after_hours_ratio (z=1.20),6,5,5,1.3333333333333333,0.0,0.0,0.0
LBC0356,2010-03-08,-0.013557087874218277,after_hours_ratio (z=1.20),6,5,5,1.3333333333333333,0.0,0.0,0.0
CBB0365,2010-06-16,-0.013557087874218277,after_hours_ratio (z=1.25),6,5,5,1.3333333333333333,0.0,0.0,0.0
DMG0358,2011-04-25,-0.013557087874218277,after_hours_ratio (z=1.03),6,5,5,1.3333333333333333,0.0,0.0,0.0
DMG0358,2010-10-25,-0.013557087874218277,after_hours_ratio (z=1.03),6,5,5,1.3333333333333333,0.0,0.0,0.0
DMG0358,2010-07-19,-0.013557087874218277,after_hours_ratio (z=1.03),6,5,5,1.3333333333333333,0.0,0.0,0.0
DMG0358,2010-10-07,-0.013557087874218277,after_hours_ratio (z=1.03),6,5,5,1.3333333333333333,0.0,0.0,0.0
DMG0358,2011-02-07,-0.013557087874218277,after_hours_ratio (z=1.03),6,5,5,1.3333333333333333,0.0,0.0,0.0
LBC0356,2010-02-18,-0.013557087874218277,after_hours_ratio (z=1.20),6,5,5,1.3333333333333333,0.0,0.0,0.0
LBC0356,2010-05-13,-0.013557087874218277,after_hours_ratio (z=1.20),6,5,5,1.3333333333333333,0.0,0.0,0.0
XWD0923,2010-09-14,-0.01352328224738708,logon_count (z=-1.74),1,1,1,1.0,2.0,21.0,21.0
DLM0051,2011-03-02,-0.013444299658213699,file_count (z=-2.77),1,1,1,1.0,8.0,17.0,17.0
TDS0984,2010-01-08,-0.013380523515028275,device_connects (z=2.52),3,2,2,0.0,2.0,21.0,21.0
IBB0359,2010-07-01,-0.013304648756990667,after_hours_ratio (z=-1.47),3,2,2,0.3333333333333333,10.0,11.0,11.0
MOS0047,2010-04-16,-0.013299234432355589,file_count (z=-1.36),5,4,4,0.8,5.0,0.0,0.0
AIB0948,2011-05-13,-0.013275536740869454,logon_count (z=3.60),4,3,3,0.0,7.0,8.0,8.0
HDS0367,2010-04-12,-0.013267579692526565,logon_count (z=-1.19),3,3,3,1.3333333333333333,3.0,10.0,10.0
IBB0359,2010-08-20,-0.013244457112715935,after_hours_ratio (z=-2.34),4,3,3,0.0,10.0,4.0,4.0
CCA0046,2010-02-15,-0.013222679233716228,after_hours_ratio (z=-1.45),4,4,4,0.5,2.0,7.0,7.0
BAL0044,2010-12-06,-0.013221883965053305,after_hours_ratio (z=1.57),4,4,4,1.5,2.0,1.0,1.0
HRL0540,2011-02-25,-0.013211640444535933,logoff_count (z=3.58),2,2,2,1.5,9.0,6.0,6.0
HRL0540,2010-12-14,-0.013211640444535933,logoff_count (z=3.58),2,2,2,1.5,9.0,6.0,6.0
XWD0923,2010-01-18,-0.01318608961570289,logon_count (z=-1.74),1,1,1,1.0,3.0,24.0,24.0
IBB0359,2010-08-19,-0.013184573899338692,unique_pcs (z=-1.35),3,3,2,1.3333333333333333,9.0,3.0,3.0
HDS0367,2010-04-22,-0.0129757066381615,logoff_count (z=-0.69),4,3,3,1.0,4.0,9.0,9.0
EIS0041,2010-08-10,-0.012948720375870804,file_count (z=-1.29),5,4,4,1.2,3.0,1.0,1.0
BMG0917,2010-08-23,-0.012912572913382658,logon_count (z=-1.73),1,1,1,1.0,9.0,17.0,17.0
BMG0917,2011-02-15,-0.012912572913382658,logon_count (z=-1.73),1,1,1,1.0,9.0,17.0,17.0
HDS0367,2010-05-14,-0.012885780360352372,logoff_count (z=-0.69),4,3,3,1.0,3.0,10.0,10.0
HDS0367,2010-03-29,-0.012885780360352372,logoff_count (z=-0.69),4,3,3,1.0,3.0,10.0,10.0
QRM0739,2010-09-27,-0.012845402548945284,logon_count (z=4.14),2,2,2,0.0,9.0,25.0,25.0
QRM0739,2010-11-22,-0.012845402548945284,logon_count (z=4.14),2,2,2,0.0,9.0,25.0,25.0
DLM0051,2010-09-24,-0.012845402548945284,logoff_count (z=2.19),2,2,2,0.0,9.0,25.0,25.0
BJP0134,2010-08-09,-0.012845402548945284,logoff_count (z=8.25),2,2,2,0.0,9.0,25.0,25.0
AVM0947,2010-10-19,-0.012845402548945284,logon_count (z=3.30),2,2,2,0.0,9.0,25.0,25.0
MDM0625,2011-03-30,-0.012845402548945284,logoff_count (z=2.14),2,2,2,0.0,9.0,25.0,25.0
MDM0625,2010-03-10,-0.012801167429124738,file_count (z=-2.47),3,2,2,0.0,8.0,16.0,16.0
HRL0540,2010-04-27,-0.012786951291150372,logoff_count (z=3.58),3,2,2,1.0,9.0,6.0,6.0
IBB0359,2010-01-11,-0.012786951291150372,logoff_count (z=-1.37),3,2,2,1.0,9.0,6.0,6.0
BMG0917,2010-11-24,-0.012773026256946984,logoff_count (z=4.28),3,2,1,0.3333333333333333,9.0,18.0,18.0
CAS0507,2010-10-21,-0.012702257602676847,device_connects (z=2.10),2,2,2,0.0,3.0,27.0,27.0
DFH0188,2011-04-04,-0.012702257602676847,device_connects (z=1.90),2,2,2,0.0,3.0,27.0,27.0
GNS0178,2010-11-23,-0.012702257602676847,device_connects (z=3.81),2,2,2,0.0,3.0,27.0,27.0
CAS0507,2010-02-15,-0.012702257602676847,device_connects (z=2.10),2,2,2,0.0,3.0,27.0,27.0
WIF0691,2011-04-18,-0.012637176593293886,device_connects (z=2.29),2,1,1,0.5,10.0,27.0,27.0
BAL0044,2010-06-09,-0.012609329372761602,device_connects (z=-0.85),4,3,3,1.0,2.0,10.0,10.0
HRL0540,2010-05-18,-0.012568021821548037,logoff_count (z=3.58),2,2,2,1.5,8.0,7.0,7.0
CLB0774,2010-04-28,-0.012551653541192254,logoff_count (z=2.04),1,2,1,1.0,8.0,13.0,13.0
IBB0359,2011-04-06,-0.012391201402717544,logon_count (z=-1.80),2,2,2,1.0,10.0,8.0,8.0
BSS0369,2010-07-08,-0.012391201402717544,logon_count (z=-1.39),2,2,2,1.0,10.0,8.0,8.0
BSS0369,2010-09-28,-0.012391201402717544,logon_count (z=-1.39),2,2,2,1.0,10.0,8.0,8.0
BSS0369,2010-03-17,-0.012391201402717544,logon_count (z=-1.39),2,2,2,1.0,10.0,8.0,8.0
PNH0761,2010-04-07,-0.012362417377628887,device_connects (z=2.58),2,2,1,0.5,2.0,25.0,25.0
BMG0917,2011-02-23,-0.012241141644216191,logon_count (z=2.45),3,1,1,0.6666666666666666,9.0,21.0,21.0
CAS0507,2010-12-28,-0.012176777152140161,logon_count (z=1.77),3,2,2,0.0,2.0,22.0,22.0
DFH0188,2010-12-03,-0.012176777152140161,logon_count (z=2.16),3,2,2,0.0,2.0,22.0,22.0
DFH0188,2010-02-15,-0.012176777152140161,logon_count (z=2.16),3,2,2,0.0,2.0,22.0,22.0
BJM0111,2010-01-15,-0.012129145224382132,logoff_count (z=2.35),2,2,1,0.5,6.0,20.0,20.0
BAJ0654,2010-08-11,-0.012018346543999359,device_connects (z=2.55),1,1,1,1.0,2.0,23.0,23.0
BAJ0654,2011-03-14,-0.012018346543999359,device_connects (z=2.55),1,1,1,1.0,2.0,23.0,23.0
XWD0923,2010-08-02,-0.012018346543999359,logon_count (z=-1.74),1,1,1,1.0,2.0,23.0,23.0
BSS0369,2010-01-03,-0.011959998033224783,device_connects (z=-1.45),2,2,2,1.0,9.0,10.0,10.0
IBB0359,2010-07-14,-0.01188865629771163,logoff_count (z=-1.37),3,2,2,0.6666666666666666,9.0,11.0,11.0
BSS0369,2010-04-16,-0.011850344306757465,file_count (z=-0.91),3,3,3,0.6666666666666666,11.0,4.0,4.0
BSS0369,2010-02-10,-0.011850344306757465,file_count (z=-0.91),3,3,3,0.6666666666666666,11.0,4.0,4.0
XWD0923,2010-12-20,-0.011838269496786014,logon_count (z=-1.74),1,1,1,1.0,3.0,21.0,21.0
FTM0406,2010-12-01,-0.011718766135295322,device_connects (z=10.94),2,2,1,1.0,8.0,13.0,13.0
GTD0219,2010-02-09,-0.011698100724628735,after_hours_ratio (z=-0.99),3,3,3,0.6666666666666666,4.0,12.0,12.0
THR0873,2010-04-16,-0.01159271244472948,unique_pcs (z=6.50),2,2,2,0.0,8.0,26.0,26.0
AVM0947,2011-04-04,-0.01159271244472948,logon_count (z=3.30),2,2,2,0.0,8.0,26.0,26.0
CAS0507,2010-11-11,-0.011526706515548435,after_hours_ratio (z=5.78),2,2,1,0.5,1.0,25.0,25.0
EIS0041,2010-10-15,-0.011457757592700957,after_hours_ratio (z=-1.09),4,3,3,0.5,4.0,11.0,11.0
EIS0041,2010-10-28,-0.011429379270553097,logon_count (z=-1.89),2,2,2,1.0,3.0,16.0,16.0
BSS0369,2010-02-16,-0.011369636364501945,file_count (z=-0.91),3,3,3,0.6666666666666666,10.0,4.0,4.0
IBB0359,2010-02-17,-0.011369636364501945,logon_count (z=-1.15),3,3,3,0.6666666666666666,10.0,4.0,4.0
IBB0359,2010-04-30,-0.011369636364501945,logon_count (z=-1.15),3,3,3,0.6666666666666666,10.0,4.0,4.0
CCA0046,2010-03-26,-0.011314891734824695,file_count (z=-0.94),4,4,4,1.0,5.0,2.0,2.0
MDM0625,2011-03-01,-0.011211811048611908,logoff_count (z=2.14),2,2,2,0.0,9.0,20.0,20.0
QRM0739,2011-04-05,-0.011211811048611908,logon_count (z=4.14),2,2,2,0.0,9.0,20.0,20.0
XWD0923,2010-01-11,-0.011166078027482262,logon_count (z=-1.74),1,1,1,1.0,1.0,24.0,24.0
BAJ0654,2010-03-15,-0.011166078027482262,file_count (z=1.30),1,1,1,1.0,1.0,24.0,24.0
BAJ0654,2010-05-03,-0.011166078027482262,file_count (z=1.30),1,1,1,1.0,1.0,24.0,24.0
BAJ0654,2010-01-07,-0.011166078027482262,file_count (z=1.30),1,1,1,1.0,1.0,24.0,24.0
BAJ0654,2010-11-09,-0.011166078027482262,file_count (z=1.30),1,1,1,1.0,1.0,24.0,24.0
XWD0923,2010-06-28,-0.011166078027482262,logon_count (z=-1.74),1,1,1,1.0,1.0,24.0,24.0
BSS0369,2010-08-27,-0.010889253552660016,file_count (z=-1.07),3,3,3,0.6666666666666666,11.0,3.0,3.0
QRM0739,2010-10-21,-0.010872033801654135,logon_count (z=4.14),2,2,2,0.0,8.0,25.0,25.0
BAL0044,2010-08-25,-0.010834545949922614,after_hours_ratio (z=-1.31),5,4,4,0.4,3.0,1.0,1.0
BAL0044,2011-03-04,-0.010834545949922614,after_hours_ratio (z=-1.31),5,4,4,0.4,3.0,1.0,1.0
CLB0774,2010-10-22,-0.010687431244225887,logoff_count (z=2.04),2,2,1,0.5,9.0,21.0,21.0
ILH0958,2010-01-22,-0.010650873892391721,file_count (z=1.54),2,2,2,0.0,1.0,27.0,27.0
ILH0958,2010-04-26,-0.010650873892391721,file_count (z=1.54),2,2,2,0.0,1.0,27.0,27.0
PAD0773,2010-12-20,-0.010650873892391721,logoff_count (z=1.90),2,2,2,0.0,1.0,27.0,27.0
PAD0773,2010-11-12,-0.010650873892391721,logoff_count (z=1.90),2,2,2,0.0,1.0,27.0,27.0
PAD0773,2010-10-01,-0.010650873892391721,logoff_count (z=1.90),2,2,2,0.0,1.0,27.0,27.0
CAS0507,2011-04-26,-0.010650873892391721,unique_pcs (z=1.47),2,2,2,0.0,1.0,27.0,27.0
DFH0188,2010-05-20,-0.010650873892391721,logoff_count (z=1.75),2,2,2,0.0,1.0,27.0,27.0
CAS0507,2010-04-05,-0.010650873892391721,unique_pcs (z=1.47),2,2,2,0.0,1.0,27.0,27.0
CAS0507,2010-05-20,-0.010650873892391721,unique_pcs (z=1.47),2,2,2,0.0,1.0,27.0,27.0
DFH0188,2010-03-18,-0.010650873892391721,logoff_count (z=1.75),2,2,2,0.0,1.0,27.0,27.0
DFH0188,2010-04-27,-0.010650873892391721,logoff_count (z=1.75),2,2,2,0.0,1.0,27.0,27.0
TDS0984,2010-03-07,-0.010650873892391721,logoff_count (z=2.37),2,2,2,0.0,1.0,27.0,27.0
ILH0958,2010-06-21,-0.010650873892391721,file_count (z=1.54),2,2,2,0.0,1.0,27.0,27.0
ILH0958,2010-12-21,-0.010650873892391721,file_count (z=1.54),2,2,2,0.0,1.0,27.0,27.0
TDS0984,2010-06-16,-0.010650873892391721,logoff_count (z=2.37),2,2,2,0.0,1.0,27.0,27.0
TDS0984,2010-08-02,-0.010650873892391721,logoff_count (z=2.37),2,2,2,0.0,1.0,27.0,27.0
DFH0188,2010-12-20,-0.010650873892391721,logoff_count (z=1.75),2,2,2,0.0,1.0,27.0,27.0
CAS0507,2010-06-07,-0.010650873892391721,unique_pcs (z=1.47),2,2,2,0.0,1.0,27.0,27.0
CAS0507,2010-03-23,-0.010650873892391721,unique_pcs (z=1.47),2,2,2,0.0,1.0,27.0,27.0
CAS0507,2010-06-22,-0.010650873892391721,unique_pcs (z=1.47),2,2,2,0.0,1.0,27.0,27.0
CAS0507,2010-01-11,-0.010650873892391721,unique_pcs (z=1.47),2,2,2,0.0,1.0,27.0,27.0
CAS0507,2010-01-27,-0.010650873892391721,unique_pcs (z=1.47),2,2,2,0.0,1.0,27.0,27.0
CAS0507,2011-04-04,-0.010650873892391721,unique_pcs (z=1.47),2,2,2,0.0,1.0,27.0,27.0
CAS0507,2011-03-15,-0.010650873892391721,unique_pcs (z=1.47),2,2,2,0.0,1.0,27.0,27.0
CAS0507,2011-04-07,-0.010650873892391721,unique_pcs (z=1.47),2,2,2,0.0,1.0,27.0,27.0
DFH0188,2010-05-21,-0.010650873892391721,logoff_count (z=1.75),2,2,2,0.0,1.0,27.0,27.0
DFH0188,2010-06-07,-0.010650873892391721,logoff_count (z=1.75),2,2,2,0.0,1.0,27.0,27.0
DFH0188,2010-08-04,-0.010650873892391721,logoff_count (z=1.75),2,2,2,0.0,1.0,27.0,27.0
AIP0982,2011-03-30,-0.010650873892391721,logoff_count (z=4.26),2,2,2,0.0,1.0,27.0,27.0
AIP0982,2010-06-23,-0.010650873892391721,logoff_count (z=4.26),2,2,2,0.0,1.0,27.0,27.0
CAS0507,2010-09-13,-0.010650873892391721,unique_pcs (z=1.47),2,2,2,0.0,1.0,27.0,27.0
CAS0507,2011-01-31,-0.010650873892391721,unique_pcs (z=1.47),2,2,2,0.0,1.0,27.0,27.0
CAS0507,2010-09-29,-0.010650873892391721,unique_pcs (z=1.47),2,2,2,0.0,1.0,27.0,27.0
CAS0507,2010-12-06,-0.010650873892391721,unique_pcs (z=1.47),2,2,2,0.0,1.0,27.0,27.0
PAD0773,2010-03-22,-0.010650873892391721,logoff_count (z=1.90),2,2,2,0.0,1.0,27.0,27.0
DFH0188,2010-03-23,-0.010650873892391721,logoff_count (z=1.75),2,2,2,0.0,1.0,27.0,27.0
DFH0188,2010-03-04,-0.010650873892391721,logoff_count (z=1.75),2,2,2,0.0,1.0,27.0,27.0
ESH0283,2010-07-15,-0.010650873892391721,logon_count (z=2.98),2,2,2,0.0,1.0,27.0,27.0
ESH0283,2010-11-12,-0.010650873892391721,logon_count (z=2.98),2,2,2,0.0,1.0,27.0,27.0
ESJ0670,2010-12-20,-0.010650873892391721,logon_count (z=3.11),2,2,2,0.0,1.0,27.0,27.0
ESJ0670,2011-02-28,-0.010650873892391721,logon_count (z=3.11),2,2,2,0.0,1.0,27.0,27.0
ESH0283,2010-06-07,-0.010650873892391721,logon_count (z=2.98),2,2,2,0.0,1.0,27.0,27.0
GNS0178,2010-11-17,-0.010650873892391721,unique_pcs (z=3.52),2,2,2,0.0,1.0,27.0,27.0
GNS0178,2010-11-10,-0.010650873892391721,unique_pcs (z=3.52),2,2,2,0.0,1.0,27.0,27.0
GNS0178,2010-11-03,-0.010650873892391721,unique_pcs (z=3.52),2,2,2,0.0,1.0,27.0,27.0
GNS0178,2010-09-14,-0.010650873892391721,unique_pcs (z=3.52),2,2,2,0.0,1.0,27.0,27.0
HRB0351,2010-05-30,-0.010650873892391721,logoff_count (z=3.05),2,2,2,0.0,1.0,27.0,27.0
ESH0283,2010-10-13,-0.010650873892391721,logon_count (z=2.98),2,2,2,0.0,1.0,27.0,27.0
ESH0283,2011-01-14,-0.010650873892391721,logon_count (z=2.98),2,2,2,0.0,1.0,27.0,27.0
GNS0178,2010-12-20,-0.010650873892391721,unique_pcs (z=3.52),2,2,2,0.0,1.0,27.0,27.0
PAD0773,2010-03-24,-0.010650873892391721,logoff_count (z=1.90),2,2,2,0.0,1.0,27.0,27.0
PAD0773,2010-01-14,-0.010650873892391721,logoff_count (z=1.90),2,2,2,0.0,1.0,27.0,27.0
RRC0553,2010-01-08,-0.010650873892391721,logoff_count (z=8.60),2,2,2,0.0,1.0,27.0,27.0
PAD0773,2011-01-31,-0.010650873892391721,logoff_count (z=1.90),2,2,2,0.0,1.0,27.0,27.0
PAD0773,2010-05-20,-0.010650873892391721,logoff_count (z=1.90),2,2,2,0.0,1.0,27.0,27.0
CCA0046,2010-08-20,-0.010590430714198296,file_count (z=-0.79),4,4,4,1.25,3.0,3.0,3.0
GNS0178,2010-01-28,-0.010565352184747412,unique_pcs (z=3.52),3,2,2,0.0,1.0,24.0,24.0
HRB0351,2010-06-11,-0.010565352184747412,logoff_count (z=3.05),3,2,2,0.0,1.0,23.0,23.0
EAH0466,2010-01-14,-0.010565352184747412,logoff_count (z=2.74),3,2,2,0.0,1.0,23.0,23.0
HRB0351,2011-01-13,-0.010565352184747412,logoff_count (z=3.05),3,2,2,0.0,1.0,23.0,23.0
HRB0351,2010-09-28,-0.010565352184747412,logoff_count (z=3.05),3,2,2,0.0,1.0,23.0,23.0
GNS0178,2010-01-06,-0.010565352184747412,unique_pcs (z=3.52),3,2,2,0.0,1.0,23.0,23.0
TDS0984,2010-01-29,-0.010565352184747412,logon_count (z=2.43),3,2,2,0.0,1.0,23.0,23.0
HRB0351,2011-03-22,-0.010565352184747412,logoff_count (z=3.05),3,2,2,0.0,1.0,23.0,23.0
ILH0958,2011-02-04,-0.010565352184747412,logon_count (z=1.71),3,2,2,0.0,1.0,23.0,23.0
ILH0958,2010-03-12,-0.010565352184747412,logon_count (z=1.71),3,2,2,0.0,1.0,24.0,24.0
DFH0188,2011-04-07,-0.010565352184747412,logon_count (z=2.16),3,2,2,0.0,1.0,23.0,23.0
TDS0984,2010-12-08,-0.010565352184747412,logon_count (z=2.43),3,2,2,0.0,1.0,23.0,23.0
TDS0984,2010-10-22,-0.010565352184747412,logon_count (z=2.43),3,2,2,0.0,1.0,24.0,24.0
DFH0188,2010-11-16,-0.010565352184747412,logon_count (z=2.16),3,2,2,0.0,1.0,24.0,24.0
ILH0958,2010-09-07,-0.010565352184747412,logon_count (z=1.71),3,2,2,0.0,1.0,23.0,23.0
ILH0958,2010-10-21,-0.010565352184747412,logon_count (z=1.71),3,2,2,0.0,1.0,24.0,24.0
DFH0188,2010-10-27,-0.010565352184747412,logon_count (z=2.16),3,2,2,0.0,1.0,23.0,23.0
DFH0188,2010-10-19,-0.010565352184747412,logon_count (z=2.16),3,2,2,0.0,1.0,24.0,24.0
CAS0507,2010-06-28,-0.010565352184747412,logon_count (z=1.77),3,2,2,0.0,1.0,24.0,24.0
CAS0507,2010-09-28,-0.010565352184747412,logon_count (z=1.77),3,2,2,0.0,1.0,23.0,23.0
JDF0593,2010-03-19,-0.010551609505879966,logoff_count (z=3.15),4,3,2,0.5,9.0,6.0,6.0
DLM0051,2010-10-15,-0.010491518778450448,logoff_count (z=2.19),2,2,2,0.0,9.0,21.0,21.0
AVM0947,2010-09-02,-0.010491518778450448,logon_count (z=3.30),2,2,2,0.0,9.0,21.0,21.0
BSS0369,2010-06-22,-0.010409195651327141,file_count (z=-1.07),3,3,3,0.6666666666666666,10.0,3.0,3.0
BSS0369,2010-06-02,-0.010409195651327141,file_count (z=-1.07),3,3,3,0.6666666666666666,10.0,3.0,3.0
XWD0923,2010-12-09,-0.010336893343291909,logon_count (z=-1.74),1,1,1,1.0,3.0,23.0,23.0
XWD0923,2010-09-27,-0.010336893343291909,logon_count (z=-1.74),1,1,1,1.0,3.0,23.0,23.0
XWD0923,2010-03-01,-0.010336893343291909,logon_count (z=-1.74),1,1,1,1.0,3.0,23.0,23.0
EIS0041,2011-05-12,-0.010277884280973093,file_count (z=-1.29),5,4,4,0.8,2.0,1.0,1.0
DFH0188,2010-10-14,-0.01025501304051557,logon_count (z=2.16),3,2,2,0.0,3.0,21.0,21.0
CAS0507,2010-08-19,-0.01025501304051557,device_connects (z=2.10),3,2,2,0.0,3.0,21.0,21.0
AIB0948,2010-01-14,-0.010226200610299108,logon_count (z=3.60),4,3,3,0.0,8.0,6.0,6.0
BAJ0654,2011-05-11,-0.010205912577596288,file_count (z=1.13),1,1,1,1.0,1.0,22.0,22.0
BAJ0654,2010-08-17,-0.010205912577596288,file_count (z=1.13),1,1,1,1.0,1.0,22.0,22.0
KCO0122,2010-09-15,-0.010157762410648918,unique_pcs (z=4.32),3,3,2,1.0,1.0,13.0,13.0
BAL0044,2010-03-29,-0.010097069625449429,after_hours_ratio (z=1.57),4,4,4,1.5,3.0,0.0,0.0
BAL0044,2010-04-08,-0.010016370926759777,after_hours_ratio (z=-1.05),4,3,3,0.5,2.0,12.0,12.0
EIS0041,2010-08-16,-0.010016370926759777,after_hours_ratio (z=-1.09),4,3,3,0.5,2.0,12.0,12.0
ZKS0899,2010-03-01,-0.010011729888008025,logon_count (z=2.80),2,2,2,0.0,9.0,19.0,19.0
AVM0947,2011-05-05,-0.010011729888008025,logon_count (z=3.30),2,2,2,0.0,9.0,19.0,19.0
IBB0359,2010-01-08,-0.010003244454361071,logoff_count (z=-1.37),3,2,2,0.6666666666666666,9.0,10.0,10.0
IBB0359,2010-05-17,-0.010003244454361071,logoff_count (z=-1.37),3,2,2,0.6666666666666666,9.0,10.0,10.0
SAA0999,2010-12-29,-0.009994380687546878,device_connects (z=2.15),2,1,1,0.5,10.0,26.0,26.0
GTD0219,2010-03-17,-0.009992297233320624,logon_count (z=-0.79),3,3,3,1.3333333333333333,4.0,8.0,8.0
IBB0359,2010-06-14,-0.009925482778030514,logon_count (z=-1.80),2,2,2,1.0,10.0,7.0,7.0
JTM0223,2010-03-08,-0.00990751702524395,logon_count (z=0.49),6,5,5,0.8333333333333334,0.0,0.0,0.0
CBB0365,2011-05-06,-0.00990751702524395,logon_count (z=0.60),6,5,5,0.8333333333333334,0.0,0.0,0.0
CBB0365,2011-04-08,-0.00990751702524395,logon_count (z=0.60),6,5,5,0.8333333333333334,0.0,0.0,0.0
DMG0358,2010-05-26,-0.00990751702524395,logon_count (z=0.81),6,5,5,0.8333333333333334,0.0,0.0,0.0
LBC0356,2010-04-06,-0.00990751702524395,logon_count (z=0.82),6,5,5,0.8333333333333334,0.0,0.0,0.0
WDD0366,2010-08-25,-0.00990751702524395,logon_count (z=0.86),6,5,5,0.8333333333333334,0.0,0.0,0.0
DMG0358,2010-09-20,-0.00990751702524395,logon_count (z=0.81),6,5,5,0.8333333333333334,0.0,0.0,0.0
LBC0356,2010-05-25,-0.00990751702524395,logon_count (z=0.82),6,5,5,0.8333333333333334,0.0,0.0,0.0
CBB0365,2010-08-13,-0.00990751702524395,logon_count (z=0.60),6,5,5,0.8333333333333334,0.0,0.0,0.0
LBC0356,2010-04-08,-0.00990751702524395,logon_count (z=0.82),6,5,5,0.8333333333333334,0.0,0.0,0.0
CBB0365,2010-06-09,-0.00990751702524395,logon_count (z=0.60),6,5,5,0.8333333333333334,0.0,0.0,0.0
HRL0540,2010-01-22,-0.009861118110669143,logoff_count (z=3.58),2,2,2,1.5,8.0,6.0,6.0
MDM0625,2010-03-09,-0.00967092873355424,file_count (z=-3.08),3,2,2,0.0,9.0,14.0,14.0
MPM0220,2010-05-11,-0.00967092873355424,file_count (z=-2.39),3,2,2,0.0,9.0,14.0,14.0
RSC0089,2010-05-27,-0.009631332600270825,logon_count (z=2.58),4,3,2,0.75,9.0,2.0,2.0
BSS0369,2010-09-22,-0.009592802671647194,file_count (z=-1.55),3,3,3,1.3333333333333333,9.0,0.0,0.0
EIS0041,2010-09-29,-0.009511812672359121,logon_count (z=-1.22),3,3,3,1.3333333333333333,3.0,9.0,9.0
EIS0041,2010-12-20,-0.009511812672359121,logon_count (z=-1.22),3,3,3,1.3333333333333333,3.0,9.0,9.0
BAL0044,2010-10-21,-0.009511812672359121,logon_count (z=-1.27),3,3,3,1.3333333333333333,3.0,9.0,9.0
CCA0046,2010-05-24,-0.009511812672359121,unique_pcs (z=-0.68),3,3,3,1.3333333333333333,3.0,9.0,9.0
IBB0359,2010-12-22,-0.009459936665517032,logoff_count (z=-1.37),3,2,2,0.6666666666666666,10.0,8.0,8.0
BAL0044,2010-11-12,-0.009455242677304354,logon_count (z=-0.60),4,4,4,1.0,3.0,5.0,5.0
HDS0367,2010-01-07,-0.009438539330172135,logoff_count (z=-1.39),3,2,2,0.6666666666666666,5.0,15.0,15.0
DFH0188,2010-03-09,-0.009366363562938407,logon_count (z=2.16),3,2,2,0.0,1.0,21.0,21.0
RSC0089,2010-05-05,-0.009305860186669679,file_count (z=2.72),3,3,2,0.3333333333333333,9.0,9.0,9.0
BAL0044,2010-09-23,-0.009198960463123185,logoff_count (z=-1.47),3,2,2,0.6666666666666666,2.0,16.0,16.0
BJM0111,2010-07-29,-0.009190204372042876,logoff_count (z=2.35),1,2,1,1.0,8.0,11.0,11.0
HDS0367,2010-06-09,-0.00913202689596515,logoff_count (z=-0.69),4,3,3,1.0,3.0,9.0,9.0
BSS0369,2010-03-31,-0.009080178701080688,device_connects (z=-1.45),2,2,2,1.0,9.0,9.0,9.0
BAJ0654,2010-06-09,-0.00905122864554353,file_count (z=1.05),1,1,1,1.0,1.0,21.0,21.0
BAJ0654,2010-02-02,-0.00905122864554353,file_count (z=1.05),1,1,1,1.0,1.0,21.0,21.0
BAJ0654,2010-06-01,-0.00905122864554353,file_count (z=1.05),1,1,1,1.0,1.0,21.0,21.0
CCA0046,2010-02-03,-0.008997161550575838,device_connects (z=-1.04),3,3,3,1.3333333333333333,2.0,9.0,9.0
MOS0047,2010-06-10,-0.008997161550575838,device_connects (z=-1.42),3,3,3,1.3333333333333333,2.0,9.0,9.0
CCA0046,2010-02-23,-0.008815019244819422,file_count (z=-0.94),4,4,4,0.75,4.0,2.0,2.0
GTD0219,2010-03-09,-0.00879106949794417,logon_count (z=-1.47),2,2,2,1.0,4.0,14.0,14.0
ZKS0899,2010-09-27,-0.008764027258648777,logon_count (z=2.80),2,2,2,0.0,9.0,23.0,23.0
AVM0947,2011-01-31,-0.008764027258648777,logon_count (z=3.30),2,2,2,0.0,9.0,23.0,23.0
MDM0625,2010-06-01,-0.008764027258648777,logoff_count (z=2.14),2,2,2,0.0,9.0,23.0,23.0
AVM0947,2011-01-13,-0.008764027258648777,logon_count (z=3.30),2,2,2,0.0,9.0,23.0,23.0
QRM0739,2010-08-12,-0.008764027258648777,logon_count (z=4.14),2,2,2,0.0,9.0,23.0,23.0
BJP0134,2010-01-28,-0.008764027258648777,logoff_count (z=8.25),2,2,2,0.0,9.0,23.0,23.0
MPM0220,2010-01-19,-0.008764027258648777,after_hours_ratio (z=-2.32),2,2,2,0.0,9.0,23.0,23.0
DLM0051,2011-02-14,-0.008764027258648777,logoff_count (z=2.19),2,2,2,0.0,9.0,23.0,23.0
BJP0134,2010-03-23,-0.008764027258648777,logoff_count (z=8.25),2,2,2,0.0,9.0,23.0,23.0
ZKS0899,2010-07-15,-0.008764027258648777,logon_count (z=2.80),2,2,2,0.0,9.0,23.0,23.0
ILH0958,2010-01-06,-0.008647943249482037,logon_count (z=1.71),3,2,2,0.0,1.0,22.0,22.0
DFH0188,2010-09-28,-0.008647943249482037,logon_count (z=2.16),3,2,2,0.0,1.0,22.0,22.0
PAD0773,2011-01-25,-0.008647943249482037,logon_count (z=2.28),3,2,2,0.0,1.0,22.0,22.0
CAS0507,2010-10-27,-0.008647943249482037,logon_count (z=1.77),3,2,2,0.0,1.0,22.0,22.0
DFH0188,2010-08-19,-0.008647943249482037,logon_count (z=2.16),3,2,2,0.0,1.0,22.0,22.0
AVM0947,2010-11-23,-0.008645318457559004,logon_count (z=3.30),2,2,2,0.0,7.0,20.0,20.0
HDS0367,2010-10-21,-0.008617651690854933,device_connects (z=-1.11),4,3,3,1.0,2.0,9.0,9.0
HDS0367,2011-03-11,-0.008617651690854933,device_connects (z=-1.11),4,3,3,1.0,2.0,9.0,9.0
HDS0367,2011-04-25,-0.008617651690854933,device_connects (z=-1.11),4,3,3,1.0,2.0,9.0,9.0
MDM0625,2010-11-15,-0.008595680619876589,logoff_count (z=2.14),2,2,2,0.0,7.0,23.0,23.0
HDS0367,2010-12-29,-0.008565841163998944,after_hours_ratio (z=-1.14),4,3,3,0.5,5.0,9.0,9.0
AJF0370,2010-12-14,-0.008551709628464299,after_hours_ratio (z=-2.47),3,2,2,0.0,8.0,15.0,15.0
IBB0359,2010-08-31,-0.008530339728579639,device_connects (z=-1.78),3,2,2,0.6666666666666666,8.0,11.0,11.0
BAJ0654,2011-01-18,-0.008528746237196683,file_count (z=1.21),1,1,1,1.0,1.0,23.0,23.0
BAJ0654,2010-02-16,-0.008528746237196683,file_count (z=1.21),1,1,1,1.0,1.0,23.0,23.0
BAJ0654,2010-01-18,-0.008528746237196683,file_count (z=1.21),1,1,1,1.0,1.0,23.0,23.0
BAJ0654,2011-03-31,-0.008528746237196683,file_count (z=1.21),1,1,1,1.0,1.0,23.0,23.0
DFH0188,2010-11-18,-0.008523590737666176,logoff_count (z=1.75),2,2,2,0.0,2.0,25.0,25.0
ESH0283,2010-10-01,-0.008523590737666176,logon_count (z=2.98),2,2,2,0.0,2.0,25.0,25.0
GNS0178,2010-06-01,-0.008523590737666176,unique_pcs (z=3.52),2,2,2,0.0,2.0,25.0,25.0
DFH0188,2010-11-08,-0.008523590737666176,logoff_count (z=1.75),2,2,2,0.0,2.0,25.0,25.0
PAD0773,2010-10-21,-0.008523590737666176,device_connects (z=2.66),2,2,2,0.0,2.0,25.0,25.0
AIP0982,2011-05-05,-0.008523590737666176,logoff_count (z=4.26),2,2,2,0.0,2.0,25.0,25.0
ILH0958,2011-02-01,-0.008473961440029765,device_connects (z=2.37),2,2,2,0.0,2.0,26.0,26.0
AIP0982,2010-11-12,-0.008473961440029765,logoff_count (z=4.26),2,2,2,0.0,2.0,26.0,26.0
WIF0691,2010-09-14,-0.008401767527689175,file_count (z=-3.06),1,1,1,1.0,9.0,15.0,15.0
BMG0917,2010-02-23,-0.008401767527689175,file_count (z=-1.86),1,1,1,1.0,9.0,15.0,15.0
HDS0367,2010-09-07,-0.008340684512771923,logon_count (z=-1.19),3,3,3,0.6666666666666666,4.0,11.0,11.0
PAD0773,2011-05-10,-0.008338442854637695,device_connects (z=2.66),3,2,2,0.0,2.0,19.0,19.0
KKW0879,2011-04-01,-0.008326557474836904,logoff_count (z=4.64),3,3,2,0.6666666666666666,9.0,7.0,7.0
BAJ0654,2010-10-20,-0.008242663537835204,after_hours_ratio (z=-2.96),2,2,2,0.5,1.0,22.0,22.0
BAJ0654,2010-10-21,-0.008242663537835204,after_hours_ratio (z=-2.96),2,2,2,0.5,1.0,22.0,22.0
HRL0540,2010-11-12,-0.008201010652345686,logoff_count (z=3.58),2,2,2,1.5,9.0,5.0,5.0
HRL0540,2010-04-16,-0.008201010652345686,logoff_count (z=3.58),2,2,2,1.5,9.0,5.0,5.0
DFH0188,2010-04-12,-0.008192785036634453,device_connects (z=1.90),2,2,2,0.0,3.0,25.0,25.0
AIB0948,2011-03-30,-0.008143447841013618,logoff_count (z=2.92),3,3,3,0.0,9.0,7.0,7.0
JTM0223,2010-01-13,-0.00809636274056047,after_hours_ratio (z=0.87),6,5,5,1.1666666666666667,0.0,0.0,0.0
LBC0356,2010-08-16,-0.00809636274056047,logon_count (z=0.82),6,5,5,1.1666666666666667,0.0,0.0,0.0
LBC0356,2010-09-24,-0.00809636274056047,logon_count (z=0.82),6,5,5,1.1666666666666667,0.0,0.0,0.0
WDD0366,2010-07-12,-0.00809636274056047,logon_count (z=0.86),6,5,5,1.1666666666666667,0.0,0.0,0.0
CBB0365,2010-07-21,-0.00809636274056047,after_hours_ratio (z=0.80),6,5,5,1.1666666666666667,0.0,0.0,0.0
LBC0356,2011-01-31,-0.00809636274056047,logon_count (z=0.82),6,5,5,1.1666666666666667,0.0,0.0,0.0
LBC0356,2011-02-09,-0.00809636274056047,logon_count (z=0.82),6,5,5,1.1666666666666667,0.0,0.0,0.0
WDD0366,2010-04-12,-0.00809636274056047,logon_count (z=0.86),6,5,5,1.1666666666666667,0.0,0.0,0.0
HDS0367,2010-08-25,-0.008058744864769762,after_hours_ratio (z=-2.46),4,3,3,0.0,4.0,11.0,11.0
MDM0625,2010-04-05,-0.008032096778010867,logoff_count (z=2.14),2,2,2,0.0,6.0,24.0,24.0
BSS0369,2010-05-14,-0.008009803209114486,logon_count (z=-1.39),2,2,2,1.0,10.0,6.0,6.0
BSS0369,2010-09-13,-0.008009803209114486,logon_count (z=-1.39),2,2,2,1.0,10.0,6.0,6.0
MDM0625,2010-09-15,-0.007927629546773396,logoff_count (z=2.14),2,2,2,0.0,7.0,21.0,21.0
SAA0999,2010-12-06,-0.007746735456958476,device_connects (z=2.15),2,1,1,0.5,10.0,25.0,25.0
DFH0188,2010-12-13,-0.0076649783740916355,device_connects (z=1.90),2,2,2,0.0,3.0,26.0,26.0
DFH0188,2010-06-21,-0.0076649783740916355,device_connects (z=1.90),2,2,2,0.0,3.0,26.0,26.0
WIF0691,2010-11-02,-0.007600358071966129,device_connects (z=-2.06),2,1,1,0.5,6.0,27.0,27.0
CLB0774,2010-11-17,-0.007545804005425483,logoff_count (z=2.04),2,2,1,0.5,9.0,19.0,19.0
BJM0111,2011-02-08,-0.007524175816694845,logoff_count (z=2.35),2,2,1,0.5,8.0,20.0,20.0
RSC0089,2011-05-13,-0.007442370678644505,logon_count (z=4.00),5,3,3,0.2,9.0,1.0,1.0
WIF0691,2010-05-24,-0.007361400943888263,file_count (z=1.07),2,1,1,0.5,7.0,27.0,27.0
WIF0691,2011-01-25,-0.007361400943888263,file_count (z=1.07),2,1,1,0.5,7.0,27.0,27.0
DLM0051,2011-01-26,-0.007361400943888263,device_connects (z=-2.56),2,1,1,0.5,7.0,27.0,27.0
SAA0999,2010-12-07,-0.007361400943888263,device_connects (z=-2.61),2,1,1,0.5,7.0,27.0,27.0
DLM0051,2011-01-25,-0.007361400943888263,device_connects (z=-2.56),2,1,1,0.5,7.0,27.0,27.0
SAA0999,2010-10-29,-0.007361400943888263,device_connects (z=-2.61),2,1,1,0.5,7.0,27.0,27.0
SAA0999,2010-06-29,-0.007361400943888263,device_connects (z=-2.61),2,1,1,0.5,7.0,27.0,27.0
WIF0691,2010-04-19,-0.007361400943888263,file_count (z=1.07),2,1,1,0.5,7.0,27.0,27.0
WIF0691,2010-10-15,-0.007361400943888263,file_count (z=1.07),2,1,1,0.5,7.0,27.0,27.0
WIF0691,2010-03-10,-0.007361400943888263,file_count (z=1.07),2,1,1,0.5,7.0,27.0,27.0
SAA0999,2010-05-17,-0.007361400943888263,device_connects (z=-2.61),2,1,1,0.5,7.0,27.0,27.0
WIF0691,2010-11-11,-0.007361400943888263,file_count (z=1.07),2,1,1,0.5,7.0,27.0,27.0
SAA0999,2010-01-08,-0.007361400943888263,device_connects (z=-2.61),2,1,1,0.5,7.0,27.0,27.0
WIF0691,2010-01-26,-0.007361400943888263,file_count (z=1.07),2,1,1,0.5,7.0,27.0,27.0
WIF0691,2010-04-14,-0.007361400943888263,file_count (z=1.07),2,1,1,0.5,7.0,27.0,27.0
AVM0947,2010-02-01,-0.007329136729462227,logon_count (z=3.30),2,2,2,0.0,9.0,24.0,24.0
QRM0739,2010-06-02,-0.007329136729462227,logon_count (z=4.14),2,2,2,0.0,9.0,24.0,24.0
QRM0739,2010-10-19,-0.007329136729462227,logon_count (z=4.14),2,2,2,0.0,9.0,24.0,24.0
ZKS0899,2010-03-12,-0.007329136729462227,logon_count (z=2.80),2,2,2,0.0,9.0,24.0,24.0
ZKS0899,2010-10-21,-0.007329136729462227,logon_count (z=2.80),2,2,2,0.0,9.0,24.0,24.0
AVM0947,2010-12-14,-0.007329136729462227,logon_count (z=3.30),2,2,2,0.0,9.0,24.0,24.0
ZKS0899,2011-03-07,-0.007329136729462227,logon_count (z=2.80),2,2,2,0.0,9.0,24.0,24.0
AVM0947,2010-02-11,-0.007329136729462227,logon_count (z=3.30),2,2,2,0.0,9.0,24.0,24.0
MOS0047,2010-06-25,-0.007091610406248061,logoff_count (z=-0.81),4,3,3,1.0,4.0,8.0,8.0
EIS0041,2010-04-05,-0.007091610406248061,logoff_count (z=-0.70),4,3,3,1.0,4.0,8.0,8.0
HDS0367,2010-07-12,-0.007091610406248061,logoff_count (z=-0.69),4,3,3,1.0,4.0,8.0,8.0
CHM0821,2010-04-16,-0.007074170134172331,after_hours_ratio (z=3.21),2,2,2,1.5,2.0,12.0,12.0
BSS0369,2010-10-03,-0.007026416532808333,unique_pcs (z=-1.39),3,3,2,0.6666666666666666,10.0,5.0,5.0
AVM0947,2010-03-08,-0.006901002201546547,logon_count (z=3.30),2,2,2,0.0,9.0,22.0,22.0
AJF0370,2010-07-15,-0.006901002201546547,after_hours_ratio (z=-2.47),2,2,2,0.0,9.0,22.0,22.0
AVM0947,2011-05-13,-0.006901002201546547,logon_count (z=3.30),2,2,2,0.0,9.0,22.0,22.0
DLM0051,2010-10-16,-0.006901002201546547,logoff_count (z=2.19),2,2,2,0.0,9.0,22.0,22.0
MDM0625,2011-04-26,-0.006901002201546547,logoff_count (z=2.14),2,2,2,0.0,9.0,22.0,22.0
ZKS0899,2011-02-22,-0.006901002201546547,logon_count (z=2.80),2,2,2,0.0,9.0,22.0,22.0
AVM0947,2010-11-22,-0.006901002201546547,logon_count (z=3.30),2,2,2,0.0,9.0,22.0,22.0
AVM0947,2010-02-15,-0.006901002201546547,logon_count (z=3.30),2,2,2,0.0,9.0,22.0,22.0
AVM0947,2011-02-22,-0.006901002201546547,logon_count (z=3.30),2,2,2,0.0,9.0,22.0,22.0
QRM0739,2010-07-22,-0.006901002201546547,logon_count (z=4.14),2,2,2,0.0,9.0,22.0,22.0
AVM0947,2010-06-21,-0.006886903921876741,logon_count (z=3.30),2,2,2,0.0,8.0,20.0,20.0
MDM0625,2011-05-12,-0.006886903921876741,logoff_count (z=2.14),2,2,2,0.0,8.0,20.0,20.0
BAL0044,2010-12-17,-0.00682386530741852,file_count (z=-1.22),5,4,4,0.8,3.0,0.0,0.0
BAL0044,2010-02-15,-0.00682386530741852,file_count (z=-1.22),5,4,4,0.8,3.0,0.0,0.0
BAL0044,2010-06-03,-0.00682386530741852,file_count (z=-1.22),5,4,4,0.8,3.0,0.0,0.0
GTD0219,2010-01-14,-0.006774755380959063,after_hours_ratio (z=-1.40),4,4,4,0.5,4.0,4.0,4.0
CLB0774,2010-04-19,-0.006729559179692868,logoff_count (z=2.04),2,2,1,0.5,9.0,23.0,23.0
CLB0774,2010-08-10,-0.006729559179692868,logoff_count (z=2.04),2,2,1,0.5,9.0,23.0,23.0
AVM0947,2010-07-22,-0.006662281620760768,logon_count (z=3.30),2,2,2,0.0,9.0,18.0,18.0
AVM0947,2010-11-05,-0.006662281620760768,logon_count (z=3.30),2,2,2,0.0,9.0,18.0,18.0
ZKS0899,2010-08-09,-0.006662281620760768,logon_count (z=2.80),2,2,2,0.0,9.0,18.0,18.0
CCA0046,2010-07-27,-0.006658237222915919,after_hours_ratio (z=-1.45),4,4,4,0.5,4.0,3.0,3.0
WIF0691,2010-03-19,-0.006648188109635966,logoff_count (z=5.79),2,2,2,0.0,7.0,24.0,24.0
ZKS0899,2010-11-23,-0.006648188109635966,logon_count (z=2.80),2,2,2,0.0,7.0,24.0,24.0
MDM0625,2010-06-28,-0.006648188109635966,logoff_count (z=2.14),2,2,2,0.0,7.0,24.0,24.0
MDM0625,2010-11-22,-0.006648188109635966,logoff_count (z=2.14),2,2,2,0.0,7.0,24.0,24.0
THR0873,2010-10-01,-0.006648188109635966,unique_pcs (z=6.50),2,2,2,0.0,7.0,24.0,24.0
BAL0044,2011-03-03,-0.0065411109959538916,after_hours_ratio (z=-2.36),5,4,4,0.0,2.0,2.0,2.0
MAR0955,2011-02-15,-0.006441409897093631,device_connects (z=12.69),2,2,1,0.5,8.0,24.0,24.0
BMG0917,2010-08-10,-0.006441409897093631,logoff_count (z=4.28),2,2,1,0.5,8.0,24.0,24.0
HSB0196,2010-02-16,-0.006441409897093631,logoff_count (z=4.89),2,2,1,0.5,8.0,24.0,24.0
BJP0134,2010-05-10,-0.006360072056472932,logoff_count (z=8.25),2,2,2,0.0,8.0,23.0,23.0
QRM0739,2010-10-01,-0.006360072056472932,logon_count (z=4.14),2,2,2,0.0,8.0,23.0,23.0
MDM0625,2010-11-17,-0.006360072056472932,logoff_count (z=2.14),2,2,2,0.0,8.0,23.0,23.0
MDM0625,2010-03-24,-0.006360072056472932,logoff_count (z=2.14),2,2,2,0.0,8.0,23.0,23.0
MDM0625,2010-06-23,-0.006360072056472932,logoff_count (z=2.14),2,2,2,0.0,8.0,23.0,23.0
THR0873,2010-11-12,-0.006360072056472932,unique_pcs (z=6.50),2,2,2,0.0,8.0,23.0,23.0
QRM0739,2010-07-15,-0.006360072056472932,logon_count (z=4.14),2,2,2,0.0,8.0,23.0,23.0
RSC0089,2010-03-16,-0.006320375954407709,logon_count (z=4.00),5,3,3,0.2,7.0,3.0,3.0
MDM0625,2010-06-02,-0.0062204664020952816,logoff_count (z=2.14),2,2,2,0.0,8.0,19.0,19.0
HSB0196,2011-04-07,-0.0062028447669443265,logoff_count (z=4.89),2,2,1,0.5,8.0,23.0,23.0
QRM0739,2011-02-17,-0.006170998684647877,logon_count (z=4.14),2,2,2,0.0,8.0,21.0,21.0
SAA0999,2010-01-18,-0.006167827115228897,file_count (z=0.91),2,1,1,0.5,9.0,27.0,27.0
SAA0999,2010-01-25,-0.006167827115228897,file_count (z=0.91),2,1,1,0.5,9.0,27.0,27.0
DLM0051,2011-03-07,-0.006167827115228897,file_count (z=0.93),2,1,1,0.5,9.0,27.0,27.0
DLM0051,2010-08-03,-0.006167827115228897,file_count (z=0.93),2,1,1,0.5,9.0,27.0,27.0
DLM0051,2010-08-13,-0.006167827115228897,file_count (z=0.93),2,1,1,0.5,9.0,27.0,27.0
WIF0691,2011-03-24,-0.006167827115228897,device_connects (z=1.20),2,1,1,0.5,9.0,27.0,27.0
WIF0691,2011-04-14,-0.006167827115228897,device_connects (z=1.20),2,1,1,0.5,9.0,27.0,27.0
SAA0999,2010-05-26,-0.006167827115228897,file_count (z=0.91),2,1,1,0.5,9.0,27.0,27.0
SAA0999,2010-05-14,-0.006167827115228897,file_count (z=0.91),2,1,1,0.5,9.0,27.0,27.0
SAA0999,2010-03-10,-0.006167827115228897,file_count (z=0.91),2,1,1,0.5,9.0,27.0,27.0
SAA0999,2010-02-16,-0.006167827115228897,file_count (z=0.91),2,1,1,0.5,9.0,27.0,27.0
SAA0999,2010-04-13,-0.006167827115228897,file_count (z=0.91),2,1,1,0.5,9.0,27.0,27.0
SAA0999,2010-04-28,-0.006167827115228897,file_count (z=0.91),2,1,1,0.5,9.0,27.0,27.0
SAA0999,2010-04-26,-0.006167827115228897,file_count (z=0.91),2,1,1,0.5,9.0,27.0,27.0
DLM0051,2010-06-06,-0.006167827115228897,file_count (z=0.93),2,1,1,0.5,9.0,27.0,27.0
SAA0999,2010-06-01,-0.006167827115228897,file_count (z=0.91),2,1,1,0.5,9.0,27.0,27.0
WIF0691,2010-11-08,-0.006167827115228897,device_connects (z=1.20),2,1,1,0.5,9.0,27.0,27.0
CLB0774,2010-03-09,-0.006167827115228897,logon_count (z=1.83),2,1,1,0.5,9.0,27.0,27.0
SAA0999,2011-04-12,-0.006167827115228897,file_count (z=0.91),2,1,1,0.5,9.0,27.0,27.0
SAA0999,2011-04-27,-0.006167827115228897,file_count (z=0.91),2,1,1,0.5,9.0,27.0,27.0
SAA0999,2011-03-24,-0.006167827115228897,file_count (z=0.91),2,1,1,0.5,9.0,27.0,27.0
SAA0999,2011-03-17,-0.006167827115228897,file_count (z=0.91),2,1,1,0.5,9.0,27.0,27.0
SAA0999,2011-03-31,-0.006167827115228897,file_count (z=0.91),2,1,1,0.5,9.0,27.0,27.0
WIF0691,2010-12-10,-0.006167827115228897,device_connects (z=1.20),2,1,1,0.5,9.0,27.0,27.0
WIF0691,2010-11-19,-0.006167827115228897,device_connects (z=1.20),2,1,1,0.5,9.0,27.0,27.0
SAA0999,2010-02-03,-0.006167827115228897,file_count (z=0.91),2,1,1,0.5,9.0,27.0,27.0
SAA0999,2010-02-09,-0.006167827115228897,file_count (z=0.91),2,1,1,0.5,9.0,27.0,27.0
SAA0999,2010-02-10,-0.006167827115228897,file_count (z=0.91),2,1,1,0.5,9.0,27.0,27.0
DLM0051,2010-05-29,-0.006167827115228897,file_count (z=0.93),2,1,1,0.5,9.0,27.0,27.0
THR0873,2010-01-14,-0.006167827115228897,logon_count (z=3.75),2,1,1,0.5,9.0,27.0,27.0
DLM0051,2011-02-17,-0.006167827115228897,file_count (z=0.93),2,1,1,0.5,9.0,27.0,27.0
DLM0051,2011-02-04,-0.006167827115228897,file_count (z=0.93),2,1,1,0.5,9.0,27.0,27.0
SAA0999,2010-08-13,-0.006167827115228897,file_count (z=0.91),2,1,1,0.5,9.0,27.0,27.0
DLM0051,2010-12-25,-0.006167827115228897,file_count (z=0.93),2,1,1,0.5,9.0,27.0,27.0
RKD0604,2010-07-09,-0.006167827115228897,file_count (z=9.44),2,1,1,0.5,9.0,27.0,27.0
DLM0051,2011-03-14,-0.006167827115228897,file_count (z=0.93),2,1,1,0.5,9.0,27.0,27.0
SAA0999,2011-05-04,-0.006167827115228897,file_count (z=0.91),2,1,1,0.5,9.0,27.0,27.0
WIF0691,2010-05-13,-0.006167827115228897,device_connects (z=1.20),2,1,1,0.5,9.0,27.0,27.0
DLM0051,2010-10-08,-0.006167827115228897,file_count (z=0.93),2,1,1,0.5,9.0,27.0,27.0
WIF0691,2010-07-08,-0.006167827115228897,device_connects (z=1.20),2,1,1,0.5,9.0,27.0,27.0
DLM0051,2010-09-27,-0.006167827115228897,file_count (z=0.93),2,1,1,0.5,9.0,27.0,27.0
SAA0999,2010-07-01,-0.006167827115228897,file_count (z=0.91),2,1,1,0.5,9.0,27.0,27.0
SAA0999,2010-07-12,-0.006167827115228897,file_count (z=0.91),2,1,1,0.5,9.0,27.0,27.0
DLM0051,2010-11-24,-0.006167827115228897,file_count (z=0.93),2,1,1,0.5,9.0,27.0,27.0
SAA0999,2010-07-14,-0.006167827115228897,file_count (z=0.91),2,1,1,0.5,9.0,27.0,27.0
DLM0051,2010-09-28,-0.006167827115228897,file_count (z=0.93),2,1,1,0.5,9.0,27.0,27.0
SAA0999,2010-07-16,-0.006167827115228897,file_count (z=0.91),2,1,1,0.5,9.0,27.0,27.0
SAA0999,2010-07-19,-0.006167827115228897,file_count (z=0.91),2,1,1,0.5,9.0,27.0,27.0
SAA0999,2010-09-16,-0.006167827115228897,file_count (z=0.91),2,1,1,0.5,9.0,27.0,27.0
SAA0999,2010-08-19,-0.006167827115228897,file_count (z=0.91),2,1,1,0.5,9.0,27.0,27.0
SAA0999,2010-09-08,-0.006167827115228897,file_count (z=0.91),2,1,1,0.5,9.0,27.0,27.0
SAA0999,2010-02-17,-0.006167827115228897,file_count (z=0.91),2,1,1,0.5,9.0,27.0,27.0
SAA0999,2010-02-18,-0.006167827115228897,file_count (z=0.91),2,1,1,0.5,9.0,27.0,27.0
SAA0999,2010-02-22,-0.006167827115228897,file_count (z=0.91),2,1,1,0.5,9.0,27.0,27.0
SAA0999,2010-02-26,-0.006167827115228897,file_count (z=0.91),2,1,1,0.5,9.0,27.0,27.0
DLM0051,2010-07-26,-0.006167827115228897,file_count (z=0.93),2,1,1,0.5,9.0,27.0,27.0
SAA0999,2010-09-21,-0.006167827115228897,file_count (z=0.91),2,1,1,0.5,9.0,27.0,27.0
SAA0999,2010-09-20,-0.006167827115228897,file_count (z=0.91),2,1,1,0.5,9.0,27.0,27.0
SAA0999,2010-08-06,-0.006167827115228897,file_count (z=0.91),2,1,1,0.5,9.0,27.0,27.0
SAA0999,2010-09-13,-0.006167827115228897,file_count (z=0.91),2,1,1,0.5,9.0,27.0,27.0
DLM0051,2011-03-16,-0.006167827115228897,file_count (z=0.93),2,1,1,0.5,9.0,27.0,27.0
DLM0051,2010-04-01,-0.006167827115228897,file_count (z=0.93),2,1,1,0.5,9.0,27.0,27.0
DLM0051,2011-01-19,-0.006167827115228897,file_count (z=0.93),2,1,1,0.5,9.0,27.0,27.0
DLM0051,2010-12-28,-0.006167827115228897,file_count (z=0.93),2,1,1,0.5,9.0,27.0,27.0
BMG0917,2010-04-13,-0.006167827115228897,file_count (z=1.31),2,1,1,0.5,9.0,27.0,27.0
BMG0917,2010-05-06,-0.006167827115228897,file_count (z=1.31),2,1,1,0.5,9.0,27.0,27.0
BMG0917,2010-05-14,-0.006167827115228897,file_count (z=1.31),2,1,1,0.5,9.0,27.0,27.0
BMG0917,2010-05-25,-0.006167827115228897,file_count (z=1.31),2,1,1,0.5,9.0,27.0,27.0
DLM0051,2011-03-17,-0.006167827115228897,file_count (z=0.93),2,1,1,0.5,9.0,27.0,27.0
DLM0051,2011-03-09,-0.006167827115228897,file_count (z=0.93),2,1,1,0.5,9.0,27.0,27.0
SAA0999,2010-09-01,-0.006167827115228897,file_count (z=0.91),2,1,1,0.5,9.0,27.0,27.0
HSB0196,2010-06-12,-0.006167827115228897,logon_count (z=4.65),2,1,1,0.5,9.0,27.0,27.0
SAA0999,2010-08-24,-0.006167827115228897,file_count (z=0.91),2,1,1,0.5,9.0,27.0,27.0
DLM0051,2010-11-19,-0.006167827115228897,file_count (z=0.93),2,1,1,0.5,9.0,27.0,27.0
SAA0999,2010-11-18,-0.006167827115228897,file_count (z=0.91),2,1,1,0.5,9.0,27.0,27.0
SAA0999,2010-10-21,-0.006167827115228897,file_count (z=0.91),2,1,1,0.5,9.0,27.0,27.0
SAA0999,2010-09-27,-0.006167827115228897,file_count (z=0.91),2,1,1,0.5,9.0,27.0,27.0
BMG0917,2011-03-31,-0.006167827115228897,file_count (z=1.31),2,1,1,0.5,9.0,27.0,27.0
BMG0917,2011-03-25,-0.006167827115228897,file_count (z=1.31),2,1,1,0.5,9.0,27.0,27.0
SAA0999,2010-09-30,-0.006167827115228897,file_count (z=0.91),2,1,1,0.5,9.0,27.0,27.0
SAA0999,2010-03-26,-0.006167827115228897,file_count (z=0.91),2,1,1,0.5,9.0,27.0,27.0
SAA0999,2010-01-13,-0.006167827115228897,file_count (z=0.91),2,1,1,0.5,9.0,27.0,27.0
SAA0999,2010-03-16,-0.006167827115228897,file_count (z=0.91),2,1,1,0.5,9.0,27.0,27.0
SAA0999,2010-10-14,-0.006167827115228897,file_count (z=0.91),2,1,1,0.5,9.0,27.0,27.0
SAA0999,2010-11-11,-0.006167827115228897,file_count (z=0.91),2,1,1,0.5,9.0,27.0,27.0
SAA0999,2010-10-18,-0.006167827115228897,file_count (z=0.91),2,1,1,0.5,9.0,27.0,27.0
SAA0999,2010-10-07,-0.006167827115228897,file_count (z=0.91),2,1,1,0.5,9.0,27.0,27.0
SAA0999,2010-01-05,-0.006167827115228897,file_count (z=0.91),2,1,1,0.5,9.0,27.0,27.0
BMG0917,2010-02-12,-0.006167827115228897,file_count (z=1.31),2,1,1,0.5,9.0,27.0,27.0
SAA0999,2010-03-31,-0.006167827115228897,file_count (z=0.91),2,1,1,0.5,9.0,27.0,27.0
CLB0774,2011-01-07,-0.006167827115228897,logon_count (z=1.83),2,1,1,0.5,9.0,27.0,27.0
SAA0999,2010-03-23,-0.006167827115228897,file_count (z=0.91),2,1,1,0.5,9.0,27.0,27.0
BMG0917,2011-04-29,-0.006167827115228897,file_count (z=1.31),2,1,1,0.5,9.0,27.0,27.0
SAA0999,2010-02-02,-0.006167827115228897,file_count (z=0.91),2,1,1,0.5,9.0,27.0,27.0
SAA0999,2010-11-04,-0.006167827115228897,file_count (z=0.91),2,1,1,0.5,9.0,27.0,27.0
SAA0999,2010-12-16,-0.006167827115228897,file_count (z=0.91),2,1,1,0.5,9.0,27.0,27.0
BMG0917,2010-08-25,-0.006167827115228897,file_count (z=1.31),2,1,1,0.5,9.0,27.0,27.0
SAA0999,2011-01-19,-0.006167827115228897,file_count (z=0.91),2,1,1,0.5,9.0,27.0,27.0
SAA0999,2011-01-20,-0.006167827115228897,file_count (z=0.91),2,1,1,0.5,9.0,27.0,27.0
DLM0051,2010-01-09,-0.006167827115228897,file_count (z=0.93),2,1,1,0.5,9.0,27.0,27.0
BMG0917,2011-05-04,-0.006167827115228897,file_count (z=1.31),2,1,1,0.5,9.0,27.0,27.0
BMG0917,2011-05-09,-0.006167827115228897,file_count (z=1.31),2,1,1,0.5,9.0,27.0,27.0
DLM0051,2011-04-23,-0.006167827115228897,file_count (z=0.93),2,1,1,0.5,9.0,27.0,27.0
DLM0051,2011-05-04,-0.006167827115228897,file_count (z=0.93),2,1,1,0.5,9.0,27.0,27.0
BMG0917,2010-11-09,-0.006167827115228897,file_count (z=1.31),2,1,1,0.5,9.0,27.0,27.0
SAA0999,2010-12-02,-0.006167827115228897,file_count (z=0.91),2,1,1,0.5,9.0,27.0,27.0
SAA0999,2010-12-03,-0.006167827115228897,file_count (z=0.91),2,1,1,0.5,9.0,27.0,27.0
SAA0999,2010-12-10,-0.006167827115228897,file_count (z=0.91),2,1,1,0.5,9.0,27.0,27.0
SAA0999,2011-03-04,-0.006167827115228897,file_count (z=0.91),2,1,1,0.5,9.0,27.0,27.0
SAA0999,2011-03-09,-0.006167827115228897,file_count (z=0.91),2,1,1,0.5,9.0,27.0,27.0
SAA0999,2011-03-14,-0.006167827115228897,file_count (z=0.91),2,1,1,0.5,9.0,27.0,27.0
SAA0999,2010-12-30,-0.006167827115228897,file_count (z=0.91),2,1,1,0.5,9.0,27.0,27.0
BMG0917,2010-10-05,-0.006167827115228897,file_count (z=1.31),2,1,1,0.5,9.0,27.0,27.0
SAA0999,2011-01-05,-0.006167827115228897,file_count (z=0.91),2,1,1,0.5,9.0,27.0,27.0
SAA0999,2011-01-14,-0.006167827115228897,file_count (z=0.91),2,1,1,0.5,9.0,27.0,27.0
BMG0917,2010-12-30,-0.006167827115228897,file_count (z=1.31),2,1,1,0.5,9.0,27.0,27.0
BMG0917,2011-02-22,-0.006167827115228897,file_count (z=1.31),2,1,1,0.5,9.0,27.0,27.0
DLM0051,2010-01-21,-0.006167827115228897,file_count (z=0.93),2,1,1,0.5,9.0,27.0,27.0
DLM0051,2010-02-10,-0.006167827115228897,file_count (z=0.93),2,1,1,0.5,9.0,27.0,27.0
SAA0999,2011-04-07,-0.006167827115228897,file_count (z=0.91),2,1,1,0.5,9.0,27.0,27.0
DLM0051,2010-05-03,-0.006167827115228897,file_count (z=0.93),2,1,1,0.5,9.0,27.0,27.0
KLH0596,2011-02-01,-0.006167827115228897,file_count (z=12.25),2,1,1,0.5,9.0,27.0,27.0
DLM0051,2010-02-17,-0.006167827115228897,file_count (z=0.93),2,1,1,0.5,9.0,27.0,27.0
DLM0051,2010-03-12,-0.006167827115228897,file_count (z=0.93),2,1,1,0.5,9.0,27.0,27.0
SAA0999,2011-04-28,-0.006167827115228897,file_count (z=0.91),2,1,1,0.5,9.0,27.0,27.0
SAA0999,2011-02-04,-0.006167827115228897,file_count (z=0.91),2,1,1,0.5,9.0,27.0,27.0
BMG0917,2011-01-10,-0.006167827115228897,file_count (z=1.31),2,1,1,0.5,9.0,27.0,27.0
BMG0917,2011-01-05,-0.006167827115228897,file_count (z=1.31),2,1,1,0.5,9.0,27.0,27.0
DLM0051,2010-05-12,-0.006167827115228897,file_count (z=0.93),2,1,1,0.5,9.0,27.0,27.0
RSC0089,2010-12-06,-0.006079928943229174,after_hours_ratio (z=2.94),4,3,1,1.0,8.0,2.0,2.0
BAL0044,2011-01-17,-0.006058564185500104,after_hours_ratio (z=-1.84),5,4,4,0.2,2.0,0.0,0.0
BAJ0654,2010-08-26,-0.006041823476227393,device_connects (z=2.55),1,1,1,1.0,2.0,19.0,19.0
DFR0218,2010-09-01,-0.005905236124187918,after_hours_ratio (z=-2.07),5,5,5,0.2,0.0,0.0,0.0
CCA0046,2010-01-22,-0.005885848510134295,device_connects (z=1.31),3,3,3,1.3333333333333333,6.0,2.0,2.0
AIB0948,2011-01-25,-0.005871928448090702,logon_count (z=3.60),4,3,3,0.0,8.0,5.0,5.0
MDM0625,2010-07-22,-0.005778927850935922,logoff_count (z=2.14),2,2,2,0.0,7.0,22.0,22.0
JLM0364,2011-04-29,-0.0057619383970684,after_hours_ratio (z=1.33),5,5,4,1.6,0.0,0.0,0.0
JDF0593,2010-12-01,-0.0056002581310784505,logoff_count (z=3.15),3,3,2,0.6666666666666666,9.0,6.0,6.0
XWD0923,2010-11-01,-0.0055514893850008296,device_connects (z=2.78),2,1,1,0.5,5.0,27.0,27.0
BAJ0654,2011-01-12,-0.00554055343552573,file_count (z=0.96),1,1,1,1.0,1.0,20.0,20.0
HDS0367,2010-10-01,-0.005449553781294747,logon_count (z=-1.19),3,3,3,1.3333333333333333,3.0,8.0,8.0
EIS0041,2010-04-27,-0.005449553781294747,logon_count (z=-1.22),3,3,3,1.3333333333333333,3.0,8.0,8.0
BAL0044,2010-12-13,-0.005449553781294747,logon_count (z=-1.27),3,3,3,1.3333333333333333,3.0,8.0,8.0
GTD0219,2010-02-03,-0.005379240022814313,file_count (z=-1.12),4,4,4,1.0,3.0,3.0,3.0
MOS0047,2010-08-18,-0.005379240022814313,device_connects (z=-0.95),4,4,4,1.0,3.0,3.0,3.0
EIS0041,2011-05-13,-0.005379240022814313,file_count (z=-1.02),4,4,4,1.0,3.0,3.0,3.0
HDS0367,2010-10-13,-0.005379240022814313,file_count (z=-1.03),4,4,4,1.0,3.0,3.0,3.0
HRL0540,2011-02-15,-0.005357425775826652,logoff_count (z=3.58),3,2,2,1.0,9.0,5.0,5.0
AIB0948,2010-03-18,-0.005303400149853865,logon_count (z=3.60),4,3,3,0.0,9.0,3.0,3.0
BJM0111,2010-04-14,-0.005298793942198232,logoff_count (z=2.35),2,2,1,0.5,8.0,22.0,22.0
EHB0824,2010-07-20,-0.005249123093449715,file_count (z=12.53),2,1,1,1.0,9.0,14.0,14.0
WPR0368,2010-01-13,-0.005121992713944756,after_hours_ratio (z=0.82),5,5,5,1.4,0.0,0.0,0.0
KJP0371,2010-02-08,-0.005121992713944756,after_hours_ratio (z=0.74),5,5,5,1.4,0.0,0.0,0.0
JLM0364,2010-06-23,-0.005121992713944756,after_hours_ratio (z=0.81),5,5,5,1.4,0.0,0.0,0.0
TSM0363,2011-01-14,-0.005121992713944756,after_hours_ratio (z=0.74),5,5,5,1.4,0.0,0.0,0.0
JRS0362,2010-01-08,-0.005121992713944756,after_hours_ratio (z=0.75),5,5,5,1.4,0.0,0.0,0.0
JLM0364,2010-10-07,-0.005121992713944756,after_hours_ratio (z=0.81),5,5,5,1.4,0.0,0.0,0.0
WPR0368,2010-03-31,-0.005121992713944756,after_hours_ratio (z=0.82),5,5,5,1.4,0.0,0.0,0.0
MNS0224,2010-09-07,-0.005121992713944756,after_hours_ratio (z=0.75),5,5,5,1.4,0.0,0.0,0.0
MVH0373,2010-01-06,-0.005121992713944756,logon_count (z=0.91),5,5,5,1.4,0.0,0.0,0.0
MVH0373,2010-01-08,-0.005121992713944756,logon_count (z=0.91),5,5,5,1.4,0.0,0.0,0.0
SAK0375,2011-01-20,-0.005121992713944756,after_hours_ratio (z=0.80),5,5,5,1.4,0.0,0.0,0.0
MSO0222,2010-01-05,-0.005121992713944756,unique_pcs (z=0.72),5,5,5,1.4,0.0,0.0,0.0
CSC0217,2010-02-09,-0.005121992713944756,after_hours_ratio (z=0.81),5,5,5,1.4,0.0,0.0,0.0
JAV0361,2010-03-31,-0.005121992713944756,after_hours_ratio (z=0.74),5,5,5,1.4,0.0,0.0,0.0
JGT0221,2010-06-23,-0.005121992713944756,after_hours_ratio (z=0.77),5,5,5,1.4,0.0,0.0,0.0
KCF0045,2010-04-13,-0.005121992713944756,after_hours_ratio (z=0.81),5,5,5,1.4,0.0,0.0,0.0
UIR0043,2010-03-22,-0.005121992713944756,after_hours_ratio (z=0.74),5,5,5,1.4,0.0,0.0,0.0
TSM0363,2010-06-17,-0.005121992713944756,after_hours_ratio (z=0.74),5,5,5,1.4,0.0,0.0,0.0
JLM0364,2010-05-12,-0.005121992713944756,after_hours_ratio (z=0.81),5,5,5,1.4,0.0,0.0,0.0
UIR0043,2010-08-30,-0.005121992713944756,after_hours_ratio (z=0.74),5,5,5,1.4,0.0,0.0,0.0
WDD0366,2011-02-07,-0.005121992713944756,after_hours_ratio (z=1.30),5,5,5,1.4,0.0,0.0,0.0
SOB0360,2010-09-22,-0.005121992713944756,after_hours_ratio (z=0.79),5,5,5,1.4,0.0,0.0,0.0
QNP0216,2010-08-26,-0.005121992713944756,after_hours_ratio (z=0.78),5,5,5,1.4,0.0,0.0,0.0
WPR0368,2010-09-20,-0.005121992713944756,after_hours_ratio (z=0.82),5,5,5,1.4,0.0,0.0,0.0
MNS0224,2011-01-24,-0.005121992713944756,after_hours_ratio (z=0.75),5,5,5,1.4,0.0,0.0,0.0
DMG0358,2010-07-29,-0.005121992713944756,after_hours_ratio (z=1.18),5,5,5,1.4,0.0,0.0,0.0
KJP0371,2011-03-03,-0.005121992713944756,after_hours_ratio (z=0.74),5,5,5,1.4,0.0,0.0,0.0
JRS0362,2011-04-06,-0.005121992713944756,after_hours_ratio (z=0.75),5,5,5,1.4,0.0,0.0,0.0
KRV0372,2010-04-01,-0.005121992713944756,after_hours_ratio (z=0.72),5,5,5,1.4,0.0,0.0,0.0
KRV0372,2010-09-07,-0.005121992713944756,after_hours_ratio (z=0.72),5,5,5,1.4,0.0,0.0,0.0
MVH0373,2010-03-23,-0.005121992713944756,logon_count (z=0.91),5,5,5,1.4,0.0,0.0,0.0
SOB0360,2010-05-17,-0.005121992713944756,after_hours_ratio (z=0.79),5,5,5,1.4,0.0,0.0,0.0
SOB0360,2010-05-11,-0.005121992713944756,after_hours_ratio (z=0.79),5,5,5,1.4,0.0,0.0,0.0
JLM0364,2010-12-14,-0.005121992713944756,after_hours_ratio (z=0.81),5,5,5,1.4,0.0,0.0,0.0
TSM0363,2010-03-10,-0.005121992713944756,after_hours_ratio (z=0.74),5,5,5,1.4,0.0,0.0,0.0
QNP0216,2010-02-23,-0.005121992713944756,after_hours_ratio (z=0.78),5,5,5,1.4,0.0,0.0,0.0
DFR0218,2010-08-20,-0.005121992713944756,after_hours_ratio (z=0.82),5,5,5,1.4,0.0,0.0,0.0
WPR0368,2011-02-16,-0.005121992713944756,after_hours_ratio (z=0.82),5,5,5,1.4,0.0,0.0,0.0
WPR0368,2011-01-22,-0.005121992713944756,after_hours_ratio (z=0.82),5,5,5,1.4,0.0,0.0,0.0
BRM0995,2010-08-12,-0.005112179783705484,after_hours_ratio (z=3.53),2,2,2,1.5,8.0,5.0,5.0
BRM0995,2010-06-21,-0.005112179783705484,after_hours_ratio (z=3.53),2,2,2,1.5,8.0,5.0,5.0
DLM0051,2011-04-30,-0.004976270469386868,device_connects (z=-1.02),2,1,1,0.5,8.0,27.0,27.0
CLB0774,2011-02-07,-0.004976270469386868,logon_count (z=1.83),2,1,1,0.5,8.0,27.0,27.0
WIF0691,2010-05-11,-0.004976270469386868,file_count (z=1.07),2,1,1,0.5,8.0,27.0,27.0
BMG0917,2010-07-07,-0.004976270469386868,file_count (z=1.31),2,1,1,0.5,8.0,27.0,27.0
DLM0051,2010-09-08,-0.004976270469386868,device_connects (z=-1.02),2,1,1,0.5,8.0,27.0,27.0
SAA0999,2011-04-01,-0.004976270469386868,device_connects (z=-1.03),2,1,1,0.5,8.0,27.0,27.0
BMG0917,2010-09-23,-0.004976270469386868,file_count (z=1.31),2,1,1,0.5,8.0,27.0,27.0
BMG0917,2010-10-15,-0.004976270469386868,file_count (z=1.31),2,1,1,0.5,8.0,27.0,27.0
DLM0051,2011-02-20,-0.004976270469386868,device_connects (z=-1.02),2,1,1,0.5,8.0,27.0,27.0
SAA0999,2011-01-04,-0.004976270469386868,device_connects (z=-1.03),2,1,1,0.5,8.0,27.0,27.0
WIF0691,2010-11-01,-0.004976270469386868,file_count (z=1.07),2,1,1,0.5,8.0,27.0,27.0
SAA0999,2011-02-25,-0.004976270469386868,device_connects (z=-1.03),2,1,1,0.5,8.0,27.0,27.0
BMG0917,2010-03-12,-0.004976270469386868,file_count (z=1.31),2,1,1,0.5,8.0,27.0,27.0
BMG0917,2010-03-29,-0.004976270469386868,file_count (z=1.31),2,1,1,0.5,8.0,27.0,27.0
WIF0691,2010-03-22,-0.004976270469386868,file_count (z=1.07),2,1,1,0.5,8.0,27.0,27.0
SAA0999,2010-08-26,-0.004976270469386868,device_connects (z=-1.03),2,1,1,0.5,8.0,27.0,27.0
DLM0051,2010-09-25,-0.004976270469386868,device_connects (z=-1.02),2,1,1,0.5,8.0,27.0,27.0
SAA0999,2010-12-15,-0.004976270469386868,device_connects (z=-1.03),2,1,1,0.5,8.0,27.0,27.0
SAA0999,2010-05-10,-0.004976270469386868,device_connects (z=-1.03),2,1,1,0.5,8.0,27.0,27.0
SAA0999,2010-05-03,-0.004976270469386868,device_connects (z=-1.03),2,1,1,0.5,8.0,27.0,27.0
SAA0999,2011-01-28,-0.004976270469386868,device_connects (z=-1.03),2,1,1,0.5,8.0,27.0,27.0
WIF0691,2011-03-02,-0.004976270469386868,file_count (z=1.07),2,1,1,0.5,8.0,27.0,27.0
SAA0999,2010-11-05,-0.004976270469386868,device_connects (z=-1.03),2,1,1,0.5,8.0,27.0,27.0
SAA0999,2010-11-01,-0.004976270469386868,device_connects (z=-1.03),2,1,1,0.5,8.0,27.0,27.0
DLM0051,2011-04-28,-0.004976270469386868,device_connects (z=-1.02),2,1,1,0.5,8.0,27.0,27.0
CLB0774,2010-11-08,-0.004976270469386868,logon_count (z=1.83),2,1,1,0.5,8.0,27.0,27.0
BMG0917,2011-02-14,-0.004976270469386868,file_count (z=1.31),2,1,1,0.5,8.0,27.0,27.0
BMG0917,2010-03-17,-0.004976270469386868,file_count (z=1.31),2,1,1,0.5,8.0,27.0,27.0
SAA0999,2011-02-16,-0.004976270469386868,device_connects (z=-1.03),2,1,1,0.5,8.0,27.0,27.0
WIF0691,2010-05-12,-0.004976270469386868,file_count (z=1.07),2,1,1,0.5,8.0,27.0,27.0
WIF0691,2010-04-09,-0.004976270469386868,file_count (z=1.07),2,1,1,0.5,8.0,27.0,27.0
SAA0999,2010-03-05,-0.004976270469386868,device_connects (z=-1.03),2,1,1,0.5,8.0,27.0,27.0
SAA0999,2010-08-12,-0.004976270469386868,device_connects (z=-1.03),2,1,1,0.5,8.0,27.0,27.0
SAA0999,2010-10-15,-0.004976270469386868,device_connects (z=-1.03),2,1,1,0.5,8.0,27.0,27.0
SAA0999,2010-01-27,-0.004976270469386868,device_connects (z=-1.03),2,1,1,0.5,8.0,27.0,27.0
SAA0999,2011-04-11,-0.004976270469386868,device_connects (z=-1.03),2,1,1,0.5,8.0,27.0,27.0
DLM0051,2011-03-24,-0.004976270469386868,device_connects (z=-1.02),2,1,1,0.5,8.0,27.0,27.0
DLM0051,2011-04-01,-0.004976270469386868,device_connects (z=-1.02),2,1,1,0.5,8.0,27.0,27.0
BMG0917,2011-04-19,-0.004976270469386868,file_count (z=1.31),2,1,1,0.5,8.0,27.0,27.0
BJM0111,2010-12-09,-0.004976270469386868,logon_count (z=2.22),2,1,1,0.5,8.0,27.0,27.0
SAA0999,2010-07-30,-0.004976270469386868,device_connects (z=-1.03),2,1,1,0.5,8.0,27.0,27.0
SAA0999,2010-08-10,-0.004976270469386868,device_connects (z=-1.03),2,1,1,0.5,8.0,27.0,27.0
SAA0999,2010-11-08,-0.004976270469386868,device_connects (z=-1.03),2,1,1,0.5,8.0,27.0,27.0
MCF0600,2010-09-24,-0.004976270469386868,file_count (z=8.21),2,1,1,0.5,8.0,27.0,27.0
WIF0691,2010-12-03,-0.004976270469386868,file_count (z=1.07),2,1,1,0.5,8.0,27.0,27.0
SAA0999,2010-04-20,-0.004976270469386868,device_connects (z=-1.03),2,1,1,0.5,8.0,27.0,27.0
DLM0051,2010-04-20,-0.004976270469386868,device_connects (z=-1.02),2,1,1,0.5,8.0,27.0,27.0
BMG0917,2010-11-16,-0.004976270469386868,file_count (z=1.31),2,1,1,0.5,8.0,27.0,27.0
DLM0051,2010-01-15,-0.004976270469386868,device_connects (z=-1.02),2,1,1,0.5,8.0,27.0,27.0
SAA0999,2010-06-30,-0.004976270469386868,device_connects (z=-1.03),2,1,1,0.5,8.0,27.0,27.0
BMG0917,2010-07-21,-0.004976270469386868,file_count (z=1.31),2,1,1,0.5,8.0,27.0,27.0
WIF0691,2010-09-13,-0.004976270469386868,file_count (z=1.07),2,1,1,0.5,8.0,27.0,27.0
SAA0999,2011-05-10,-0.004976270469386868,device_connects (z=-1.03),2,1,1,0.5,8.0,27.0,27.0
DLM0051,2010-12-11,-0.004976270469386868,device_connects (z=-1.02),2,1,1,0.5,8.0,27.0,27.0
DLM0051,2010-10-03,-0.004976270469386868,device_connects (z=-1.02),2,1,1,0.5,8.0,27.0,27.0
DLM0051,2011-03-01,-0.004976270469386868,device_connects (z=-1.02),2,1,1,0.5,8.0,27.0,27.0
DLM0051,2011-03-11,-0.004976270469386868,device_connects (z=-1.02),2,1,1,0.5,8.0,27.0,27.0
GTD0219,2010-03-22,-0.004971011481619714,logon_count (z=-1.47),2,2,2,1.0,3.0,14.0,14.0
CCA0046,2010-01-12,-0.004937853915266688,device_connects (z=-1.04),3,3,3,1.3333333333333333,2.0,8.0,8.0
HDS0367,2010-06-23,-0.004937853915266688,logon_count (z=-1.19),3,3,3,1.3333333333333333,2.0,8.0,8.0
BJM0111,2010-04-02,-0.004921919033536892,logoff_count (z=2.35),2,2,1,0.5,8.0,19.0,19.0
CCA0046,2010-09-17,-0.00479075754251701,file_count (z=-1.23),4,4,4,1.5,2.0,0.0,0.0
GTD0219,2010-06-11,-0.00479075754251701,file_count (z=-1.55),4,4,4,1.5,2.0,0.0,0.0
HRL0540,2010-09-22,-0.004683867849812451,logoff_count (z=3.58),3,2,2,0.3333333333333333,9.0,11.0,11.0
EIS0041,2010-10-06,-0.0046785190639268,file_count (z=-1.42),5,4,4,0.4,2.0,0.0,0.0
EIS0041,2011-05-05,-0.004622880360720116,logon_count (z=-1.22),3,3,3,1.3333333333333333,4.0,6.0,6.0
DIB0081,2010-01-28,-0.004612968879976642,file_count (z=2.12),3,2,2,0.0,4.0,17.0,17.0
EIS0041,2010-10-04,-0.00459425452926332,logoff_count (z=-0.70),4,3,3,1.0,4.0,7.0,7.0
BSS0369,2010-04-21,-0.004558791430169351,file_count (z=-1.39),3,3,3,0.6666666666666666,11.0,1.0,1.0
CBB0365,2011-02-28,-0.00450185135740766,logon_count (z=0.60),6,5,5,1.0,0.0,0.0,0.0
CBB0365,2011-04-18,-0.00450185135740766,logon_count (z=0.60),6,5,5,1.0,0.0,0.0,0.0
CBB0365,2010-09-22,-0.00450185135740766,logon_count (z=0.60),6,5,5,1.0,0.0,0.0,0.0
DMG0358,2010-05-21,-0.00450185135740766,logon_count (z=0.81),6,5,5,1.0,0.0,0.0,0.0
DMG0358,2011-02-09,-0.00450185135740766,logon_count (z=0.81),6,5,5,1.0,0.0,0.0,0.0
CBB0365,2011-01-06,-0.00450185135740766,logon_count (z=0.60),6,5,5,1.0,0.0,0.0,0.0
DMG0358,2010-07-21,-0.00450185135740766,logon_count (z=0.81),6,5,5,1.0,0.0,0.0,0.0
LBC0356,2010-03-17,-0.00450185135740766,logon_count (z=0.82),6,5,5,1.0,0.0,0.0,0.0
DMG0358,2010-10-08,-0.00450185135740766,logon_count (z=0.81),6,5,5,1.0,0.0,0.0,0.0
JTM0223,2010-03-10,-0.00450185135740766,logon_count (z=0.49),6,5,5,1.0,0.0,0.0,0.0
WDD0366,2011-02-08,-0.00450185135740766,logon_count (z=0.86),6,5,5,1.0,0.0,0.0,0.0
JTM0223,2010-01-21,-0.00450185135740766,logon_count (z=0.49),6,5,5,1.0,0.0,0.0,0.0
JTM0223,2010-02-10,-0.00450185135740766,logon_count (z=0.49),6,5,5,1.0,0.0,0.0,0.0
CBB0365,2010-05-26,-0.00450185135740766,logon_count (z=0.60),6,5,5,1.0,0.0,0.0,0.0
CBB0365,2010-04-07,-0.00450185135740766,logon_count (z=0.60),6,5,5,1.0,0.0,0.0,0.0
CBB0365,2010-03-16,-0.00450185135740766,logon_count (z=0.60),6,5,5,1.0,0.0,0.0,0.0
CBB0365,2010-03-26,-0.00450185135740766,logon_count (z=0.60),6,5,5,1.0,0.0,0.0,0.0
JTM0223,2010-04-21,-0.00450185135740766,logon_count (z=0.49),6,5,5,1.0,0.0,0.0,0.0
JTM0223,2010-04-14,-0.00450185135740766,logon_count (z=0.49),6,5,5,1.0,0.0,0.0,0.0
JTM0223,2010-02-22,-0.00450185135740766,logon_count (z=0.49),6,5,5,1.0,0.0,0.0,0.0
JTM0223,2010-02-24,-0.00450185135740766,logon_count (z=0.49),6,5,5,1.0,0.0,0.0,0.0
JTM0223,2010-07-07,-0.00450185135740766,logon_count (z=0.49),6,5,5,1.0,0.0,0.0,0.0
LBC0356,2011-04-19,-0.00450185135740766,logon_count (z=0.82),6,5,5,1.0,0.0,0.0,0.0
LBC0356,2011-04-25,-0.00450185135740766,logon_count (z=0.82),6,5,5,1.0,0.0,0.0,0.0
LBC0356,2011-04-13,-0.00450185135740766,logon_count (z=0.82),6,5,5,1.0,0.0,0.0,0.0
LBC0356,2010-06-18,-0.00450185135740766,logon_count (z=0.82),6,5,5,1.0,0.0,0.0,0.0
LBC0356,2010-06-16,-0.00450185135740766,logon_count (z=0.82),6,5,5,1.0,0.0,0.0,0.0
JTM0223,2010-04-01,-0.00450185135740766,logon_count (z=0.49),6,5,5,1.0,0.0,0.0,0.0
DMG0358,2010-02-04,-0.00450185135740766,logon_count (z=0.81),6,5,5,1.0,0.0,0.0,0.0
DMG0358,2010-02-18,-0.00450185135740766,logon_count (z=0.81),6,5,5,1.0,0.0,0.0,0.0
CBB0365,2010-10-15,-0.00450185135740766,logon_count (z=0.60),6,5,5,1.0,0.0,0.0,0.0
JTM0223,2010-05-19,-0.00450185135740766,logon_count (z=0.49),6,5,5,1.0,0.0,0.0,0.0
JTM0223,2010-05-24,-0.00450185135740766,logon_count (z=0.49),6,5,5,1.0,0.0,0.0,0.0
DMG0358,2010-03-03,-0.00450185135740766,logon_count (z=0.81),6,5,5,1.0,0.0,0.0,0.0
DMG0358,2010-02-22,-0.00450185135740766,logon_count (z=0.81),6,5,5,1.0,0.0,0.0,0.0
CBB0365,2010-03-09,-0.00450185135740766,logon_count (z=0.60),6,5,5,1.0,0.0,0.0,0.0
CBB0365,2010-02-08,-0.00450185135740766,logon_count (z=0.60),6,5,5,1.0,0.0,0.0,0.0
LBC0356,2010-12-21,-0.00450185135740766,logon_count (z=0.82),6,5,5,1.0,0.0,0.0,0.0
LBC0356,2011-01-26,-0.00450185135740766,logon_count (z=0.82),6,5,5,1.0,0.0,0.0,0.0
CBB0365,2011-04-21,-0.00450185135740766,logon_count (z=0.60),6,5,5,1.0,0.0,0.0,0.0
CBB0365,2010-09-21,-0.00450185135740766,logon_count (z=0.60),6,5,5,1.0,0.0,0.0,0.0
JTM0223,2010-01-19,-0.00450185135740766,logon_count (z=0.49),6,5,5,1.0,0.0,0.0,0.0
CBB0365,2011-04-07,-0.00450185135740766,logon_count (z=0.60),6,5,5,1.0,0.0,0.0,0.0
LBC0356,2010-10-14,-0.00450185135740766,logon_count (z=0.82),6,5,5,1.0,0.0,0.0,0.0
LBC0356,2010-10-08,-0.00450185135740766,logon_count (z=0.82),6,5,5,1.0,0.0,0.0,0.0
DMG0358,2011-01-28,-0.00450185135740766,logon_count (z=0.81),6,5,5,1.0,0.0,0.0,0.0
CBB0365,2010-01-04,-0.00450185135740766,logon_count (z=0.60),6,5,5,1.0,0.0,0.0,0.0
DMG0358,2011-01-11,-0.00450185135740766,logon_count (z=0.81),6,5,5,1.0,0.0,0.0,0.0
JTM0223,2010-06-22,-0.00450185135740766,logon_count (z=0.49),6,5,5,1.0,0.0,0.0,0.0
DMG0358,2010-12-30,-0.00450185135740766,logon_count (z=0.81),6,5,5,1.0,0.0,0.0,0.0
DMG0358,2010-06-23,-0.00450185135740766,logon_count (z=0.81),6,5,5,1.0,0.0,0.0,0.0
CBB0365,2010-01-15,-0.00450185135740766,logon_count (z=0.60),6,5,5,1.0,0.0,0.0,0.0
LBC0356,2010-08-25,-0.00450185135740766,logon_count (z=0.82),6,5,5,1.0,0.0,0.0,0.0
CBB0365,2010-08-10,-0.00450185135740766,logon_count (z=0.60),6,5,5,1.0,0.0,0.0,0.0
LBC0356,2010-04-12,-0.00450185135740766,logon_count (z=0.82),6,5,5,1.0,0.0,0.0,0.0
LBC0356,2010-08-20,-0.00450185135740766,logon_count (z=0.82),6,5,5,1.0,0.0,0.0,0.0
WDD0366,2010-04-29,-0.00450185135740766,logon_count (z=0.86),6,5,5,1.0,0.0,0.0,0.0
CBB0365,2011-01-07,-0.00450185135740766,logon_count (z=0.60),6,5,5,1.0,0.0,0.0,0.0
WDD0366,2010-02-25,-0.00450185135740766,logon_count (z=0.86),6,5,5,1.0,0.0,0.0,0.0
LBC0356,2010-11-04,-0.00450185135740766,logon_count (z=0.82),6,5,5,1.0,0.0,0.0,0.0
LBC0356,2010-10-26,-0.00450185135740766,logon_count (z=0.82),6,5,5,1.0,0.0,0.0,0.0
LBC0356,2010-08-27,-0.00450185135740766,logon_count (z=0.82),6,5,5,1.0,0.0,0.0,0.0
LBC0356,2010-12-09,-0.00450185135740766,logon_count (z=0.82),6,5,5,1.0,0.0,0.0,0.0
LBC0356,2010-08-24,-0.00450185135740766,logon_count (z=0.82),6,5,5,1.0,0.0,0.0,0.0
WDD0366,2010-01-29,-0.00450185135740766,logon_count (z=0.86),6,5,5,1.0,0.0,0.0,0.0
WDD0366,2010-02-05,-0.00450185135740766,logon_count (z=0.86),6,5,5,1.0,0.0,0.0,0.0
LBC0356,2010-11-30,-0.00450185135740766,logon_count (z=0.82),6,5,5,1.0,0.0,0.0,0.0
LBC0356,2010-11-23,-0.00450185135740766,logon_count (z=0.82),6,5,5,1.0,0.0,0.0,0.0
LBC0356,2010-07-30,-0.00450185135740766,logon_count (z=0.82),6,5,5,1.0,0.0,0.0,0.0
WDD0366,2010-04-30,-0.00450185135740766,logon_count (z=0.86),6,5,5,1.0,0.0,0.0,0.0
WDD0366,2010-05-18,-0.00450185135740766,logon_count (z=0.86),6,5,5,1.0,0.0,0.0,0.0
DMG0358,2010-09-22,-0.00450185135740766,logon_count (z=0.81),6,5,5,1.0,0.0,0.0,0.0
CBB0365,2010-07-28,-0.00450185135740766,logon_count (z=0.60),6,5,5,1.0,0.0,0.0,0.0
LBC0356,2011-05-04,-0.00450185135740766,logon_count (z=0.82),6,5,5,1.0,0.0,0.0,0.0
LBC0356,2011-03-31,-0.00450185135740766,logon_count (z=0.82),6,5,5,1.0,0.0,0.0,0.0
WDD0366,2010-04-15,-0.00450185135740766,logon_count (z=0.86),6,5,5,1.0,0.0,0.0,0.0
WDD0366,2010-12-27,-0.00450185135740766,logon_count (z=0.86),6,5,5,1.0,0.0,0.0,0.0
CBB0365,2010-06-29,-0.00450185135740766,logon_count (z=0.60),6,5,5,1.0,0.0,0.0,0.0
DMG0358,2010-08-30,-0.00450185135740766,logon_count (z=0.81),6,5,5,1.0,0.0,0.0,0.0
DMG0358,2010-11-05,-0.00450185135740766,logon_count (z=0.81),6,5,5,1.0,0.0,0.0,0.0
DLM0051,2010-11-23,-0.004500211858404324,device_connects (z=-2.56),2,1,1,0.5,7.0,26.0,26.0
SAA0999,2010-08-25,-0.004500211858404324,device_connects (z=-2.61),2,1,1,0.5,7.0,26.0,26.0
WIF0691,2010-02-22,-0.004500211858404324,device_connects (z=-0.97),2,1,1,0.5,7.0,26.0,26.0
DLM0051,2010-08-02,-0.004500211858404324,device_connects (z=-2.56),2,1,1,0.5,7.0,26.0,26.0
WIF0691,2010-03-26,-0.004500211858404324,device_connects (z=-0.97),2,1,1,0.5,7.0,26.0,26.0
WIF0691,2010-11-24,-0.004500211858404324,device_connects (z=-0.97),2,1,1,0.5,7.0,26.0,26.0
SAA0999,2010-04-19,-0.004500211858404324,device_connects (z=-2.61),2,1,1,0.5,7.0,26.0,26.0
EIS0041,2010-08-13,-0.004424363902664985,logoff_count (z=-1.39),3,2,2,0.6666666666666666,2.0,15.0,15.0
ZKS0899,2010-11-15,-0.004418733580402234,logon_count (z=2.80),2,2,2,0.0,8.0,24.0,24.0
MDM0625,2011-05-10,-0.004418733580402234,logoff_count (z=2.14),2,2,2,0.0,8.0,24.0,24.0
QRM0739,2010-10-20,-0.004418733580402234,logon_count (z=4.14),2,2,2,0.0,8.0,24.0,24.0
IBB0359,2010-01-07,-0.004325910224179053,file_count (z=-1.47),4,3,3,0.5,12.0,0.0,0.0
TDS0984,2011-02-09,-0.004274905662678075,logon_count (z=2.43),3,2,2,0.0,1.0,19.0,19.0
XWD0923,2010-01-14,-0.004123112920073613,device_connects (z=1.82),2,1,1,0.5,4.0,27.0,27.0
XWD0923,2010-02-19,-0.004123112920073613,device_connects (z=1.82),2,1,1,0.5,4.0,27.0,27.0
XWD0923,2010-03-25,-0.004123112920073613,device_connects (z=1.82),2,1,1,0.5,4.0,27.0,27.0
XWD0923,2010-01-05,-0.004123112920073613,device_connects (z=1.82),2,1,1,0.5,4.0,27.0,27.0
XWD0923,2010-11-24,-0.004123112920073613,device_connects (z=1.82),2,1,1,0.5,4.0,27.0,27.0
XWD0923,2010-07-07,-0.004123112920073613,device_connects (z=1.82),2,1,1,0.5,4.0,27.0,27.0
XWD0923,2010-07-01,-0.004123112920073613,device_connects (z=1.82),2,1,1,0.5,4.0,27.0,27.0
XWD0923,2010-11-12,-0.004123112920073613,device_connects (z=1.82),2,1,1,0.5,4.0,27.0,27.0
WPR0368,2010-09-25,-0.00387532131118562,after_hours_ratio (z=-1.45),5,5,5,0.4,0.0,0.0,0.0
KCF0045,2010-08-30,-0.00387532131118562,after_hours_ratio (z=-1.43),5,5,5,0.4,0.0,0.0,0.0
MNS0224,2011-02-03,-0.00387532131118562,after_hours_ratio (z=-1.68),5,5,5,0.4,0.0,0.0,0.0
LBC0356,2011-03-09,-0.00387532131118562,after_hours_ratio (z=-1.28),5,5,5,0.4,0.0,0.0,0.0
WPR0368,2011-01-29,-0.00387532131118562,after_hours_ratio (z=-1.45),5,5,5,0.4,0.0,0.0,0.0
JLM0364,2011-04-27,-0.00387532131118562,after_hours_ratio (z=-1.79),5,5,5,0.4,0.0,0.0,0.0
DFR0218,2010-07-27,-0.00387532131118562,after_hours_ratio (z=-1.59),5,5,5,0.4,0.0,0.0,0.0
HWY0038,2010-05-26,-0.00387532131118562,after_hours_ratio (z=-1.72),5,5,5,0.4,0.0,0.0,0.0
WPR0368,2010-12-04,-0.00387532131118562,after_hours_ratio (z=-1.45),5,5,5,0.4,0.0,0.0,0.0
BKW0374,2010-04-21,-0.00387532131118562,after_hours_ratio (z=-1.57),5,5,5,0.4,0.0,0.0,0.0
DFR0218,2011-02-09,-0.00387532131118562,after_hours_ratio (z=-1.59),5,5,5,0.4,0.0,0.0,0.0
QNP0216,2010-02-16,-0.00387532131118562,after_hours_ratio (z=-1.54),5,5,5,0.4,0.0,0.0,0.0
DFR0218,2010-08-26,-0.00387532131118562,after_hours_ratio (z=-1.59),5,5,5,0.4,0.0,0.0,0.0
DFR0218,2010-08-16,-0.00387532131118562,after_hours_ratio (z=-1.59),5,5,5,0.4,0.0,0.0,0.0
SAK0375,2010-01-12,-0.00387532131118562,after_hours_ratio (z=-1.72),5,5,5,0.4,0.0,0.0,0.0
QNP0216,2010-07-29,-0.00387532131118562,after_hours_ratio (z=-1.54),5,5,5,0.4,0.0,0.0,0.0
HWY0038,2010-02-11,-0.00387532131118562,after_hours_ratio (z=-1.72),5,5,5,0.4,0.0,0.0,0.0
SAK0375,2010-08-11,-0.00387532131118562,after_hours_ratio (z=-1.72),5,5,5,0.4,0.0,0.0,0.0
ACC0042,2010-07-08,-0.00387532131118562,after_hours_ratio (z=-1.78),5,5,5,0.4,0.0,0.0,0.0
QNP0216,2010-10-27,-0.00387532131118562,after_hours_ratio (z=-1.54),5,5,5,0.4,0.0,0.0,0.0
WPR0368,2010-03-23,-0.00387532131118562,after_hours_ratio (z=-1.45),5,5,5,0.4,0.0,0.0,0.0
JLM0364,2010-11-29,-0.00387532131118562,after_hours_ratio (z=-1.79),5,5,5,0.4,0.0,0.0,0.0
KCF0045,2010-01-27,-0.00387532131118562,after_hours_ratio (z=-1.43),5,5,5,0.4,0.0,0.0,0.0
CSC0217,2010-02-25,-0.00387532131118562,after_hours_ratio (z=-1.58),5,5,5,0.4,0.0,0.0,0.0
QNP0216,2011-01-21,-0.00387532131118562,after_hours_ratio (z=-1.54),5,5,5,0.4,0.0,0.0,0.0
KCF0045,2010-04-07,-0.00387532131118562,after_hours_ratio (z=-1.43),5,5,5,0.4,0.0,0.0,0.0
TSM0363,2010-06-30,-0.00387532131118562,after_hours_ratio (z=-1.58),5,5,5,0.4,0.0,0.0,0.0
JAV0361,2010-02-19,-0.00387532131118562,after_hours_ratio (z=-1.73),5,5,5,0.4,0.0,0.0,0.0
WPR0368,2011-05-03,-0.00387532131118562,after_hours_ratio (z=-1.45),5,5,5,0.4,0.0,0.0,0.0
WPR0368,2011-03-21,-0.00387532131118562,after_hours_ratio (z=-1.45),5,5,5,0.4,0.0,0.0,0.0
JAV0361,2010-02-26,-0.00387532131118562,after_hours_ratio (z=-1.73),5,5,5,0.4,0.0,0.0,0.0
UIR0043,2010-02-02,-0.00387532131118562,after_hours_ratio (z=-1.69),5,5,5,0.4,0.0,0.0,0.0
JCC0225,2010-04-28,-0.00387532131118562,after_hours_ratio (z=-1.70),5,5,5,0.4,0.0,0.0,0.0
SAK0375,2010-04-29,-0.00387532131118562,after_hours_ratio (z=-1.72),5,5,5,0.4,0.0,0.0,0.0
KJP0371,2010-09-28,-0.00387532131118562,after_hours_ratio (z=-1.59),5,5,5,0.4,0.0,0.0,0.0
BKW0374,2010-11-24,-0.00387532131118562,after_hours_ratio (z=-1.57),5,5,5,0.4,0.0,0.0,0.0
BKW0374,2011-01-13,-0.00387532131118562,after_hours_ratio (z=-1.57),5,5,5,0.4,0.0,0.0,0.0
ACC0042,2011-01-05,-0.00387532131118562,after_hours_ratio (z=-1.78),5,5,5,0.4,0.0,0.0,0.0
JCC0225,2010-05-26,-0.00387532131118562,after_hours_ratio (z=-1.70),5,5,5,0.4,0.0,0.0,0.0
JRS0362,2010-04-01,-0.00387532131118562,after_hours_ratio (z=-1.57),5,5,5,0.4,0.0,0.0,0.0
JRS0362,2010-04-20,-0.00387532131118562,after_hours_ratio (z=-1.57),5,5,5,0.4,0.0,0.0,0.0
JCC0225,2010-12-06,-0.00387532131118562,after_hours_ratio (z=-1.70),5,5,5,0.4,0.0,0.0,0.0
JCC0225,2011-02-09,-0.00387532131118562,after_hours_ratio (z=-1.70),5,5,5,0.4,0.0,0.0,0.0
KCF0045,2011-01-21,-0.00387532131118562,after_hours_ratio (z=-1.43),5,5,5,0.4,0.0,0.0,0.0
JLM0364,2011-01-04,-0.00387532131118562,after_hours_ratio (z=-1.79),5,5,5,0.4,0.0,0.0,0.0
WPR0368,2010-09-18,-0.00387532131118562,after_hours_ratio (z=-1.45),5,5,5,0.4,0.0,0.0,0.0
BKW0374,2011-04-20,-0.00387532131118562,after_hours_ratio (z=-1.57),5,5,5,0.4,0.0,0.0,0.0
JRS0362,2011-04-08,-0.00387532131118562,after_hours_ratio (z=-1.57),5,5,5,0.4,0.0,0.0,0.0
KRV0372,2010-11-30,-0.00387532131118562,after_hours_ratio (z=-1.79),5,5,5,0.4,0.0,0.0,0.0
KSP0357,2010-11-22,-0.00387532131118562,after_hours_ratio (z=-1.59),5,5,5,0.4,0.0,0.0,0.0
KRV0372,2011-01-03,-0.00387532131118562,after_hours_ratio (z=-1.79),5,5,5,0.4,0.0,0.0,0.0
JCC0225,2010-02-16,-0.00387532131118562,after_hours_ratio (z=-1.70),5,5,5,0.4,0.0,0.0,0.0
JAV0361,2011-04-11,-0.00387532131118562,after_hours_ratio (z=-1.73),5,5,5,0.4,0.0,0.0,0.0
JGT0221,2010-01-13,-0.00387532131118562,after_hours_ratio (z=-1.73),5,5,5,0.4,0.0,0.0,0.0
JAV0361,2010-06-22,-0.00387532131118562,after_hours_ratio (z=-1.73),5,5,5,0.4,0.0,0.0,0.0
WPR0368,2010-06-20,-0.00387532131118562,after_hours_ratio (z=-1.45),5,5,5,0.4,0.0,0.0,0.0
KRV0372,2010-09-15,-0.00387532131118562,after_hours_ratio (z=-1.79),5,5,5,0.4,0.0,0.0,0.0
KRV0372,2011-04-01,-0.00387532131118562,after_hours_ratio (z=-1.79),5,5,5,0.4,0.0,0.0,0.0
KSP0357,2010-01-26,-0.00387532131118562,after_hours_ratio (z=-1.59),5,5,5,0.4,0.0,0.0,0.0
QNP0216,2010-01-26,-0.00387532131118562,after_hours_ratio (z=-1.54),5,5,5,0.4,0.0,0.0,0.0
TSM0363,2010-11-22,-0.00387532131118562,after_hours_ratio (z=-1.58),5,5,5,0.4,0.0,0.0,0.0
TSM0363,2011-02-02,-0.00387532131118562,after_hours_ratio (z=-1.58),5,5,5,0.4,0.0,0.0,0.0
KJP0371,2010-03-02,-0.00387532131118562,after_hours_ratio (z=-1.59),5,5,5,0.4,0.0,0.0,0.0
MSO0222,2010-06-04,-0.00387532131118562,after_hours_ratio (z=-1.73),5,5,5,0.4,0.0,0.0,0.0
QNP0216,2010-08-12,-0.00387532131118562,after_hours_ratio (z=-1.54),5,5,5,0.4,0.0,0.0,0.0
JGT0221,2010-01-18,-0.00387532131118562,after_hours_ratio (z=-1.73),5,5,5,0.4,0.0,0.0,0.0
HDS0367,2010-12-16,-0.0038437897376770724,after_hours_ratio (z=-1.14),4,3,3,0.5,3.0,10.0,10.0
EIS0041,2010-06-22,-0.0038437897376770724,after_hours_ratio (z=-1.09),4,3,3,0.5,3.0,10.0,10.0
BAL0044,2010-04-14,-0.0038437897376770724,after_hours_ratio (z=-1.05),4,3,3,0.5,3.0,10.0,10.0
TDS0984,2010-06-07,-0.003779537434992042,device_connects (z=2.52),3,2,2,0.0,2.0,18.0,18.0
PNH0761,2010-07-06,-0.0037733472709094995,unique_pcs (z=2.88),2,2,2,0.0,1.0,25.0,25.0
ILH0958,2011-03-15,-0.0037733472709094995,file_count (z=1.37),2,2,2,0.0,1.0,25.0,25.0
ESJ0670,2010-09-10,-0.0037733472709094995,logon_count (z=3.11),2,2,2,0.0,1.0,25.0,25.0
ESH0283,2010-04-06,-0.0037733472709094995,logon_count (z=2.98),2,2,2,0.0,1.0,25.0,25.0
DFH0188,2011-03-07,-0.0037733472709094995,logoff_count (z=1.75),2,2,2,0.0,1.0,25.0,25.0
PAD0773,2010-02-23,-0.0037733472709094995,logoff_count (z=1.90),2,2,2,0.0,1.0,25.0,25.0
AIP0982,2010-09-02,-0.0037733472709094995,logoff_count (z=4.26),2,2,2,0.0,1.0,25.0,25.0
ILH0958,2010-06-14,-0.0037733472709094995,file_count (z=1.37),2,2,2,0.0,1.0,25.0,25.0
CAS0507,2010-10-20,-0.0037733472709094995,unique_pcs (z=1.47),2,2,2,0.0,1.0,25.0,25.0
DFH0188,2010-01-06,-0.0037733472709094995,logoff_count (z=1.75),2,2,2,0.0,1.0,25.0,25.0
ILH0958,2010-03-18,-0.0037733472709094995,file_count (z=1.37),2,2,2,0.0,1.0,25.0,25.0
ILH0958,2010-12-06,-0.0037733472709094995,file_count (z=1.37),2,2,2,0.0,1.0,25.0,25.0
ESJ0670,2010-10-18,-0.0037733472709094995,logon_count (z=3.11),2,2,2,0.0,1.0,25.0,25.0
ILH0958,2010-07-06,-0.003724051235887371,file_count (z=1.45),2,2,2,0.0,1.0,26.0,26.0
ILH0958,2010-09-27,-0.003724051235887371,file_count (z=1.45),2,2,2,0.0,1.0,26.0,26.0
GNS0178,2011-03-07,-0.003724051235887371,unique_pcs (z=3.52),2,2,2,0.0,1.0,26.0,26.0
DFH0188,2010-01-11,-0.003724051235887371,logoff_count (z=1.75),2,2,2,0.0,1.0,26.0,26.0
CAS0507,2010-10-18,-0.003724051235887371,unique_pcs (z=1.47),2,2,2,0.0,1.0,26.0,26.0
TDS0984,2011-01-03,-0.003724051235887371,logoff_count (z=2.37),2,2,2,0.0,1.0,26.0,26.0
DFH0188,2010-07-02,-0.003724051235887371,logoff_count (z=1.75),2,2,2,0.0,1.0,26.0,26.0
CAS0507,2010-07-02,-0.003724051235887371,unique_pcs (z=1.47),2,2,2,0.0,1.0,26.0,26.0
PNH0761,2010-08-23,-0.003724051235887371,unique_pcs (z=2.88),2,2,2,0.0,1.0,26.0,26.0
CAS0507,2010-03-29,-0.003724051235887371,unique_pcs (z=1.47),2,2,2,0.0,1.0,26.0,26.0
CAS0507,2011-05-13,-0.003724051235887371,unique_pcs (z=1.47),2,2,2,0.0,1.0,26.0,26.0
ILH0958,2010-12-08,-0.003724051235887371,file_count (z=1.45),2,2,2,0.0,1.0,26.0,26.0
PNH0761,2010-09-14,-0.003724051235887371,unique_pcs (z=2.88),2,2,2,0.0,1.0,26.0,26.0
CLB0774,2010-03-01,-0.003549060376072055,logon_count (z=1.83),2,1,1,0.5,9.0,26.0,26.0
DLM0051,2010-04-26,-0.003549060376072055,after_hours_ratio (z=0.67),2,1,1,0.5,9.0,26.0,26.0
SAA0999,2010-05-04,-0.003549060376072055,device_connects (z=0.56),2,1,1,0.5,9.0,26.0,26.0
SAA0999,2010-11-09,-0.003549060376072055,device_connects (z=0.56),2,1,1,0.5,9.0,26.0,26.0
SAA0999,2010-06-25,-0.003549060376072055,device_connects (z=0.56),2,1,1,0.5,9.0,26.0,26.0
WIF0691,2010-01-28,-0.003549060376072055,device_connects (z=1.20),2,1,1,0.5,9.0,26.0,26.0
SAA0999,2010-09-23,-0.003549060376072055,device_connects (z=0.56),2,1,1,0.5,9.0,26.0,26.0
SAA0999,2010-08-11,-0.003549060376072055,device_connects (z=0.56),2,1,1,0.5,9.0,26.0,26.0
DLM0051,2010-03-25,-0.003549060376072055,after_hours_ratio (z=0.67),2,1,1,0.5,9.0,26.0,26.0
DLM0051,2011-01-17,-0.003549060376072055,after_hours_ratio (z=0.67),2,1,1,0.5,9.0,26.0,26.0
BMG0917,2011-04-07,-0.003549060376072055,file_count (z=1.05),2,1,1,0.5,9.0,26.0,26.0
SAA0999,2011-04-18,-0.003549060376072055,device_connects (z=0.56),2,1,1,0.5,9.0,26.0,26.0
DLM0051,2010-03-09,-0.003549060376072055,after_hours_ratio (z=0.67),2,1,1,0.5,9.0,26.0,26.0
SAA0999,2010-10-28,-0.003549060376072055,device_connects (z=0.56),2,1,1,0.5,9.0,26.0,26.0
DLM0051,2010-03-01,-0.003549060376072055,after_hours_ratio (z=0.67),2,1,1,0.5,9.0,26.0,26.0
DLM0051,2011-04-08,-0.003549060376072055,after_hours_ratio (z=0.67),2,1,1,0.5,9.0,26.0,26.0
SAA0999,2010-06-16,-0.003549060376072055,device_connects (z=0.56),2,1,1,0.5,9.0,26.0,26.0
SAA0999,2010-10-19,-0.003549060376072055,device_connects (z=0.56),2,1,1,0.5,9.0,26.0,26.0
SAA0999,2010-11-24,-0.003549060376072055,device_connects (z=0.56),2,1,1,0.5,9.0,26.0,26.0
SAA0999,2010-04-29,-0.003549060376072055,device_connects (z=0.56),2,1,1,0.5,9.0,26.0,26.0
SAA0999,2010-07-07,-0.003549060376072055,device_connects (z=0.56),2,1,1,0.5,9.0,26.0,26.0
SAA0999,2010-07-09,-0.003549060376072055,device_connects (z=0.56),2,1,1,0.5,9.0,26.0,26.0
DLM0051,2010-09-03,-0.003549060376072055,after_hours_ratio (z=0.67),2,1,1,0.5,9.0,26.0,26.0
SAA0999,2010-01-04,-0.003549060376072055,device_connects (z=0.56),2,1,1,0.5,9.0,26.0,26.0
WIF0691,2010-07-26,-0.003549060376072055,device_connects (z=1.20),2,1,1,0.5,9.0,26.0,26.0
DLM0051,2010-01-11,-0.003549060376072055,after_hours_ratio (z=0.67),2,1,1,0.5,9.0,26.0,26.0
BMG0917,2011-02-17,-0.003549060376072055,file_count (z=1.05),2,1,1,0.5,9.0,26.0,26.0
SAA0999,2010-04-01,-0.003549060376072055,device_connects (z=0.56),2,1,1,0.5,9.0,26.0,26.0
SAA0999,2011-03-11,-0.003549060376072055,device_connects (z=0.56),2,1,1,0.5,9.0,26.0,26.0
DLM0051,2010-07-10,-0.003549060376072055,after_hours_ratio (z=0.67),2,1,1,0.5,9.0,26.0,26.0
SAA0999,2010-03-25,-0.003549060376072055,device_connects (z=0.56),2,1,1,0.5,9.0,26.0,26.0
BMG0917,2010-11-11,-0.003549060376072055,file_count (z=1.05),2,1,1,0.5,9.0,26.0,26.0
DLM0051,2011-05-08,-0.003549060376072055,after_hours_ratio (z=0.67),2,1,1,0.5,9.0,26.0,26.0
BMG0917,2011-02-04,-0.003549060376072055,file_count (z=1.05),2,1,1,0.5,9.0,26.0,26.0
SAA0999,2010-07-13,-0.003549060376072055,device_connects (z=0.56),2,1,1,0.5,9.0,26.0,26.0
SAA0999,2011-01-26,-0.003549060376072055,device_connects (z=0.56),2,1,1,0.5,9.0,26.0,26.0
BMG0917,2010-01-20,-0.003549060376072055,file_count (z=1.05),2,1,1,0.5,9.0,26.0,26.0
SAA0999,2011-01-21,-0.003549060376072055,device_connects (z=0.56),2,1,1,0.5,9.0,26.0,26.0
SAA0999,2010-02-12,-0.003549060376072055,device_connects (z=0.56),2,1,1,0.5,9.0,26.0,26.0
WIF0691,2010-06-11,-0.003549060376072055,device_connects (z=1.20),2,1,1,0.5,9.0,26.0,26.0
DLM0051,2010-02-11,-0.003549060376072055,after_hours_ratio (z=0.67),2,1,1,0.5,9.0,26.0,26.0
WIF0691,2010-10-29,-0.003549060376072055,device_connects (z=1.20),2,1,1,0.5,9.0,26.0,26.0
DLM0051,2010-10-18,-0.003549060376072055,after_hours_ratio (z=0.67),2,1,1,0.5,9.0,26.0,26.0
DLM0051,2010-03-22,-0.003549060376072055,after_hours_ratio (z=0.67),2,1,1,0.5,9.0,26.0,26.0
DLM0051,2011-01-27,-0.003549060376072055,after_hours_ratio (z=0.67),2,1,1,0.5,9.0,26.0,26.0
KLH0596,2011-02-07,-0.003549060376072055,logon_count (z=12.02),2,1,1,0.5,9.0,26.0,26.0
SAA0999,2011-01-11,-0.003549060376072055,device_connects (z=0.56),2,1,1,0.5,9.0,26.0,26.0
BMG0917,2010-11-30,-0.003549060376072055,file_count (z=1.05),2,1,1,0.5,9.0,26.0,26.0
BMG0917,2010-12-16,-0.003549060376072055,file_count (z=1.05),2,1,1,0.5,9.0,26.0,26.0
WIF0691,2010-05-19,-0.003456962303347688,device_connects (z=-0.97),2,1,1,0.5,7.0,25.0,25.0
WIF0691,2010-04-30,-0.003456962303347688,device_connects (z=-0.97),2,1,1,0.5,7.0,25.0,25.0
WIF0691,2010-08-10,-0.003456962303347688,device_connects (z=-0.97),2,1,1,0.5,7.0,25.0,25.0
WIF0691,2010-05-21,-0.003456962303347688,device_connects (z=-0.97),2,1,1,0.5,7.0,25.0,25.0
WIF0691,2010-02-24,-0.003456962303347688,device_connects (z=-0.97),2,1,1,0.5,7.0,25.0,25.0
WIF0691,2010-01-05,-0.003456962303347688,device_connects (z=-0.97),2,1,1,0.5,7.0,25.0,25.0
DLM0051,2011-01-09,-0.003456962303347688,device_connects (z=-2.56),2,1,1,0.5,7.0,25.0,25.0
THR0873,2010-12-21,-0.003456962303347688,logon_count (z=3.75),2,1,1,0.5,7.0,25.0,25.0
WIF0691,2011-01-05,-0.003456962303347688,device_connects (z=-0.97),2,1,1,0.5,7.0,25.0,25.0
WIF0691,2011-01-27,-0.003456962303347688,device_connects (z=-0.97),2,1,1,0.5,7.0,25.0,25.0
SAA0999,2010-01-15,-0.003456962303347688,device_connects (z=-2.61),2,1,1,0.5,7.0,25.0,25.0
BMG0917,2010-01-25,-0.003456962303347688,device_connects (z=-1.51),2,1,1,0.5,7.0,25.0,25.0
BMG0917,2010-12-22,-0.003456962303347688,device_connects (z=-1.51),2,1,1,0.5,7.0,25.0,25.0
IBB0359,2010-06-11,-0.003374994442539858,file_count (z=-1.47),4,3,3,0.5,10.0,0.0,0.0
DCH0843,2011-01-27,-0.0033493231414520874,device_connects (z=9.14),2,2,1,1.5,6.0,9.0,9.0
BAL0044,2010-08-20,-0.00334187443025169,file_count (z=-1.22),5,4,4,1.2,3.0,0.0,0.0
BAL0044,2010-03-17,-0.00334187443025169,file_count (z=-1.22),5,4,4,1.2,3.0,0.0,0.0
AVM0947,2011-01-24,-0.0033146322629641345,logon_count (z=3.30),2,2,2,0.0,8.0,22.0,22.0
AVM0947,2010-11-10,-0.0033146322629641345,logon_count (z=3.30),2,2,2,0.0,8.0,22.0,22.0
MDM0625,2010-12-20,-0.0033146322629641345,logoff_count (z=2.14),2,2,2,0.0,8.0,22.0,22.0
MDM0625,2011-03-29,-0.0033146322629641345,logoff_count (z=2.14),2,2,2,0.0,8.0,22.0,22.0
AVM0947,2010-08-16,-0.0033146322629641345,logon_count (z=3.30),2,2,2,0.0,8.0,22.0,22.0
IBB0359,2010-07-29,-0.003297202928062015,after_hours_ratio (z=-2.34),3,3,3,0.0,10.0,4.0,4.0
EIS0041,2011-04-07,-0.0032797019541389583,logoff_count (z=-0.70),4,3,3,1.0,3.0,8.0,8.0
EIS0041,2011-02-08,-0.0032797019541389583,logoff_count (z=-0.70),4,3,3,1.0,3.0,8.0,8.0
EIS0041,2011-04-08,-0.0032797019541389583,logoff_count (z=-0.70),4,3,3,1.0,3.0,8.0,8.0
MOS0047,2010-05-18,-0.003219665159038043,after_hours_ratio (z=-1.11),4,3,3,0.5,4.0,9.0,9.0
HDS0367,2010-10-25,-0.003219665159038043,after_hours_ratio (z=-1.14),4,3,3,0.5,4.0,9.0,9.0
KCO0122,2011-01-25,-0.0031580877345258607,after_hours_ratio (z=4.66),1,2,1,2.0,3.0,9.0,9.0
CHM0821,2011-02-23,-0.003155379433729899,logon_count (z=3.56),4,3,2,0.75,2.0,11.0,11.0
BMG0917,2010-11-01,-0.0031417385846482793,device_connects (z=-2.50),2,1,1,0.5,6.0,25.0,25.0
EIS0041,2010-12-16,-0.0030957426280349143,after_hours_ratio (z=-1.09),4,3,3,0.5,2.0,10.0,10.0
CAS0507,2010-06-02,-0.0030662085379215,after_hours_ratio (z=3.79),3,1,1,0.3333333333333333,2.0,26.0,26.0
IBB0359,2011-04-14,-0.003026294374960381,after_hours_ratio (z=-2.34),3,2,2,0.0,10.0,9.0,9.0
WIF0691,2010-02-26,-0.0029963151222095474,device_connects (z=-2.06),2,1,1,0.5,6.0,26.0,26.0
WIF0691,2011-05-04,-0.0029963151222095474,device_connects (z=-2.06),2,1,1,0.5,6.0,26.0,26.0
HDS0367,2010-05-25,-0.0029955735135417383,file_count (z=-0.73),4,3,3,1.0,5.0,5.0,5.0
HDS0367,2011-02-25,-0.0029663556358009435,device_connects (z=-1.11),4,3,3,1.0,2.0,8.0,8.0
BAL0044,2010-07-27,-0.0029663556358009435,device_connects (z=-0.85),4,3,3,1.0,2.0,8.0,8.0
EIS0041,2011-01-17,-0.002944269305459657,logoff_count (z=-0.70),4,3,3,1.0,4.0,6.0,6.0
HRL0540,2010-05-20,-0.0028175676948259953,logoff_count (z=3.58),3,2,2,0.3333333333333333,9.0,10.0,10.0
RSC0089,2010-11-20,-0.0028175676948259953,file_count (z=3.12),3,2,2,0.3333333333333333,9.0,10.0,10.0
AIB0948,2011-03-29,-0.002787066758000667,logoff_count (z=2.92),3,3,3,0.0,10.0,3.0,3.0
HDS0367,2010-07-23,-0.002760872373039569,logoff_count (z=-1.39),3,2,2,0.6666666666666666,3.0,15.0,15.0
RSC0089,2011-04-11,-0.0026935220197999987,logon_count (z=4.00),5,3,3,0.2,7.0,1.0,1.0
ZKS0899,2010-05-20,-0.002651567946250988,logon_count (z=2.80),2,2,2,0.0,8.0,18.0,18.0
CCA0046,2010-04-05,-0.002620955926128321,device_connects (z=-1.04),3,3,3,0.6666666666666666,2.0,11.0,11.0
CCA0046,2010-06-07,-0.0026036811673258997,file_count (z=-0.94),4,4,4,1.0,3.0,2.0,2.0
BSS0369,2010-09-07,-0.0025610299674888592,logon_count (z=-1.39),2,2,2,1.0,10.0,5.0,5.0
IBB0359,2010-10-27,-0.0025610299674888592,logon_count (z=-1.80),2,2,2,1.0,10.0,5.0,5.0
BJM0111,2010-01-07,-0.0024463243490430164,logoff_count (z=2.35),2,2,1,0.0,7.0,27.0,27.0
HSB0196,2010-10-01,-0.0024463243490430164,logoff_count (z=4.89),2,2,1,0.0,7.0,27.0,27.0
JMD0520,2010-05-20,-0.002383683010829918,unique_pcs (z=4.80),4,3,3,0.25,2.0,11.0,11.0
IBB0359,2011-02-11,-0.00212115078854902,logoff_count (z=-1.37),3,2,2,0.6666666666666666,10.0,6.0,6.0
IBB0359,2011-02-14,-0.00212115078854902,logoff_count (z=-1.37),3,2,2,0.6666666666666666,10.0,6.0,6.0
IBB0359,2010-03-24,-0.0020834420437695345,logon_count (z=-1.80),2,3,2,1.5,10.0,0.0,0.0
XWD0923,2010-04-28,-0.001901254595365165,device_connects (z=-1.06),2,1,1,0.5,1.0,27.0,27.0
XWD0923,2010-07-02,-0.001901254595365165,device_connects (z=-1.06),2,1,1,0.5,1.0,27.0,27.0
XWD0923,2010-06-18,-0.001901254595365165,device_connects (z=-1.06),2,1,1,0.5,1.0,27.0,27.0
XWD0923,2010-09-22,-0.001901254595365165,device_connects (z=-1.06),2,1,1,0.5,1.0,27.0,27.0
XWD0923,2010-07-20,-0.001901254595365165,device_connects (z=-1.06),2,1,1,0.5,1.0,27.0,27.0
XWD0923,2010-07-23,-0.001901254595365165,device_connects (z=-1.06),2,1,1,0.5,1.0,27.0,27.0
XWD0923,2010-10-05,-0.001901254595365165,device_connects (z=-1.06),2,1,1,0.5,1.0,27.0,27.0
XWD0923,2010-02-24,-0.001901254595365165,device_connects (z=-1.06),2,1,1,0.5,1.0,27.0,27.0
SBN0866,2010-09-15,-0.001901254595365165,logon_count (z=3.38),2,1,1,0.5,1.0,27.0,27.0
XWD0923,2010-09-10,-0.001901254595365165,device_connects (z=-1.06),2,1,1,0.5,1.0,27.0,27.0
XWD0923,2010-02-12,-0.001901254595365165,device_connects (z=-1.06),2,1,1,0.5,1.0,27.0,27.0
XWD0923,2010-01-08,-0.001901254595365165,device_connects (z=-1.06),2,1,1,0.5,1.0,27.0,27.0
XWD0923,2010-12-07,-0.001901254595365165,device_connects (z=-1.06),2,1,1,0.5,1.0,27.0,27.0
XWD0923,2010-08-05,-0.001901254595365165,device_connects (z=-1.06),2,1,1,0.5,1.0,27.0,27.0
XWD0923,2010-01-21,-0.001901254595365165,device_connects (z=-1.06),2,1,1,0.5,1.0,27.0,27.0
XWD0923,2010-02-09,-0.001901254595365165,device_connects (z=-1.06),2,1,1,0.5,1.0,27.0,27.0
XWD0923,2010-12-27,-0.001901254595365165,device_connects (z=-1.06),2,1,1,0.5,1.0,27.0,27.0
XWD0923,2010-12-15,-0.001901254595365165,device_connects (z=-1.06),2,1,1,0.5,1.0,27.0,27.0
XWD0923,2010-09-08,-0.001901254595365165,device_connects (z=-1.06),2,1,1,0.5,1.0,27.0,27.0
XWD0923,2010-08-17,-0.001901254595365165,device_connects (z=-1.06),2,1,1,0.5,1.0,27.0,27.0
IBB0359,2010-08-05,-0.0018904517330616821,file_count (z=-1.31),4,3,3,0.5,9.0,1.0,1.0
WIF0691,2010-02-09,-0.001887639158532517,file_count (z=0.72),2,1,1,0.5,8.0,26.0,26.0
SAA0999,2011-03-22,-0.001887639158532517,device_connects (z=-1.03),2,1,1,0.5,8.0,26.0,26.0
SAA0999,2010-09-29,-0.001887639158532517,device_connects (z=-1.03),2,1,1,0.5,8.0,26.0,26.0
DLM0051,2010-09-10,-0.001887639158532517,device_connects (z=-1.02),2,1,1,0.5,8.0,26.0,26.0
BMG0917,2010-07-28,-0.001887639158532517,file_count (z=1.05),2,1,1,0.5,8.0,26.0,26.0
DLM0051,2010-08-24,-0.001887639158532517,device_connects (z=-1.02),2,1,1,0.5,8.0,26.0,26.0
BMG0917,2010-04-09,-0.001887639158532517,file_count (z=1.05),2,1,1,0.5,8.0,26.0,26.0
SAA0999,2011-03-02,-0.001887639158532517,device_connects (z=-1.03),2,1,1,0.5,8.0,26.0,26.0
SAA0999,2010-03-03,-0.001887639158532517,device_connects (z=-1.03),2,1,1,0.5,8.0,26.0,26.0
WIF0691,2011-02-04,-0.001887639158532517,file_count (z=0.72),2,1,1,0.5,8.0,26.0,26.0
DLM0051,2010-11-17,-0.001887639158532517,device_connects (z=-1.02),2,1,1,0.5,8.0,26.0,26.0
WIF0691,2010-09-10,-0.001887639158532517,file_count (z=0.72),2,1,1,0.5,8.0,26.0,26.0
WIF0691,2010-10-05,-0.001887639158532517,file_count (z=0.72),2,1,1,0.5,8.0,26.0,26.0
WIF0691,2011-02-24,-0.001887639158532517,file_count (z=0.72),2,1,1,0.5,8.0,26.0,26.0
WIF0691,2010-09-29,-0.001887639158532517,file_count (z=0.72),2,1,1,0.5,8.0,26.0,26.0
SAA0999,2010-10-06,-0.001887639158532517,device_connects (z=-1.03),2,1,1,0.5,8.0,26.0,26.0
SAA0999,2010-11-03,-0.001887639158532517,device_connects (z=-1.03),2,1,1,0.5,8.0,26.0,26.0
SAA0999,2010-01-12,-0.001887639158532517,device_connects (z=-1.03),2,1,1,0.5,8.0,26.0,26.0
WIF0691,2011-01-21,-0.001887639158532517,file_count (z=0.72),2,1,1,0.5,8.0,26.0,26.0
BMG0917,2011-01-18,-0.001887639158532517,file_count (z=1.05),2,1,1,0.5,8.0,26.0,26.0
BMG0917,2010-06-04,-0.001887639158532517,file_count (z=1.05),2,1,1,0.5,8.0,26.0,26.0
BMG0917,2010-08-27,-0.001887639158532517,file_count (z=1.05),2,1,1,0.5,8.0,26.0,26.0
NAF0326,2010-07-01,-0.0018670200700754425,logon_count (z=3.69),4,3,3,0.0,3.0,11.0,11.0
SAA0999,2010-01-14,-0.0018034081805820001,file_count (z=-4.11),1,1,1,1.0,8.0,13.0,13.0
RSC0089,2011-04-29,-0.0017530279982618246,unique_pcs (z=3.24),4,3,3,0.0,8.0,3.0,3.0
BAL0044,2010-03-30,-0.0017037226955295415,after_hours_ratio (z=-1.05),4,4,4,0.5,2.0,4.0,4.0
CCA0046,2010-04-29,-0.0017037226955295415,after_hours_ratio (z=-1.45),4,4,4,0.5,2.0,4.0,4.0
KMB0922,2010-01-06,-0.0016776834843058586,unique_pcs (z=4.53),4,3,3,1.0,1.0,9.0,9.0
BAL0044,2010-01-13,-0.001575073603585997,logoff_count (z=-1.47),3,2,2,0.6666666666666666,2.0,14.0,14.0
DFH0188,2010-09-14,-0.0015683909688026798,logoff_count (z=1.75),2,2,2,0.0,2.0,24.0,24.0
DFH0188,2010-03-01,-0.0015683909688026798,logoff_count (z=1.75),2,2,2,0.0,2.0,24.0,24.0
ILH0958,2010-09-28,-0.0015683909688026798,device_connects (z=2.37),2,2,2,0.0,2.0,24.0,24.0
DFH0188,2011-03-17,-0.0015683909688026798,logoff_count (z=1.75),2,2,2,0.0,2.0,24.0,24.0
CAS0507,2010-04-16,-0.0015683909688026798,unique_pcs (z=1.47),2,2,2,0.0,2.0,21.0,21.0
CAS0507,2010-02-23,-0.0015683909688026798,unique_pcs (z=1.47),2,2,2,0.0,2.0,24.0,24.0
CAS0507,2010-03-18,-0.0015683909688026798,unique_pcs (z=1.47),2,2,2,0.0,2.0,24.0,24.0
TDS0984,2010-04-26,-0.0015683909688026798,device_connects (z=2.52),2,2,2,0.0,2.0,24.0,24.0
HRL0540,2010-11-05,-0.0015540698266489628,logoff_count (z=3.58),2,2,2,1.5,6.0,6.0,6.0
JAV0361,2010-06-04,-0.0013708681091177954,after_hours_ratio (z=-1.24),5,5,5,0.6,0.0,0.0,0.0
JAV0361,2011-02-02,-0.0013708681091177954,after_hours_ratio (z=-1.24),5,5,5,0.6,0.0,0.0,0.0
QNP0216,2010-04-06,-0.0013708681091177954,after_hours_ratio (z=-1.07),5,5,5,0.6,0.0,0.0,0.0
MSO0222,2010-06-18,-0.0013708681091177954,after_hours_ratio (z=-1.25),5,5,5,0.6,0.0,0.0,0.0
MNS0224,2011-05-04,-0.0013708681091177954,after_hours_ratio (z=-1.20),5,5,5,0.6,0.0,0.0,0.0
MNS0224,2010-06-17,-0.0013708681091177954,after_hours_ratio (z=-1.20),5,5,5,0.6,0.0,0.0,0.0
MSO0222,2010-11-05,-0.0013708681091177954,after_hours_ratio (z=-1.25),5,5,5,0.6,0.0,0.0,0.0
DFR0218,2010-12-15,-0.0013708681091177954,after_hours_ratio (z=-1.10),5,5,5,0.6,0.0,0.0,0.0
TSM0363,2010-08-26,-0.0013708681091177954,after_hours_ratio (z=-1.12),5,5,5,0.6,0.0,0.0,0.0
DFR0218,2011-04-13,-0.0013708681091177954,after_hours_ratio (z=-1.10),5,5,5,0.6,0.0,0.0,0.0
KCF0045,2011-03-11,-0.0013708681091177954,after_hours_ratio (z=-0.98),5,5,5,0.6,0.0,0.0,0.0
TSM0363,2010-03-09,-0.0013708681091177954,after_hours_ratio (z=-1.12),5,5,5,0.6,0.0,0.0,0.0
UIR0043,2011-01-28,-0.0013708681091177954,after_hours_ratio (z=-1.20),5,5,5,0.6,0.0,0.0,0.0
WPR0368,2010-06-13,-0.0013708681091177954,after_hours_ratio (z=-1.00),5,5,5,0.6,0.0,0.0,0.0
WPR0368,2010-04-24,-0.0013708681091177954,after_hours_ratio (z=-1.00),5,5,5,0.6,0.0,0.0,0.0
KRV0372,2010-08-20,-0.0013708681091177954,after_hours_ratio (z=-1.29),5,5,5,0.6,0.0,0.0,0.0
KRV0372,2010-10-07,-0.0013708681091177954,after_hours_ratio (z=-1.29),5,5,5,0.6,0.0,0.0,0.0
ESJ0670,2011-03-04,-0.001331474068805072,logon_count (z=3.11),2,2,2,0.0,2.0,23.0,23.0
EIS0041,2010-11-22,-0.0009347917170254849,logon_count (z=-1.89),2,2,2,1.0,2.0,13.0,13.0
MYD0978,2010-12-08,-0.0008889891495900137,file_count (z=15.81),2,2,1,1.0,4.0,15.0,15.0
BIH0745,2010-07-08,-0.0008889891495900137,device_connects (z=8.03),2,2,1,1.0,4.0,15.0,15.0
SAA0999,2010-08-05,-0.0008482645552679857,device_connects (z=0.56),2,1,1,0.5,9.0,25.0,25.0
SAA0999,2010-06-17,-0.0008482645552679857,device_connects (z=0.56),2,1,1,0.5,9.0,25.0,25.0
DLM0051,2010-07-08,-0.0008482645552679857,after_hours_ratio (z=0.67),2,1,1,0.5,9.0,25.0,25.0
SAA0999,2010-10-26,-0.0008482645552679857,device_connects (z=0.56),2,1,1,0.5,9.0,25.0,25.0
BMG0917,2010-02-15,-0.0008482645552679857,file_count (z=0.78),2,1,1,0.5,9.0,25.0,25.0
BMG0917,2010-10-25,-0.0008482645552679857,file_count (z=0.78),2,1,1,0.5,9.0,25.0,25.0
BMG0917,2010-09-16,-0.0008482645552679857,file_count (z=0.78),2,1,1,0.5,9.0,25.0,25.0
SAA0999,2011-02-22,-0.0008482645552679857,device_connects (z=0.56),2,1,1,0.5,9.0,25.0,25.0
BMG0917,2010-10-04,-0.0008482645552679857,file_count (z=0.78),2,1,1,0.5,9.0,25.0,25.0
BMG0917,2010-10-08,-0.0008482645552679857,file_count (z=0.78),2,1,1,0.5,9.0,25.0,25.0
CLB0774,2010-09-07,-0.0008482645552679857,logon_count (z=1.83),2,1,1,0.5,9.0,25.0,25.0
DLM0051,2010-01-20,-0.0008482645552679857,after_hours_ratio (z=0.67),2,1,1,0.5,9.0,25.0,25.0
DLM0051,2011-04-17,-0.0008482645552679857,after_hours_ratio (z=0.67),2,1,1,0.5,9.0,25.0,25.0
BMG0917,2011-01-26,-0.0008482645552679857,file_count (z=0.78),2,1,1,0.5,9.0,25.0,25.0
BMG0917,2011-04-28,-0.0008482645552679857,file_count (z=0.78),2,1,1,0.5,9.0,25.0,25.0
BMG0917,2010-03-05,-0.0008482645552679857,file_count (z=0.78),2,1,1,0.5,9.0,25.0,25.0
BMG0917,2010-02-26,-0.0008482645552679857,file_count (z=0.78),2,1,1,0.5,9.0,25.0,25.0
BMG0917,2010-11-03,-0.0008482645552679857,file_count (z=0.78),2,1,1,0.5,9.0,25.0,25.0
SAA0999,2010-11-30,-0.0008482645552679857,device_connects (z=0.56),2,1,1,0.5,9.0,25.0,25.0
DLM0051,2010-04-16,-0.0008482645552679857,after_hours_ratio (z=0.67),2,1,1,0.5,9.0,25.0,25.0
BJM0111,2010-06-23,-0.0008482645552679857,logon_count (z=2.22),2,1,1,0.5,9.0,25.0,25.0
BMG0917,2010-03-10,-0.0008482645552679857,file_count (z=0.78),2,1,1,0.5,9.0,25.0,25.0
HSB0196,2010-08-30,-0.0008482645552679857,logon_count (z=4.65),2,1,1,0.5,9.0,25.0,25.0
SAA0999,2010-08-30,-0.0008482645552679857,device_connects (z=0.56),2,1,1,0.5,9.0,25.0,25.0
SAA0999,2010-07-27,-0.0008482645552679857,device_connects (z=0.56),2,1,1,0.5,9.0,25.0,25.0
SAA0999,2010-08-17,-0.0008482645552679857,device_connects (z=0.56),2,1,1,0.5,9.0,25.0,25.0
WIF0691,2010-03-15,-0.0008482645552679857,device_connects (z=1.20),2,1,1,0.5,9.0,25.0,25.0
DLM0051,2010-09-19,-0.0008482645552679857,after_hours_ratio (z=0.67),2,1,1,0.5,9.0,25.0,25.0
WIF0691,2010-11-23,-0.0008482645552679857,device_connects (z=1.20),2,1,1,0.5,9.0,25.0,25.0
WIF0691,2010-04-01,-0.0008482645552679857,device_connects (z=1.20),2,1,1,0.5,9.0,25.0,25.0
WIF0691,2011-01-24,-0.0008482645552679857,device_connects (z=1.20),2,1,1,0.5,9.0,25.0,25.0
WIF0691,2011-03-16,-0.0008482645552679857,device_connects (z=1.20),2,1,1,0.5,9.0,25.0,25.0
SAA0999,2010-04-30,-0.0008482645552679857,device_connects (z=0.56),2,1,1,0.5,9.0,25.0,25.0
WIF0691,2011-03-25,-0.0008482645552679857,device_connects (z=1.20),2,1,1,0.5,9.0,25.0,25.0
DLM0051,2010-12-30,-0.0008482645552679857,after_hours_ratio (z=0.67),2,1,1,0.5,9.0,25.0,25.0
SAA0999,2011-05-11,-0.0008482645552679857,device_connects (z=0.56),2,1,1,0.5,9.0,25.0,25.0
DLM0051,2011-04-04,-0.0008482645552679857,after_hours_ratio (z=0.67),2,1,1,0.5,9.0,25.0,25.0
BMG0917,2011-04-13,-0.0008482645552679857,file_count (z=0.78),2,1,1,0.5,9.0,25.0,25.0
BMG0917,2011-05-11,-0.0008482645552679857,file_count (z=0.78),2,1,1,0.5,9.0,25.0,25.0
BMG0917,2011-03-22,-0.0008482645552679857,file_count (z=0.78),2,1,1,0.5,9.0,25.0,25.0
SAA0999,2011-02-18,-0.0008482645552679857,device_connects (z=0.56),2,1,1,0.5,9.0,25.0,25.0
BMG0917,2010-09-30,-0.0008482645552679857,file_count (z=0.78),2,1,1,0.5,9.0,25.0,25.0
BMG0917,2011-05-12,-0.0008482645552679857,file_count (z=0.78),2,1,1,0.5,9.0,25.0,25.0
SAA0999,2010-11-17,-0.0008482645552679857,device_connects (z=0.56),2,1,1,0.5,9.0,25.0,25.0
SAA0999,2011-01-18,-0.0008482645552679857,device_connects (z=0.56),2,1,1,0.5,9.0,25.0,25.0
SAA0999,2010-04-07,-0.0008482645552679857,device_connects (z=0.56),2,1,1,0.5,9.0,25.0,25.0
WIF0691,2011-04-15,-0.0008482645552679857,device_connects (z=1.20),2,1,1,0.5,9.0,25.0,25.0
SAA0999,2010-06-09,-0.0008482645552679857,device_connects (z=0.56),2,1,1,0.5,9.0,25.0,25.0
SAA0999,2010-06-28,-0.0008482645552679857,device_connects (z=0.56),2,1,1,0.5,9.0,25.0,25.0
SAA0999,2010-07-21,-0.0008482645552679857,device_connects (z=0.56),2,1,1,0.5,9.0,25.0,25.0
DLM0051,2011-03-13,-0.0008482645552679857,after_hours_ratio (z=0.67),2,1,1,0.5,9.0,25.0,25.0
SAA0999,2010-02-01,-0.0008482645552679857,device_connects (z=0.56),2,1,1,0.5,9.0,25.0,25.0
DLM0051,2011-01-29,-0.0008482645552679857,after_hours_ratio (z=0.67),2,1,1,0.5,9.0,25.0,25.0
DLM0051,2011-02-05,-0.0008482645552679857,after_hours_ratio (z=0.67),2,1,1,0.5,9.0,25.0,25.0
SAA0999,2011-03-21,-0.0008482645552679857,device_connects (z=0.56),2,1,1,0.5,9.0,25.0,25.0
SAA0999,2010-05-24,-0.0007991737351404904,device_connects (z=-1.03),2,1,1,0.5,8.0,25.0,25.0
DLM0051,2010-05-25,-0.0007991737351404904,device_connects (z=-1.02),2,1,1,0.5,8.0,25.0,25.0
SAA0999,2010-06-11,-0.0007991737351404904,device_connects (z=-1.03),2,1,1,0.5,8.0,25.0,25.0
WIF0691,2011-02-10,-0.0007991737351404904,logon_count (z=0.50),2,1,1,0.5,8.0,25.0,25.0
WIF0691,2011-02-11,-0.0007991737351404904,logon_count (z=0.50),2,1,1,0.5,8.0,25.0,25.0
SAA0999,2010-05-28,-0.0007991737351404904,device_connects (z=-1.03),2,1,1,0.5,8.0,25.0,25.0
SAA0999,2010-12-22,-0.0007991737351404904,device_connects (z=-1.03),2,1,1,0.5,8.0,25.0,25.0
BMG0917,2010-04-22,-0.0007991737351404904,file_count (z=0.78),2,1,1,0.5,8.0,25.0,25.0
BMG0917,2010-01-21,-0.0007991737351404904,file_count (z=0.78),2,1,1,0.5,8.0,25.0,25.0
BJM0111,2010-08-04,-0.0007991737351404904,logon_count (z=2.22),2,1,1,0.5,8.0,25.0,25.0
SAA0999,2011-03-10,-0.0007991737351404904,device_connects (z=-1.03),2,1,1,0.5,8.0,25.0,25.0
BMG0917,2011-03-18,-0.0007991737351404904,file_count (z=0.78),2,1,1,0.5,8.0,25.0,25.0
BMG0917,2011-03-21,-0.0007991737351404904,file_count (z=0.78),2,1,1,0.5,8.0,25.0,25.0
BMG0917,2010-12-29,-0.0007991737351404904,file_count (z=0.78),2,1,1,0.5,8.0,25.0,25.0
SAA0999,2011-04-08,-0.0007991737351404904,device_connects (z=-1.03),2,1,1,0.5,8.0,25.0,25.0
DLM0051,2011-03-03,-0.0007991737351404904,device_connects (z=-1.02),2,1,1,0.5,8.0,25.0,25.0
DLM0051,2010-02-24,-0.0007991737351404904,device_connects (z=-1.02),2,1,1,0.5,8.0,25.0,25.0
WIF0691,2011-04-29,-0.0007991737351404904,logon_count (z=0.50),2,1,1,0.5,8.0,25.0,25.0
SAA0999,2010-04-22,-0.0007991737351404904,device_connects (z=-1.03),2,1,1,0.5,8.0,25.0,25.0
WIF0691,2010-01-19,-0.0007991737351404904,logon_count (z=0.50),2,1,1,0.5,8.0,25.0,25.0
WIF0691,2010-01-12,-0.0007991737351404904,logon_count (z=0.50),2,1,1,0.5,8.0,25.0,25.0
WIF0691,2010-12-02,-0.0007991737351404904,logon_count (z=0.50),2,1,1,0.5,8.0,25.0,25.0
WIF0691,2011-05-02,-0.0007991737351404904,logon_count (z=0.50),2,1,1,0.5,8.0,25.0,25.0
SAA0999,2010-08-16,-0.0007991737351404904,device_connects (z=-1.03),2,1,1,0.5,8.0,25.0,25.0
WIF0691,2010-11-15,-0.0007991737351404904,logon_count (z=0.50),2,1,1,0.5,8.0,25.0,25.0
WIF0691,2010-09-28,-0.0007991737351404904,logon_count (z=0.50),2,1,1,0.5,8.0,25.0,25.0
WIF0691,2010-08-30,-0.0007991737351404904,logon_count (z=0.50),2,1,1,0.5,8.0,25.0,25.0
BRM0995,2010-09-15,-0.0007986330476987824,after_hours_ratio (z=3.53),2,2,2,1.5,9.0,2.0,2.0
SAA0999,2010-03-15,-0.000660668886893534,device_connects (z=2.15),2,1,1,0.5,10.0,24.0,24.0
SAA0999,2011-05-02,-0.000660668886893534,device_connects (z=2.15),2,1,1,0.5,10.0,24.0,24.0
DLM0051,2011-04-21,-0.000660668886893534,device_connects (z=2.07),2,1,1,0.5,10.0,24.0,24.0
CCA0046,2010-06-17,-0.0006236045317339345,file_count (z=-1.08),4,4,4,1.0,4.0,1.0,1.0
IBB0359,2011-02-03,-0.000623082133642372,device_connects (z=-1.23),3,3,3,0.6666666666666666,9.0,2.0,2.0
BAJ0654,2010-04-26,-0.000578289143334132,device_connects (z=2.55),1,1,1,1.0,2.0,17.0,17.0
JTM0223,2010-03-24,-0.00041866959301062323,after_hours_ratio (z=-2.40),5,5,5,0.0,0.0,0.0,0.0
JCC0225,2011-04-08,-0.00041866959301062323,after_hours_ratio (z=-2.70),5,5,5,0.0,0.0,0.0,0.0
DFR0218,2010-12-17,-0.00041866959301062323,after_hours_ratio (z=-2.55),5,5,5,0.0,0.0,0.0,0.0
WPR0368,2010-08-15,-0.00041866959301062323,after_hours_ratio (z=-2.36),5,5,5,0.0,0.0,0.0,0.0
CBB0365,2011-02-07,-0.00041866959301062323,after_hours_ratio (z=-2.36),5,5,5,0.0,0.0,0.0,0.0
CBB0365,2010-11-10,-0.00041866959301062323,after_hours_ratio (z=-2.36),5,5,5,0.0,0.0,0.0,0.0
CAS0507,2010-12-13,-0.0003846075359298373,unique_pcs (z=1.47),2,2,2,0.0,2.0,22.0,22.0
CAS0507,2010-05-27,-0.0003846075359298373,unique_pcs (z=1.47),2,2,2,0.0,2.0,22.0,22.0
DFH0188,2010-10-28,-0.0003846075359298373,logoff_count (z=1.75),2,2,2,0.0,2.0,22.0,22.0
PAD0773,2010-12-14,-0.0003846075359298373,device_connects (z=2.66),2,2,2,0.0,2.0,22.0,22.0
BMG0917,2011-02-25,-0.0003773106316358188,device_connects (z=1.43),2,1,1,0.5,10.0,21.0,21.0
CLB0774,2011-03-15,-0.0003773106316358188,logon_count (z=1.83),2,1,1,0.5,10.0,21.0,21.0
HDS0367,2010-09-01,-0.0003225994587559011,logoff_count (z=-0.69),4,3,3,1.0,3.0,7.0,7.0
HDS0367,2010-11-24,-0.0003225994587559011,logoff_count (z=-0.69),4,3,3,1.0,3.0,7.0,7.0
TDS0984,2010-09-08,-0.0002940937827110579,device_connects (z=4.10),2,2,2,0.0,3.0,24.0,24.0
BRM0995,2010-04-12,-0.00015011486825367015,after_hours_ratio (z=3.53),2,2,2,1.5,9.0,3.0,3.0
BRM0995,2010-08-04,-0.00015011486825367015,after_hours_ratio (z=3.53),2,2,2,1.5,9.0,3.0,3.0
BAJ0654,2011-03-28,-0.00014848043876514172,device_connects (z=0.95),1,1,1,1.0,1.0,19.0,19.0
BAJ0654,2010-08-20,-0.00014848043876514172,device_connects (z=0.95),1,1,1,1.0,1.0,19.0,19.0
AIB0948,2011-03-18,-0.00014758731327735308,file_count (z=2.10),3,2,2,0.0,9.0,11.0,11.0
KKW0879,2010-03-13,-0.00013215251978604403,after_hours_ratio (z=3.59),1,2,1,1.0,9.0,8.0,8.0
KKW0879,2010-02-19,-0.00013215251978604403,after_hours_ratio (z=3.59),1,2,1,1.0,9.0,8.0,8.0
CAS0507,2010-04-30,-5.760789582376358e-05,device_connects (z=2.10),2,2,2,0.0,3.0,23.0,23.0
ATP0662,2010-03-30,-3.105463582542267e-05,file_count (z=2.77),2,2,1,1.5,1.0,13.0,13.0
AIB0948,2010-06-21,-2.172392339439e-05,logoff_count (z=2.92),3,3,3,0.0,9.0,5.0,5.0
RSC0089,2010-03-22,-2.172392339439e-05,unique_pcs (z=3.24),3,3,3,0.0,9.0,5.0,5.0
AIB0948,2010-07-02,-2.172392339439e-05,logoff_count (z=2.92),3,3,3,0.0,9.0,5.0,5.0
RSC0089,2010-04-08,-2.172392339439e-05,unique_pcs (z=3.24),3,3,3,0.0,9.0,5.0,5.0
